0000001000011000101000111001001011001101110110101011110100111111
0000001000011000101000111111001001011011101100110101011110100111
0000001000011000101001001101111010001110010111011010101100111111
0000001000011000101001001101111011010101100101110100011100111111
0000001000011000101001001101111110101011101101000111001011001111
0000001000011000101001001111010001110010110011011101101010111111
0000001000011000101001001111110101011001101110110100011100101111
0000001000011000101001001111110110100011100110111010101100101111
0000001000011000101001011010001110010011011111101010111011001111
0000001000011000101001011010001110011011101010111111011001001111
0000001000011000101001011010101110100011100111101100100110111111
0000001000011000101001011010101110110011110100011100100110111111
0000001000011000101001011101010110100011100111111011001001101111
0000001000011000101001011101100111111010101101000111001001101111
0000001000011000101001101000111001001011011111101010111011001111
0000001000011000101001101000111001001011101100111111010101101111
0000001000011000101001101000111001111110110010010111010101101111
0000001000011000101001101010110111101000111001001011101100111111
0000001000011000101001101010110111101100100101110100011100111111
0000001000011000101001101010111010001110011110110010010110111111
0000001000011000101001101010111011001111010001110010010110111111
0000001000011000101001110010010110111011001101010111101000111111
0000001000011000101001111001001011011101100110101011111101000111
0000001000011000101001111010001110010010110011010101110110111111
0000001000011000101001111011001001011011101000111001101010111111
0000001000011000101001111011001101010111111001001011011101000111
0000001000011000101001111011011111100100101100110101011101000111
0000001000011000101001111011101010111111001001011011001101000111
0000001000011000101001111110010010110110011010001110101011110111
0000001000011000101001111110101011011101100110100011100100101111
0000001000011000101010001110100111111001001011110110011010110111
0000001000011000101010001110101101100110100111111001001011110111
0000001000011000101010001110110011010110111001001011110100111111
0000001000011000101010001110111001001011110101101100110100111111
0000001000011000101011001011100111111011010001110101001001101111
0000001000011000101011001101010011110100011100100101110110111111
0000001000011000101011001101010011110110111111001001011101000111
0000001000011000101011001101110010111101000111011010100100111111
0000001000011000101011010001110101001011100111111011001001101111
0000001000011000101011010001110110011011100100111111010100101111
0000001000011000101011010001110110011111101010010111001001101111
0000001000011000101011010100101110010011011110100011101100111111
0000001000011000101011010100101111010001110110011011100100111111
0000001000011000101011011001101000111010100111111001001011110111
0000001000011000101011011001101000111011100100101111010100111111
0000001000011000101011011100110100011101010011111101100100101111
0000001000011000101011011101100110101001111010001110010010111111
0000001000011000101011100100101101111110101001101000111011001111
0000001000011000101011100100110111111010100101101000111011001111
0000001000011000101011100101100111101000111011010100100110111111
0000001000011000101011111101010010110100011101100110111001001111
0000001000011000101011111101100100101101110011010001110101001111
0000001000011000101100110111011010101111010011100100101000111111
0000001000011000101100110111011010101111110100011100100101001111
0000001000011000101100110111011010101111110100111100100101000111
0000001000011000101101110110011010101111110100011110010010100111
0000001000011000111001001011010101111010001010011011101100111111
0000001000011000111001001011011101100111101000101001101010111111
0000001000011000111001001101010110111011001111010001010010111111
0000001000011000111001101110110010010100111101000101101010111111
0000001000011000111001101110110101011111101000101100100101001111
0000001000011000111010001010100100110111101101011001011100111111
0000001000011000111010001010100101101011100111101100100110111111
0000001000011000111010001010100110101101111011001001011100111111
0000001000011000111010001010100110101110011110110010010110111111
0000001000011000111010001010100111101100100101101110011010111111
0000001000011000111010110010111001111110110100010101001001101111
0000001000011000111010110100010101001011100111111011001001101111
0000001000011000111010110111001101000101010011111101100100101111
0000001000011000111010111111011001001011011100110100010101001111
0000001000011000111011001101000101010011111101011011100100101111
0000001000011000111011001101011011100100101111010001010100111111
0000001000011000111011001101110010011110100010101001011010111111
0000001000011000111011001101110010011111101011010001010100101111
0000001000011000111011001111010001010100101101011100100110111111
0000001000011000111011001111010001010100110101110010010110111111
0000001000011000111011001111110101101000101010010111001001101111
0000001000011000111011010001010100100110111111010111001011001111
0000001000011000111011010001010100100111111010110011011100101111
0000001000011000111011010110011011100101111010001010100100111111
0000001000011000111011010111001011001111010001010100100110111111
0000001000011000111100100101001101010111111010001011011101100111
0000001000011000111101000101101110110011100100101001101010111111
0000001000011000111111001101110110010010100010110101011110100111
0000001000011000111111010001011001001010011100110111011010101111
0000001000011000111111010001011010101111001001010011011101100111
0000001000011000111111010010100010111100100110111011010101100111
0000001000011000111111010011011101101010111100100101000101100111
0000001000011001001010001011000111111010011011010101111001110111
0000001000011001001010001111110101011110011011010011101110001011
0000001000011001001010011010101111110100010110110001111001110111
0000001000011001001010011011000111111010001011010101111001110111
0000001000011001001010011101110001011010001111110101011110011011
0000001000011001001010011101110011010001111010101111110001011011
0000001000011001001010011101110011011000101101010111101000111111
0000001000011001001011000101000111011100110110101011110100111111
0000001000011001001011010001110001010011110111010101111110011011
0000001000011001001011010001110101011110111000101001111110011011
0000001000011001001011010001110111000101001111110101011110011011
0000001000011001001011010101111001101100010100111111010001110111
0000001000011001001011010101111001111110100010100110110001110111
0000001000011001001011010101111010001010011011000111011100111111
0000001000011001001011010101111010001110111001101100010100111111
0000001000011001001011010101111110001010011110100011100110111011
0000001000011001001011010101111110011011101000111000101001111011
0000001000011001001011011000101001111001101010111111010001110111
0000001000011001001011011000101001111010001110111001101010111111
0000001000011001001011011000111011100111101000101001101010111111
0000001000011001001011100010101000111010011111100110111101101011
0000001000011001001011100110110100011101111010100111111000101011
0000001000011001001011100110110100111111000101010001110111101011
0000001000011001001011100110111101000111011010100111111000101011
0000001000011001001011100110111101001111110001010100011101101011
0000001000011001001011101010011110111111001101101000111000101011
0000001000011001001011101101010011110100011100110111111000101011
0000001000011001001011101111110001010100011100110110100111101011
0000001000011001001011110101001111110001010110100011101110011011
0000001000011001001011110101101001111110001010100011101110011011
0000001000011001001011110111000101010001110101101001111110011011
0000001000011001001011110111000101011010001110101001111110011011
0000001000011001001011111100010101101010011110100011100110111011
0000001000011001001011111100110111010001110001010110101001111011
0000001000011001001101000101001011111100011101110011110101011011
0000001000011001001101010110110001110111001111010001010010111111
0000001000011001001101101001010001011110011101110001111110101011
0000001000011001001101101010110001111110100101000101111001110111
0000001000011001001110111000101111001101101001010001111110101011
0000001000011001001110111001101101001010001111110001011110101011
0000001000011001001110111001101101010110001011110100101000111111
0000001000011001001111001101000111011100010100101111110101011011
0000001000011001001111001101010110110001010010111111010001110111
0000001000011001001111010001110111001101010110110001010010111111
0000001000011001001111110001010001110111001101101001011110101011
0000001000011001001111110001010010111101010110100011101110011011
0000001000011001001111110100101111001101101010110001010001110111
0000001000011001001111110101011010001110111000101001011110011011
0000001000011001101000111101010111111000101101110010010100111011
0000001000011001101001010001111001001110110111000101111110101011
0000001000011001101001011111100010100011101101110010011110101011
0000001000011001101001110110111001001010001111010101111110001011
0000001000011001101001111010101111110001010001110110111001001011
0000001000011001101010110001010001110110111001001111010010111111
0000001000011001101010110001011111101001010001111001001110110111
0000001000011001101010110111001001111010001110110001010010111111
0000001000011001101010111111010001110110001010011110010010110111
0000001000011001101010111111010001111001001010011101100010110111
0000001000011001101010111111010011110010010110001010001110110111
0000001000011001101100010100111101110101011111100100101101000111
0000001000011001101100010100111111001001011010001110101011110111
0000001000011001101100010101000111010110100111111001001011110111
0000001000011001101100010101000111011100100101111010110100111111
0000001000011001101100010101101000111010100111111001001011110111
0000001000011001101100010101101000111011100100101111010100111111
0000001000011001101101000111001001011000101001111010101110111111
0000001000011001101101000111011110101011100100101100010100111111
0000001000011001101101001111010110001010100011100100101110111111
0000001000011001101101001111011111100100101110101100010101000111
0000001000011001101110001010001110110100101111001001111110101011
0000001000011001101110001010001110110100111111010101111001001011
0000001000011001101110001010010111100100111111010101101000111011
0000001000011001101110001010011111101010111100100101101000111011
0000001000011001101110001011010001111110101011110010010100111011
0000001000011001101110001011110010011101101001010001111110101011
0000001000011001101110010010100111011000101101010111101000111111
0000001000011001101110010010110001010001110110101011110100111111
0000001000011001101110010010111101000111011000101011010100111111
0000001000011001101110010011101101001010001111110001011110101011
0000001000011001101110010011101101010110001011110100101000111111
0000001000011001101110010011111100010100011101101001011110101011
0000001000011001101110010011111100010100101111010101101000111011
0000001000011001101110110001010011110100011100100101101010111111
0000001000011001101110110001010110101001111010001110010010111111
0000001000011001101111010001110110101011100100101100010100111111
0000001000011001101111011010110001010100011101001111110010010111
0000001000011001101111110010010110001010011110110101011101000111
0000001000011001101111110010010111010011110110101100010101000111
0000001000011001110110001111001001010011010101111110100010110111
0000001000011001110110001111010001011011100100101001101010111111
0000001000011001110110001111110100010110101011110010010100110111
0000001000011001110110100101000101111001001101110001111110101011
0000001000011001110110100110111000111111010101111001001010001011
0000001000011001110110101011000111111010010100010111100100110111
0000001000011001110110101011110010010100010110001111110100110111
0000001000011001110110101011110100110111001001010001011000111111
0000001000011001110110111000111100100110100101000101111110101011
0000001000011001110110111001001010001011000111101001101010111111
0000001000011001110110111001001101001010001011111100011110101011
0000001000011001110110111001001101010110001111010010100010111111
0000001000011001111001001101000101001011111101010110111000111011
0000001000011001111010101101110010011010001010010111111000111011
0000001000011001111110101011010001010010111100100110111000111011
0000001000011001111110101011110010010110100010100110111000111011
0000001000011010001111011101010011100010101101100100101111110011
0000001000011010001111011101010111111001001011011001100010100111
0000001000011010001111110001010110110010010111101010011101110011
0000001000011010001111110010010110110011000101001110101011110111
0000001000011010011100010101000111101110101101100100101111110011
0000001000011010011101011011001001011110111000101010001111110011
0000001000011010011101011011001100010101000111111001001011110111
0000001000011010011101110010010111101011011001100010101000111111
0000001000011010100111000101011001001011101000111101101111110011
0000001000011010100111000101011011101000111101100100101111110011
0000001000011010100111010001111110010010111101100110001010110111
0000001000011010100111011001001011110100011111100010101101110011
0000001000011010100111011001100010101101110010010111101000111111
0000001000011010100111011011110100011111100010101100100101110011
0000001000011010101110010010110011000101001110110111101000111111
0000001000011010101110100011110110111111001001011001100010100111
0000001000011010101111001001011001100010100011111101001110110111
0000001000011010101111010001010011101100100101101110011000111111
0000001000011010101111010001111110001010011101100100101101110011
0000001000011010101111010011000101000111111001001011011001110111
0000001000011010101111010011101100110001010001111110010010110111
0000001000011010101111011001001011011100010100111010001111110011
0000001000011010101111011001100010100111010001111110010010110111
0000001000011010101111110010010110110011110100110001010001110111
0000001000011010101111110010010110111010001111011001100010100111
0000001000011010101111110100011101101110010010110011000101001111
0000001000011010101111110100111100100101100110001010001110110111
0000001000011010110010010111010011100010101000111101101111110011
0000001000011010110010010111011011111100010101000111101001110011
0000001000011010110011000101010001111010011100100101110110111111
0000001000011010110011000101010001111011011111100100101110100111
0000001000011010110111001001011110100111011001100010101000111111
0000001000011010110111010011100010101000111101100100101111110011
0000001000011010110111011001001011111100010101000111101001110011
0000001000011010110111011001100010101000111101001110010010111111
0000001000011011001001010001011010101111010011000111111001110111
0000001000011011001001010001011010101111110011110100110001110111
0000001000011011001001010011000111011100111101000101101010111111
0000001000011011001110111001001010011000101101010111101000111111
0000001000011011001111010001110111001001010011000101101010111111
0000001000011011001111010011000101101010111111001001010001110111
0000001000011011010001111010100111001100100101110111111000101011
0000001000011011010001111010101110111111000101001110011001001011
0000001000011011010001111011111100110010010111010100111000101011
0000001000011011010001111110001010011101111010101110011001001011
0000001000011011010011100010101000111101111110011001001011101011
0000001000011011010011100110010010111011111100010101000111101011
0000001000011011010101111001001010001111110100110001011001110111
0000001000011011010101111110100010110010010100110001110111001111
0000001000011011010101111110100011101110010010100110001011001111
0000001000011011010101111110100110001011001111001001010001110111
0000001000011011100010100111010001111110011001001011010101111011
0000001000011011100010101101010011101000111111001100100101111011
0000001000011011100100101001110110011000101101010111101000111111
0000001000011011100100101001111010001110110011000101101010111111
0000001000011011100110001110110010010100111101000101101010111111
0000001000011011100110001110110101011111101000101100100101001111
0000001000011011100110001111110100010110010010100111011010101111
0000001000011011100110010010110101011110100011111100010100111011
0000001000011011100110010010111101000111111000101011010100111011
0000001000011011110100011111100010100111011010101110011001001011
0000001000011011110110101001110100011111100110010010111000101011
0000001000011011110110101011100010100111010001111110011001001011
0000001000011011111100010101000111101001110011001001011101101011
0000001000011011111100110010010111010001111011010100111000101011
0000001000011011111100110010010111010011100010101000111101101011
0000001000011101100110001010011110100011010101101110010010111111
0000001000011101101010110010010100010111111010011110011000110111
0000001000011101101010110011000101111110100011011100100101001111
0000001000011101101010110011000101111110100111100100101000110111
0000001000011101101110010010111111010001101010110011000101001111
0000001000011101101110011000110101011001001011111101000101001111
0000001000011101110010010100110001011111101000110110101011001111
0000001000011101110011110100010100110001101010110110010010111111
0000001000011110010010110111000101011111101010011101100110100011
0000001000011110010010110111111010101110110011100010100110100011
0000001000011110010011011111101010111011001110001010010110100011
0000001000011110010011101100110111000101011111101010010110100011
0000001000011110010110011011100010101111110101001001110110100011
0000001000011110010110011100010100100110111111010101110110100011
0000001000011110010110011101101000101010010011011111101011100011
0000001000011110011010001010100111010111111011001001011011100011
0000001000011110011011100010101111110110010011101010010110100011
0000001000011110011011101010111111011001001110001010010110100011
0000001000011110100010101001001101111110010110011101101011100011
0000001000011110100010101001001110110101111110010110011011100011
0000001000011110100010101001011010111111001001110110011011100011
0000001000011110100010101001110110011010111111001001011011100011
0000001000011110100011000101001001110010110011011101101010111111
0000001000011110100011000101001011010101110110011100100110111111
0000001000011110100011000101001101010111011001110010010110111111
0000001000011110100011000101001110010010110111011001101010111111
0000001000011110100011000101011100101100111011010100100110111111
0000001000011110110010010110111000101011111100110101001110100011
0000001000011110110010010110111001101010011101000110001010111111
0000001000011110110010010110111010001100010100111001101010111111
0000001000011110110010010110111111001110001010011010101110100011
0000001000011110110010010110111111001110100010101001101011100011
0000001000011110110010011011111100111000101001011010101110100011
0000001000011110110010011011111100111010001010100101101011100011
0000001000011110110010011100010100101101010111111001101110100011
0000001000011110110010011100110111010001100010100101101010111111
0000001000011110110010011101000101010010110101111110011011100011
0000001000011111100100101110110011100010100110101011011110100011
0000001000011111100100101111010001010100111011001101011011100011
0000001000011111100100101111010011000101000110101011011001110111
0000001000011111100100101111010011101100110001010001101010110111
0000001000011111100100111011001101110001010110101001011110100011
0000001000011111100101110001010110011101101010010011011110100011
0000001000011111100101110110101011001110001010010011011110100011
0000001000011111100101111010001010100100111011010110011011100011
0000001000011111100110111000101011001011110110101001001110100011
0000001000011111100110111000101011010100101111011001001110100011
0000001000011111100111000101001001101111011010101100101110100011
0000001000011111100111000101001101010110111101100100101110100011
0000001000011111100111010001010100100110111101101011001011100011
0000001000011111100111010001010100110101101111011001001011100011
0000001000011111101000101001110110111001100011010101100100101111
0000001000011111101000110101011001100010100111011011100100101111
0000001000011111101000110110101011001110111001001010011000101111
0000001000011111101000110111001001010011101101010110011000101111
0000001000011111101001100010111100100101000110110101011001110111
0000001000011111101001100011011010101100100101000101111001110111
0000001000011111101001110110101011001001010001011110011000110111
0000001000011111101001110110101011001100010111100100101000110111
0000001000011111101010010011011110010111000101011001110110100011
0000001000011111101010010011101101000110001010110011011100101111
0000001000011111101010010111100100111011001101110001010110100011
0000001000011111101010011101100110100011000101011011100100101111
0000001000011111101010110011011101101000110001010010011100101111
0000001000011111101010110011100010100100110111100101110110100011
0000001000011111101010110011100101110110100011000101001001101111
0000001000011111101010110100011000101001011101100111001001101111
0000001000011111101010110111011001101000110001010011100100101111
0000001000011111101010110111100100101110110011100010100110100011
0000001000011111101011001110110100010101001001101111001011100011
0000001000011111101011010001010100101111001001110110011011100011
0000001000011111101100100101110001010110111100111010100110100011
0000001000011111101100100101110011101010011010001100010101101111
0000001000011111101100100101110101011011110011100010100110100011
0000001000011111101100100101111001101000101010011101011011100011
0000001000011111101100100110111100111000101001011101010110100011
0000001000011111101100100110111100111010100101110001010110100011
0000001000011111101100100110111100111010110100010101001011100011
0000001000011111101100100111000101001011110011011101010110100011
0000001000011111101100100111001101110101011010001100010100101111
0000001000011111101100100111010100101111001101110001010110100011
0000001000011111101100100111010110100010101001011110011011100011
0000001000011111101101000101010010011011110011101011001011100011
0000001000011111101101000101010010011101011001011110011011100011
0000001000011111101101000110001010010011100110111010101100101111
0000001000011111101101000110001010110010111001110101001001101111
0000001000101001001100001101010111101100101101110001111110011101
0000001000101001001100001101010111111001110001111011001011011101
0000001000101001001100011110110011100001101010111111001011011101
0000001000101001001100011110110111111001011001110000110101011101
0000001000101001001100011110111010101111110010110110011100001101
0000001000101001001100011111100001101010111001011001110110111101
0000001000101001001100011111100101101100111010101111011100001101
0000001000101001001100011111100101101110000110101011110110011101
0000001000101001001100101100001101111011010101110001111110011101
0000001000101001001100101100001101111110011100011110110101011101
0000001000101001001100101101010111101100001101110001111110011101
0000001000101001001100101101010111111001110001111011000011011101
0000001000101001001100111000011011000111101110101011111100101101
0000001000101001001100111000011011111100101100011110110101011101
0000001000101001001100111001011000111101010111011111100001101101
0000001000101001001100111001011010101111110000110111011000111101
0000001000101001001100111010101111011100001101100011111100101101
0000001000101001001100111011000111111000011011100101101010111101
0000001000101001001100111011010101110010110001111110000110111101
0000001000101001001100111011110101011100101100011111100001101101
0000001000101001001101010111001011001111110000110001110110111101
0000001000101001001101010111011011111100001100011100101100111101
0000001000101001001101010111101100111111001011011100001100011101
0000001000101001001101010111111000011000111001011011101100111101
0000001000101001001101100011100001100111101110101011111100101101
0000001000101001001101100011101010111101110000110011111100101101
0000001000101001001101110000110011111100101101010111101100011101
0000001000101001001101110011111100011101100001100101101010111101
0000001000101001001101110110000110010110101011111100011100111101
0000001000101001001101110110001110010110101011111100001100111101
0000001000101001001101111011010101110000110011111100101100011101
0000001000101001001101111110010110001110000110011110110101011101
0000001000101001011000011001001111010101110111111000111001101101
0000001000101001011000011001001111110001110110101011100110111101
0000001000101001011000011001001111110001110111101010111001101101
0000001000101001011000011001001111110011011110110101011100011101
0000001000101001011000011011110110101011100011111100110010011101
0000001000101001011000011011111100110010011100011110110101011101
0000001000101001011000111000011001101111110010011110110101011101
0000001000101001011000111001001111010101110111111000011001101101
0000001000101001011000111011010101110010011111100001100110111101
0000001000101001011000111011110101011100100111111000011001101101
0000001000101001011001001110001111011011111100110000110101011101
0000001000101001011001001110011000011010101110110111111000111101
0000001000101001011001100011110110111111001001110000110101011101
0000001000101001011001100011111100001101010111001001110110111101
0000001000101001011001101010111001001111110000110001110110111101
0000001000101001011001101010111011011111100001100011100100111101
0000001000101001011010101111011000011001001111110011011100011101
0000001000101001011010101111011000011011100011111100110010011101
0000001000101001011010101111110000110011011101100011100100111101
0000001000101001011010101111110001110011011101100001100100111101
0000001000101001011010101111110010011110110001110000110011011101
0000001000101001011010101111110011001001110001111011000011011101
0000001000101001011011001001110001111011101010111111001100001101
0000001000101001011011001001110101011110111000111111001100001101
0000001000101001011011001100011110111010101111110010011100001101
0000001000101001011011001100011111100100111010101111011100001101
0000001000101001011011100001101010111101100110001111110010011101
0000001000101001011011100011111100110000110101011110110010011101
0000001000101001011011100100111011001100011111100001101010111101
0000001000101001011011100100111111000011000111011001101010111101
0000001000101001011011101100100111001100001101010111111000111101
0000001000101001011011101100110101011111100001100011100100111101
0000001000101010000110001110010010110011110100110101110110111111
0000001000101010000110001110010011010110011110100101110110111111
0000001000101010000110001110010011011110100101110110101100111111
0000001000101010000110010010110001110111100111111010011011010111
0000001000101010000110010010110001110111101001101101011100111111
0000001000101010000110010011011010010111000111011110011111101011
0000001000101010000110010011011010010111001111110001110111101011
0000001000101010000110010011011010110001110111100111111010010111
0000001000101010000110010011011010110001110111101001011100111111
0000001000101010000110011110010010110001110110111111010011010111
0000001000101010000110011110010011010010111000111011011111101011
0000001000101010000110011110010011010110001110110111111010010111
0000001000101010000110011110100101110010011010110001110110111111
0000001000101010000110011110100110101110010010110001110110111111
0000001000101010000110011111100011101101001011100100110111101011
0000001000101010000110011111100011101101001101111010111001001011
0000001000101010000110011111101001101111001001011000111011010111
0000001000101010000110011111101011100011101101001101111001001011
0000001000101010010011010110110001110111111000011001011100111101
0000001000101010010011010110110010111011111100001100011100111101
0000001000101010010011010110111111000011000111001011101100111101
0000001000101010010011011000011001011100011101111001111110101101
0000001000101010010011011000011001011100111111000111011110101101
0000001000101010010011011110010111000110011101101000011111101011
0000001000101010010011011110010111000111011000011001111110101101
0000001000101010010011011110010111000111011010000110011111101011
0000001000101010010011011110011111101101000011001011100011101011
0000001000101010010011011110100001100111111001011100011101101011
0000001000101010010011011110100001111110010111000110011101101011
0000001000101010010011011110110101100011001011100111010000111111
0000001000101010010011011110110101100011101000011001011100111111
0000001000101010010011011111100111010000111101101011100011001011
0000001000101010010011011111100111101101011100011101000011001011
0000001000101010010011011111101011100011001110110100001111001011
0000001000101010010011011111101011100011101101000011001111001011
0000001000101010010011011111101011100101100011001110110100001111
0000001000101010010011011111101011100101100011101101000011001111
0000001000101010010011011111101101000011001011000111010111001111
0000001000101010010011011111101101000011110011101011100011001011
0000001000101010010011101000011110110101111110011011100011001011
0000001000101010010011101000011111100110111000110010111101101011
0000001000101010010011101011111101101000011110011011100011001011
0000001000101010010011101101000011111101011000110011011100101111
0000001000101010010011101101011000110011011100101111010000111111
0000001000101010010011110011011100011101011111101101000011001011
0000001000101010010011110100001100110111000111011010111111001011
0000001000101010010011110100001100110111001011000111011010111111
0000001000101010010011110110101111110011011100011101000011001011
0000001000101010010011111100101111010000110011011100011101101011
0000001000101010010011111100110111000111010000110010111101101011
0000001000101010010011111101011000111011010000110011011100101111
0000001000101010010011111101101000011001011110011011100011101011
0000001000101010010110100001100100110111111011000111010111001111
0000001000101010010110100001100100111100110111000111010111111011
0000001000101010010110100001100111100100110111111010111000111011
0000001000101010010110100001111001001101111110101110001100111011
0000001000101010010110100001111001101110001100100111010111111011
0000001000101010010110100001111001110101110001100100110111111011
0000001000101010010110101110001100100110111111001110100001111011
0000001000101010010110101110001110100001100100110111111001111011
0000001000101010010110101110011101000011110110001100100110111111
0000001000101010010110101110011110110001110100001100100110111111
0000001000101010010110101111110010011110100001100110111000111011
0000001000101010010110101111110011011100011001001110100001111011
0000001000101010010110101111110011011100011101000011001001111011
0000001000101010010111000110010011011110011101011010000111111011
0000001000101010010111000111010110100001100100110111100111111011
0000001000101010010111000111011110011111101011010000110010011011
0000001000101010010111001001101000011001111010110111111000111011
0000001000101010010111001001101111010110100001100111111000111011
0000001000101010010111001110101101000011111101100011001001101111
0000001000101010010111001111010000110010011010110110001110111111
0000001000101010010111001111110001110111101011010000110010011011
0000001000101010010111001111110110001110101101000011001001101111
0000001000101010010111011001111001001101011011111101000011000111
0000001000101010010111011001111010000110001110010011010110111111
0000001000101010010111011001111010110111111000111001001101000011
0000001000101010010111011001111110001110010011011110101101000011
0000001000101010010111011111100011100111101011011001001101000011
0000001000101010010111100100111111010110100001100110111000111011
0000001000101010010111100110111000110010011101011010000111111011
0000001000101010010111100110111000111010110100001100100111111011
0000001000101010011010000110010010110111111011000111010111001111
0000001000101010011010000110010010111000111010110111100111111011
0000001000101010011010000110010010111001111110110001110101101111
0000001000101010011010000110011110101110010010110111111000111011
0000001000101010011010000110011111101011011110010010111000111011
0000001000101010011010000111100100101101111110101110001100111011
0000001000101010011010000111100111010111000110010010110111111011
0000001000101010011010000111111010110111100100101110001100111011
0000001000101010011010000111111011000110010010111001110101101111
0000001000101010011010110111101000011001111110010010111000111011
0000001000101010011010110111101000011111100100101110001100111011
0000001000101010011010110111101100011001001011100111010000111111
0000001000101010011010110111101100011101000011001001011100111111
0000001000101010011010111000110010010110111111001110100001111011
0000001000101010011010111000111010000110010010110111111001111011
0000001000101010011010111001110100001111011000110010010110111111
0000001000101010011010111001111010000110010010110110001110111111
0000001000101010011010111001111011000111010000110010010110111111
0000001000101010011010111011001111001001011011111101000011000111
0000001000101010011010111011001111010000110001110010010110111111
0000001000101010011011000111011110011111101000011001001011010111
0000001000101010011011000111011110100001100100101101011100111111
0000001000101010011011001001011010111011110011111101000011000111
0000001000101010011011001001011010111011110100001100011100111111
0000001000101010011011110010010110100001100111111010111000111011
0000001000101010011011110010010110101110110011111101000011000111
0000001000101010011011110100001100011100100101101011101100111111
0000001000101010011011110101110010010110100001100111111000111011
0000001000101010011011110101110110011111100011100100101101000011
0000001000101010011101000011110110001100100101101110011010111111
0000001000101010011101000011111100110101101110001100100101111011
0000001000101010011101011011100011001001011110011010000111111011
0000001000101010011101011011100110100001111110110001100100101111
0000001000101010011101011111101100011001001011011100110100001111
0000001000101010011101100011001101000011111101011011100100101111
0000001000101010011101100011001101011011100100101111010000111111
0000001000101010011110011010000110010010110111000111010111111011
0000001000101010011110100001100110101111110010010110111000111011
0000001000101010011110110001110100001100100101101110011010111111
0000001000101010011111100100101111010000110011010110111000111011
0000001000101010011111100110101101110001110100001100100101111011
0000001000101010011111101100011101011011100110100001100100101111
0000001000101011000011001001111010100101110111111000111001101101
0000001000101011000011001001111110001110110101001011100110111101
0000001000101011000011001001111110001110111101010010111001101101
0000001000101011000011001001111110011011110110101001011100011101
0000001000101011000011001011100111111000111011010100100110111101
0000001000101011000011001011100111111000111011110101001001101101
0000001000101011000011001011101101010010011011111100011100111101
0000001000101011000011001011101111110001110011110101001001101101
0000001000101011000011001111110001110110100100110111001011110101
0000001000101011000011011110110101001001100101110001111110011101
0000001000101011000011011110110101001011100011111100110010011101
0000001000101011000011011111100110010011100011110110101001011101
0000001000101011000011011111100111000111101101010010011001011101
0000001000101011000111000011001101111110010011110110101001011101
0000001000101011000111000011001111011010100100110111111001011101
0000001000101011000111000011001111011111100101110101001001101101
0000001000101011000111001001111010100101110111111000011001101101
0000001000101011000111001011101101010010011011111100001100111101
0000001000101011000111001011101111110000110011110101001001101101
0000001000101011000111011010100001100111111010010111100100110111
0000001000101011000111011010100101110010011111100001100110111101
0000001000101011000111011011100001100111100101111110100100110101
0000001000101011000111011011100100110101000011001111010010111111
0000001000101011000111011011100101111110000110011110100100110101
0000001000101011000111011100001100101111001111110100100110110101
0000001000101011000111011100111111000011001011110100100110110101
0000001000101011000111011110101001011100100111111000011001101101
0000001000101011000111101010010011001110010111011111100001101101
0000001000101011000111101101010010011001110000110111111001011101
0000001000101011000111101111110010111010100100110011100001101101
0000001000101011000111111001011100001101111011010100100110011101
0000001000101011001001110001111011011111100110000110101001011101
0000001000101011001001110011000011010100101110110111111000111101
0000001000101011001100011110110111111001001110000110101001011101
0000001000101011001100011111100001101010010111001001110110111101
0000001000101011001101010010111001001111110000110001110110111101
0000001000101011001101010010111011011111100001100011100100111101
0000001000101011001110000110101001001100011110110111111001011101
0000001000101011001110010111011011111100001101010010011000111101
0000001000101011001111110000110001110010111101001001101110110101
0000001000101011001111110001110010011011101101001011110101000011
0000001000101011001111110100101111001001101110110101000011000111
0000001000101011010000110011111101010010111100100110111000111011
0000001000101011010100100110010111101100001101110001111110011101
0000001000101011010100100110010111111001110001111011000011011101
0000001000101011010100100110011100101111110000110111011000111101
0000001000101011010100100110011101100011111100001101110010111101
0000001000101011010100100110110001110111000011001011110011111101
0000001000101011010100100110110001110111001111110000110010111101
0000001000101011010100100110111000011001111110010111101100011101
0000001000101011010100100110111001111110001110110000110010111101
0000001000101011010100100110111011000011001011111100011100111101
0000001000101011010100100110111011000111001011111100001100111101
0000001000101011010100100110111011001111110000110001110010111101
0000001000101011010100101111001001101110110011111101000011000111
0000001000101011010100101111001111110100001100100110110001110111
0000001000101011010100101111010000110001110010011011101100111111
0000001000101011010100101111010000110010011011000111011100111111
0000001000101011010100101111011000011001001111110011011100011101
0000001000101011010100101111011000011011100011111100110010011101
0000001000101011010100101111110000110011011101100011100100111101
0000001000101011010100101111110001110011011101100001100100111101
0000001000101011010100101111110010011110110001110000110011011101
0000001000101011010100101111110011001001110001111011000011011101
0000001000101011011000011001011111100011101110011110101001001101
0000001000101011011000111011100111101000011001001101010010111111
0000001000101011011001001110001111011101010010111111001100001101
0000001000101011011001001110101001011110111000111111001100001101
0000001000101011011001011110111000111111001110101001001100001101
0000001000101011011001011111100111000111101110101001001100001101
0000001000101011011001100011110111010100101111110010011100001101
0000001000101011011001100011111100100111010100101111011100001101
0000001000101011011001110101001001100011111100101111011100001101
0000001000101011011001110111001011110101001001100011111100001101
0000001000101011011001111110000110001110111001011110101001001101
0000001000101011011001111110010111101110000110001110101001001101
0000001000101011011100001101010010011000111111001011110110011101
0000001000101011011100001101010010111101100110001111110010011101
0000001000101011011100011101100001100111100101111110101001001101
0000001000101011011100011111100110000110101001011110110010011101
0000001000101011011100100110100001100111101010010111111000111011
0000001000101011011100100111011001100011111100001101010010111101
0000001000101011011100100111111000011000111011001101010010111101
0000001000101011011100101111110001110110000110011110101001001101
0000001000101011011101100100111001100001101010010111111000111101
0000001000101011011101100110101001011111100001100011100100111101
0000001000101011011101100111001011111100001101010010011000111101
0000001000101011011101100111100100110101001011111101000011000111
0000001000101011011101100111101000011000111001001101010010111111
0000001000101011011101100111101010010111111000111001001101000011
0000001000101011110010010110001110110101000011001111110100110111
0000001000101011110010010110011111101001101110110101000011000111
0000001000101011110010010110100001100111111010100110111000111011
0000001000101011110010010110101001101110110011111101000011000111
0000001000101011110011111101000011001001011010100110110001110111
0000001000101011110011111101001101101010000110010010110001110111
0000001000101011110100001100011100100101101010011011101100111111
0000001000101011110100001100100101101010011011000111011100111111
0000001000101011110100110110101000011001001011000111011100111111
0000001000101011110100110111001001011000111011010100001100111111
0000001000101011110100110111011010100001100011100100101100111111
0000001000101011110101000011001111110001110110100110111001001011
0000001000101011110101001101110010010110100001100111111000111011
0000001000101011110101001101110110011111100011100100101101000011
0000001000101011111100011100100101101110110011110101001101000011
0000001000101011111100011101110011110101001101000011001001011011
0000001000101011111101001101010000110011110010010110001110110111
0000001000101011111101010011010000110011110010010110111000111011
0000001000101100011001101101001001111110000111011110101011100101
0000001000101100011001101101001001111110101011101111000011100101
0000001000101100011100101011101111000011001111110100100110110101
0000001000101100011110010010101000011001110110111111010011010111
0000001000101100011110010010101111110100110101000011001110110111
0000001000101100011110100110101000011001110110111001001010111111
0000001000101100011110100110101110010010101000011001110110111111
0000001000101100011111100001100111011100101011110100100110110101
0000001000101100011111101001101101010000110010010101111001110111
0000001000101100011111101001101111001001010100001100111011010111
0000001000101100100101010000110001111110100110110101110111100111
0000001000101100111000111111010111011010011011110010010101000011
0000001000101100111001001010100001100011110100110101110110111111
0000001000101100111001001010111101001101110110101000011000111111
0000001000101100111011100001100011111100101011110100100110110101
0000001000101100111111001010111000011000111011110100100110110101
0000001000101101000011001001010111100111011100011111101010011011
0000001000101101001001100011100001101100111111010101110111100101
0000001000101101001001100011101111010101110000110110011111100101
0000001000101101001001100111111000011011000111011110101011100101
0000001000101101001001100111111010101110111100001101100011100101
0000001000101101010011011000111111010000110010010101111001110111
0000001000101101010011011100100101011110100001100111011000111111
0000001000101101010011011101100111001001010111101000011000111111
0000001000101101011100100101010011011110100001100111011000111111
0000001000101101011100111011110100001100100101010011011000111111
0000001000101101011101100111001001010100110111101000011000111111
0000001000101101100011100101011101001001100111111011110000110101
0000001000101101100011110011101111110100001100100101010011010111
0000001000101101100011110100001100100101010011010111001110111111
0000001000101101100011111100001101001001100111010101111011100101
0000001000101101100011111101110100100110011100101011110000110101
0000001000101101100011111101110101011110000110100100110011100101
0000001000101101100100101010011010111011111101000011000111100111
0000001000101101100110001101001001110000111111011101010111100101
0000001000101101100110001101001001110101011110111000011111100101
0000001000101101100111000011010010011000111111011101010111100101
0000001000101101100111010010011000111111001010111101110000110101
0000001000101101100111010101111011100001101001001100011111100101
0000001000101101100111111011110010101110100100110001110000110101
0000001000101101110001111001001010111111010100110100001100111011
0000001000101101110010010101111110001111010100110100001100111011
0000001000101101110110011100011110010010101111110101001101000011
0000001000101101110110011100100101011111100011110101001101000011
0000001000101101111110001111010111001001010100110100001100111011
0000001000101101111110001111010111011001110010010101001101000011
0000001000101101111110100001100011110010010101001101011101100111
0000001000101101111110100001100111011000111100100101010011010111
0000001000101101111110101110001111001001010100110100001100111011
0000001000101101111110101110110011100011110010010101001101000011
0000001000101110000110001110110100100110111101010110011111100101
0000001000101110000110010101001001101011011000111100111011111101
0000001000101110000110011101100011110010101001001101011011111101
0000001000101110000110011101101011000111111010010011011110010101
0000001000101110000110011101101111110100100110101100011110010101
0000001000101110000110100100110001110101011011110110011111100101
0000001000101110000110111101001001100011101100111111001010110101
0000001000101110000110111101010110100100110001110110011111100101
0000001000101110000111010010011111100101011011110110011000110101
0000001000101110000111010101101111011001100011010010011111100101
0000001000101110000111011001100011011110100100111111001010110101
0000001000101110000111011001100011011110101011010010011111100101
0000001000101110001111001001101001010100001100111011011111101011
0000001000101110001111001110111111010110110000110010101001001101
0000001000101110001111110101100001100111011010010011011110010101
0000001000101110010011010010101000011001110110111111000111101011
0000001000101110010011010110001111010010101000011001110110111111
0000001000101110010011011110100101010000110011101101011000111111
0000001000101110010101001001101011011111100001100111011000111101
0000001000101110010101100011001101111010010011111100001110110101
0000001000101110010101101111011000111010010011001111110000110101
0000001000101110011101111010010011011010110001111110000110010101
0000001000101110011101111010010101000011001001101101011000111111
0000001000101110011101111110000110010101001001101011011000111101
0000001000101110011101111110001111010110110000110010101001001101
0000001000101110100100110011111101100011100101011011110000110101
0000001000101110100100111111011011110000111001010110001100110101
0000001000101110101011000110011010010011111101101111000011100101
0000001000101110101011011110000110100100110011111101100011100101
0000001000101110110011100001100011110010101001001101011011111101
0000001000101110110011100101010010011010110111111000011000111101
0000001000101110110011111101001001100011100001101111001010110101
0000001000101110110011111101010110100100110001110000110111100101
0000001000101110110100100110111100001100111111010101100011100101
0000001000101110110100100111111010101100011001101111000011100101
0000001000101110110101100111000011000111111010010011011110010101
0000001000101110110101100111001001101111010010101000011000111111
0000001000101110110111111000011000111101001001101011001110010101
0000001000101110110111111000111101011001110010011010010101000011
0000001000101110110111111010010011010110011100001100011110010101
0000001000101110110111111010010101000011000111100100110101100111
0000001000101110110111111010110011100011110010011010010101000011
0000001000101110111100111000011000111111010010011011010110010101
0000001000101110111100111000111111010110010011011010010101000011
0000001000101111000011001110010101100011111101001001101110110101
0000001000101111000011001110010101100011111101101110100100110101
0000001000101111000011011101100011111101001001100111001010110101
0000001000101111000011011101100011111101010110100100110011100101
0000001000101111000011111101001001110010101100011001101110110101
0000001000101111000011111101010110001100110111011010010011100101
0000001000101111000011111101101110100100111001010110001100110101
0000001000101111000011111101101110101011000110011010010011100101
0000001000101111001001101110001111110101000011001110110100101011
0000001000101111001001101110001111110101001010110100001100111011
0000001000101111001001101110110011100011111101010010101101000011
0000001000101111001001101110110100101011001110001111110101000011
0000001000101111001001101110110101000011000111111010010101100111
0000001000101111001010110000110011101101001001101110001111110101
0000001000101111001010110001111110100100110111000011001110110101
0000001000101111001010110011100001100011111101101110100100110101
0000001000101111001010110101001001101110000110011101100011111101
0000001000101111001010110101001001101110110011100001100011111101
0000001000101111001010110111010010011000111111011001110000110101
0000001000101111001010110111010010011100001111110110011000110101
0000001000101111001110111000011001010110001111110100100110110101
0000001000101111001110111000011001010110101001001101100011111101
0000001000101111001110111000111111010100001100100110110100101011
0000001000101111001110111000111111010100100110110000110010101101
0000001000101111001110111000111111010100101011010000110010011011
0000001000101111010010011001110110001111110000110111001010110101
0000001000101111010010011011100001100011111100101011001110110101
0000001000101111010010011101100110001101110000111111001010110101
0000001000101111010010101100111001001101110110101000011000111111
0000001000101111010101100011111100001100111011010010011011100101
0000001000101111010101100111011010010011011100001100011111100101
0000001000101111010101101001001100111011000111111000011011100101
0000001000101111010101101001001110110011000110111000011111100101
0000001000101111011000111111000011010010011001110101011011100101
0000001000101111011001100011010010011101010110111000011111100101
0000001000101111011001110100100110001111110010101101110000110101
0000001000101111011001110101011011100001101001001100011111100101
0000001000101111011011100001100011111100101011001110100100110101
0000001000101111011011100101011000111111000011001110100100110101
0000001000101111110000110011101101110010101100011110100100110101
0000001000101111110001111010100001100111011011100100110100101011
0000001000101111110001111010100101011011100100110100001100111011
0000001000101111110001111010100101011011101100111001001101000011
0000001000101111110100001100011110010011010100101011011101100111
0000001000101111110100001100100110101001010110110001111001110111
0000001000101111110100001100111011000111100100110101001010110111
0000001000101111110100101011000111100100110101000011001110110111
0000001000101111110101000011001110110111000111100100110100101011
0000001000101111110101001010110111000111100100110100001100111011
0000001000101111110101001010110111011001110001111001001101000011
0000001000110010010110111000101011111100110101001110100001111011
0000001000110010010110111000101011111101100001111001101001110101
0000001000110010010110111001101010011101000011110110001010111111
0000001000110010010110111010000111101100010100111001101010111111
0000001000110010010110111010011100110101011111100001111011000101
0000001000110010010110111010101111110110000111100110100111000101
0000001000110010010110111010101111110110001010011100110100001111
0000001000110010010110111111000011110110001010111001110100110101
0000001000110010010110111111001110001010011010101110100001111011
0000001000110010010110111111011000101011100111010100110100001111
0000001000110010010111000101011011110011101010011010000111111011
0000001000110010010111000101011011110110000111111001110100110101
0000001000110010010111001110101001101000011111101100010101101111
0000001000110010010111010000111111001110001010011010101101111011
0000001000110010010111010011010101101111011000011111100111000101
0000001000110010010111010101101111001110001010011010000111111011
0000001000110010010111100001111110110001010110111001101001110101
0000001000110010010111101100001111110011010101101110100111000101
0000001000110010010111101100010100111001101010110111010000111111
0000001000110010010111101100010101101110011010100111010000111111
0000001000110010011011110000111111011000101011010010111001110101
0000001000110010011011110011100010100101110101011010000111111011
0000001000110010011011110011101010010111000101011010000111111011
0000001000110010011011110110000111111001110100101110001010110101
0000001000110010011011110110001010110101001011100111010000111111
0000001000110010011011111100001111011000101011100111010010110101
0000001000110010011011111100111000101001011010101110100001111011
0000001000110010011011111101100010101110011101010010110100001111
0000001000110010011100010100101101000011110011011101010111111011
0000001000110010011100010100101101010111111001101110100001111011
0000001000110010011100010100101111001101110101011010000111111011
0000001000110010011100110111010000111101100010100101101010111111
0000001000110010011100110111010010110101011111100001111011000101
0000001000110010011100110111010101101000011111101100010100101111
0000001000110010011100110111010101101001011110000111111011000101
0000001000110010011100110111010101111110110001010010110100001111
0000001000110010011101000011111100110111000101011010100101111011
0000001000110010011101001011110110000111111001101110001010110101
0000001000110010011101010010110100001111001101110001010111111011
0000001000110010011101010010111100110111000101011010000111111011
0000001000110010110000111100110111000101011111101101001001110101
0000001000110010110000111100110111010101111110110100100111000101
0000001000110010110000111101101010111010010011011111100111000101
0000001000110010110000111101101010111111001101110100100111000101
0000001000110010110001010010011100110111010000111101101010111111
0000001000110010110001010010011100110111010101111110110100001111
0000001000110010110001010111001110100001111011010100100110111111
0000001000110010110001010111001110100100110111111000011110110101
0000001000110010110001010111001110101001001101111110110100001111
0000001000110010111000101011000011111100111010010011011110110101
0000001000110010111000101011000011111101101001001101111001110101
0000001000110010111010000111111001110001010010011011110110101011
0000001000110010111010010011011110110101011000011111100111000101
0000001000110010111010101100001111110110100100110111100111000101
0000001000110010111100001111110110100100111001101110101011000101
0000001000110010111100110111000101011000011111101101001001110101
0000001000110010111100110111010101100001111110110100100111000101
0000001000110010111101101010010011101000011111100110111000101011
0000001000110010111101101010110000111111001101110100100111000101
0000001000110010111101101010110001010010011100110111010000111111
0000001000110011010000111100100101101110001010111111010100111011
0000001000110011010000111111010100111011000101011011100100101111
0000001000110011010000111111010101101110110001010011100100101111
0000001000110011010011100100101111000011111101010110111011000101
0000001000110011010011101100001111001001011011100010101111110101
0000001000110011010011101100010101101110010010111100001111110101
0000001000110011010100111011000101011011100100101111010000111111
0000001000110011010101101110110000111111001001011110100111000101
0000001000110011010101101110110001010011100100101111010000111111
0000001000110011010101111110000111101001110010010110111011000101
0000001000110011010101111110010010110111011000011110100111000101
0000001000110011011100010101100001111110010111101001001110110101
0000001000110011011100010101101000011111101010010111100100111011
0000001000110011011100010101101001011110010011101100001111110101
0000001000110011011100010101101010010111101000011111100100111011
0000001000110011011100010101111110010011101100001111010010110101
0000001000110011011100010101111110010110000111101001001110110101
0000001000110011011100010101111110101001001110110100001111001011
0000001000110011011100010101111110101001011010000111100100111011
0000001000110011011100100111011000101011010000111111010100101111
0000001000110011011100100111011000101011010010111100001111110101
0000001000110011011100100111011000101011010100101111010000111111
0000001000110011011100100111011000101011111100001111010010110101
0000001000110011011100100111011000101011111101010010110100001111
0000001000110011011100101100010101111110000111101001001110110101
0000001000110011011100101100010101111110101001001110110100001111
0000001000110011011101100001111010010110101011111100100111000101
0000001000110011011101100001111110101011010010111100100111000101
0000001000110011011101101000011111101010110001010010011100101111
0000001000110011011101101001001110010111100001111110101011000101
0000001000110011011101101010110000111111001011110100100111000101
0000001000110011011101101010110001010010011100101111010000111111
0000001000110011011101101010111111000011110100100111001011000101
0000001000110011011101101010111111001011000011110100100111000101
0000001000110011100010100100110111100101110110100001111110101011
0000001000110011100010100100110111101000011111100101110110101011
0000001000110011100010100100110111111010101110110100001111001011
0000001000110011100010100101101000011110010011011111101010111011
0000001000110011100010100110100001111001001011011111101010111011
0000001000110011100010100110100001111110101011011110010010111011
0000001000110011100010100110101011011110100001111110010010111011
0000001000110011100100101101111110000111101001101010111011000101
0000001000110011100100101101111110101011101100010100110100001111
0000001000110011100100101110110001010011010000111111010101101111
0000001000110011100100101110110001010011010101101111010000111111
0000001000110011100100110111100001111110101011010010111011000101
0000001000110011100100110111111000011110100101101010111011000101
0000001000110011100100110111111010101110110001010010110100001111
0000001000110011100101100010100100110111111010101110110100001111
0000001000110011100101110110100001111110101011000101001001101111
0000001000110011100101110110100100110111100001111110101011000101
0000001000110011100101110110101011000101001001101111010000111111
0000001000110011101100001111110010010111000101011011110100110101
0000001000110011101100001111110010011011110100101110001010110101
0000001000110011101100010101101000011111101010010111001001101111
0000001000110011101100010101101001011100100110111100001111110101
0000001000110011101100010101101010010111001001101111010000111111
0000001000110011101100010101110010010110111111000011110100110101
0000001000110011101100010101110010010110111111010100110100001111
0000001000110011101100010101110010011011111100001111010010110101
0000001000110011101100010101110010011011111101010010110100001111
0000001000110011101101000011111101010010011011110010111000101011
0000001000110011101101001001101111001011100010101100001111110101
0000001000110011101101010010011011110100001111110010111000101011
0000001000111000011000101010010011110010111011001101011011111101
0000001000111000011000101010010011110011010110110010111011111101
0000001000111000011000101011011101100110101001001111001011111101
0000001000111000101001001101010111111001111011001011011101000011
0000001000111000101001001101110100001100101101010111111001111011
0000001000111000101001001101111001011101101000011001111110101011
0000001000111000101001001101111001111110110100001100101110101011
0000001000111000101001001101111010000110011111100101110110101011
0000001000111000101001001101111110101011101101000011001111001011
0000001000111000101001001111001101110101011111101101000011001011
0000001000111000101001001111010000110011011101101010111111001011
0000001000111000101001001111011010101111110011011101000011001011
0000001000111000101001001111110010111101000011001101110110101011
0000001000111000101001001111110011011101000011001011110110101011
0000001000111000101001001111110110100001100101111001101110101011
0000001000111000101001011001001111011011111100110101011101000011
0000001000111000101001011010000110010011110011011101010111111011
0000001000111000101001011010000110010011110111010101111110011011
0000001000111000101001011010000110011110010011011111101010111011
0000001000111000101001011010101110100001100100110111111001111011
0000001000111000101001011010101111110010011110100001100110111011
0000001000111000101001011011001001111011101010111111001101000011
0000001000111000101001011101010110100001100100110111100111111011
0000001000111000101001011110010011111101010110100001100110111011
0000001000111000101001011110011011101010110100001100100111111011
0000001000111000101001101000011001001011101010110111100111111011
0000001000111000101001101000011001111001001011011111101010111011
0000001000111000101001101000011001111110101011011110010010111011
0000001000111000101001101010110111101000011001111110010010111011
0000001000111000101001101010111010000110010010110111111001111011
0000001000111000101001111001101000011001001011011101010111111011
0000001000111000101001111010000110011010101111110010010110111011
0000001000111000101001111110010010111101000011001101010110111011
0000001000111000101001111110011010101101110100001100100101111011
0000001000111000101010000110010011110111010110100101111110011011
0000001000111000101010000110010011110111111001101101001011101011
0000001000111000101010000110010111010010011011111100111101101011
0000001000111000101010000110010111111001111011101011010010011011
0000001000111000101010010111011001101111001001111110101101000011
0000001000111000101010010111011110011011001001111110101101000011
0000001000111000101010010111011111101011011001001111001101000011
0000001000111000101010011110010010110111111010111011001101000011
0000001000111000101010011111101011101100110111100100101101000011
0000001000111000101010011111101011101111001101100100101101000011
0000001000111000101011001001111011011111100110101001011101000011
0000001000111000101011001101110110100101111001001111110101000011
0000001000111000101011010000110010011110111010100101111110011011
0000001000111000101011010000110010111111001111011101010010011011
0000001000111000101011010100100110111010000110010111111001111011
0000001000111000101011010100101111110011011101000011001001111011
0000001000111000101011011001001111011101010010111111001101000011
0000001000111000101011011001011111100111101110101001001101000011
0000001000111000101011110010010110011011101101001111110101000011
0000001000111000101011111101010011110010010110111011001101000011
0000001000111001001011001101001111010111011011111100010101000011
0000001000111001001011001101110110100111111000101011110101000011
0000001000111001001011001101110110101000011000101011110100111111
0000001000111001001011001101111010111011010011111100010101000011
0000001000111001001011010111011001101111010000110001010100111111
0000001000111001001011011101100010100111101000011001101010111111
0000001000111001001011011101100110101001111010000110001010111111
0000001000111001001011011111100001100111101001101010111011000101
0000001000111001001011011111100010101001111010111011001101000011
0000001000111001001011011111101010111011000101001101000011001111
0000001000111001001011101100010100110100001100111111010101101111
0000001000111001001011101100010100110101011011110100001100111111
0000001000111001001011110000110011010011111101010110111011000101
0000001000111001001011110100001100110101011011101100010100111111
0000001000111001001011110100111111000011001101010110111011000101
0000001000111001001101111000011001111110101011010010111011000101
0000001000111001001101111110000110011110100101101010111011000101
0000001000111001001101111110101011101100010100101101000011001111
0000001000111001001111010000110001010010110011010101110110111111
0000001000111001001111010000110001010010110111011001101010111111
0000001000111001001111010000110001010100101110110011010110111111
0000001000111001001111010000110001010110011010100101110110111111
0000001000111001001111010000110011011101100010101101010010111111
0000001000111001001111010010110101011111100001100110111011000101
0000001000111001001111010010111011010110001010100001100110111111
0000001000111001001111010100101111110001010110111011001101000011
0000001000111001001111010110001010100001100110110100101110111111
0000001000111001001111010110011010010111011011111100010101000011
0000001000111001001111010110111111000101010010111011001101000011
0000001000111001001111110001010100101110110011011110101101000011
0000001000111001001111110001010110011011101101001011110101000011
0000001000111001001111110101011010000110011011101100010100101111
0000001000111001001111110101011010010111100001100110111011000101
0000001000111001011000101001001101101000011001111010101110111111
0000001000111001011000101001001101111110101011101101000011001111
0000001000111001011000101001001111010000110011011101101010111111
0000001000111001011001111010000110001010010011010101110110111111
0000001000111001011011101100111101000011000101001001101010111111
0000001000111001011101100110101101111110000110001010100100111101
0000001000111001011101101000011001111110101011000101001001101111
0000001000111001011101101001001101111000011001111110101011000101
0000001000111001011101101010110001010010011011110100001100111111
0000001000111001011101101011000101010000110011110100100110111111
0000001000111001011101101011001101111010010011111100001100010101
0000001000111001011110000110011011101101001001111110101011000101
0000001000111001011110100001100110111011010101100010100100111111
0000001000111001011110100100111111000011000101011001101110110101
0000001000111001011110100100111111000011001101110110101011000101
0000001000111001011111100001100010101101110110011010100100111101
0000001000111001101000011001001011011101010111111011000101001111
0000001000111001101001111000011001001011011101010111111011000101
0000001000111001101010010111011011111100010101100100111101000011
0000001000111001101010010111111000101011011101100100111101000011
0000001000111001101010110111010000110010010111101100010100111111
0000001000111001101010110111010011111100001100100101111011000101
0000001000111001101010111011011111100010100101100100111101000011
0000001000111001101010111111000011001001011011101001111011000101
0000001000111001101010111111000101001011011101100100111101000011
0000001000111001101011001001111010010111011011111100010101000011
0000001000111001101011011001001111010000110001010100101110111111
0000001000111001101011011001011101111110000110001010100100111101
0000001000111001101011011101100100111101001011111100010101000011
0000001000111001101100100101101011101111010000110001010100111111
0000001000111001101100100111111000101010010111011110101101000011
0000001000111001101101000011001001111010100101110111111000101011
0000001000111001101101000011001001111010101110111111000101001011
0000001000111001101101001011101111010110010011111100010101000011
0000001000111001101101001011101111110001010100001100100111101011
0000001000111001101101011001011101111010010011111100001100010101
0000001000111001101110100001100100111101100010100101101010111111
0000001000111001101110100001100101100010100100111101101010111111
0000001000111001101110100001100101111011010101100010100100111111
0000001000111001101110100100111101101010111111000011001011000101
0000001000111001101110100100111111000011001011110110101011000101
0000001000111001101110100101101010111111000011001001111011000101
0000001000111001101110101011000101001001111110110100001100101111
0000001000111001101110101011010000110010011111101100010100101111
0000001000111001101110101011010010111100001100100111111011000101
0000001000111001101110101011111101100010100101101000011001001111
0000001000111001101110101011111101101000011001011000101001001111
0000001000111001101110101011111101101001001111000011001011000101
0000001000111001101111110001010100001100100111101001011101101011
0000001000111001111010000110010110101011111100010100100110111011
0000001000111001111010000110010111011010100100110111111000101011
0000001000111001111010000110010111111000101011010100100110111011
0000001000111001111010010011010110010111011011111100010101000011
0000001000111001111010010011010110111011001011111100010101000011
0000001000111001111010010011011111100010101000011001011101101011
0000001000111001111010100100110110100001100101110111111000101011
0000001000111001111010101110111111000101001001101101000011001011
0000001000111001111011000101001011010101110100001100100110111111
0000001000111001111011000101001101010111010000110010010110111111
0000001000111001111011010101110100001100101100010100100110111111
0000001000111001111011010101110100100110111111000011001011000101
0000001000111001111110000110010010111010011010101101111011000101
0000001000111001111110000110010111010010011011110110101011000101
0000001000111001111110110001010010111010101101000011001001101111
0000001000111001111110110001010011010000110010010111010101101111
0000001000111001111110110100001100101110101011000101001001101111
0000001000111001111110110100100110111100001100101110101011000101
0000001000111010000110001010010011010101111011001111110010110111
0000001000111010000110010010110111000101011111100110101001111011
0000001000111010000110010010110111001101010011110110001010111111
0000001000111010000110010010111101100010101101110011010100111111
0000001000111010000110010011011110110001010110101001011100111111
0000001000111010000110010011111100110111000101001011010101111011
0000001000111010000110010011111100110111101101010010111000101011
0000001000111010000110010011111100110111101101010111000101001011
0000001000111010000110010110001010111001111011010100100110111111
0000001000111010000110010111101101010010011111100110111000101011
0000001000111010000110011111100101100010100100110111101101010111
0000001000111010000110011111100101101010111101100010100100110111
0000001000111010000110011111100101111011000101011010100100110111
0000001000111010010011011110110101100010101000011001111110010111
0000001000111010010011011111100001100101100010101110011110110101
0000001000111010010011111100110111000101011000011001011110110101
0000001000111010010111000101010000110010011111100110111101101011
0000001000111010010111001111110000110010011011110110001010110101
0000001000111010010111101100001100100111111001101110001010110101
0000001000111010010111101100100111111001101011011100010101000011
0000001000111010011110110000110010010110111000101011111100110101
0000001000111010011110110001010111111000011001001011011100110101
0000001000111010011111100001100100101111011000101011011100110101
0000001000111010100100110100001100010101101100111111001011110111
0000001000111010100100110110001010110100001100111111001011110111
0000001000111010100100110111100111111011010000110010111000101011
0000001000111010100100110111111011010000110010110001010111001111
0000001000111010100100111100110111000101011111101101000011001011
0000001000111010100100111111011010000110010111100110111000101011
0000001000111010100101101000011001001101111110110001010111001111
0000001000111010100101101000011001001111001101110001010111111011
0000001000111010100101110001010110100001100100110111100111111011
0000001000111010100101110011111101100010101101000011001001101111
0000001000111010100101111001101110001010110100001100100111111011
0000001000111010100101111011100010101101000011001001111110011011
0000001000111010100101111011100010101101100100111111001101000011
0000001000111010100110100001100100101101111110110001010111001111
0000001000111010100110100001100100101110001010110111100111111011
0000001000111010100110100001100100101110011111101100010101101111
0000001000111010100111100110100001100100101101110001010111111011
0000001000111010100111111011000101011011100110100001100100101111
0000001000111010101111011100010100101101000011001001111110011011
0000001000111010101111011100010100101101100100111111001101000011
0000001000111010110100100110110001010100001100111111001011110111
0000001000111010110100101111011100010101000011001001111110011011
0000001000111010110110010011111100110100101111011100010101000011
0000001000111011000011001101001111001001011011100010101111110101
0000001000111011000011001101110001010110100101111001001111110101
0000001000111011000011001101110001010111111001001111010010110101
0000001000111011000011001101110010111101010010011111100010101101
0000001000111011000011001101111001011100010101001001111110101101
0000001000111011000011001111110010010111000101011011110100110101
0000001000111011000011001111110010011011110100101110001010110101
0000001000111011000101001001101110010110101011110100001100111111
0000001000111011000101001011010101111010000110011011100100111111
0000001000111011000101010010011110010111000011001101011011111101
0000001000111011000101010010111001001111010000110011010110111111
0000001000111011000101010011110010010110111111010000110011010111
0000001000111011000101010011110100001100110101110010010110111111
0000001000111011000101010011111101000011001101111001001011010111
0000001000111011000101011010000110011011100100111111010100101111
0000001000111011000101011010000110011111101010010111001001101111
0000001000111011000101011010010111001001101111000011001111110101
0000001000111011000101011010010111100001100110111001001111110101
0000001000111011000101011010100100110111001011110100001100111111
0000001000111011000101011010100100111111000011001101110010111101
0000001000111011000101011010100101110010011011110100001100111111
0000001000111011000101011010100101111001001111110100001100110111
0000001000111011000101011011100001100110101001001111001011111101
0000001000111011000101011011100100101111000011001101001111110101
0000001000111011000101011011100100101111010000110011010100111111
0000001000111011000101011011100100101111010011111100001100110101
0000001000111011000101011011100100111101000011001101010010111111
0000001000111011000101011011100101111110000110011010100100111101
0000001000111011000101011100100101101111110000110011110100110101
0000001000111011000101011100100101101111110101001101000011001111
0000001000111011000101011100100110111111000011001111010010110101
0000001000111011000101011100100110111111010100101101000011001111
0000001000111011000101011110010010110101001111110100001100110111
0000001000111011000101011110100001100110111001001011010100111111
0000001000111011000101011111100001100110111001001111010010110101
0000001000111011000101011111101000011001101010011110010010110111
0000001000111011000101011111101010010110100001100110111001001111
0000001000111011001001111110001010010110111001101010111101000011
0000001000111011001001111110001010110111001101010010111101000011
0000001000111011001011011100111111000101001001101010111101000011
0000001000111011001011110100100110101101110011111100010101000011
0000001000111011001101010010111101000011000101011011100100111111
0000001000111011001101010111101000011000101001011011100100111111
0000001000111011010000110011011100010101111110101001001111001011
0000001000111011010000110011011100101100010101111110101001001111
0000001000111011010000110011111101010010011011110010111000101011
0000001000111011010010011011110010111000101011000011001111110101
0000001000111011010010011110000110011011100101100010101111110101
0000001000111011010010011110010110000110011011100010101111110101
0000001000111011010010011111100010101100001100110111001011110101
0000001000111011010010011111101011000011001101111001011100010101
0000001000111011010010111000101010000110011011110010011111101011
0000001000111011010010111001001111110001010100001100110111101011
0000001000111011010010111100100111111010100001100110111000101011
0000001000111011010010111101010000110011011100100111111000101011
0000001000111011010011111100010101000011001101111010111001001011
0000001000111011010011111100010101111010100001100110111001001011
0000001000111011010011111101010000110011011100010101111001001011
0000001000111011010011111101011100010101000011001101111001001011
0000001000111011010100001100110111001001011000101011110100111111
0000001000111011010100100110111101000011001011100111111000101011
0000001000111011010100100110111101000011001111110010111000101011
0000001000111011010100100111101000011001101110001010111111001011
0000001000111011010100100111101000011001101110010110001010111111
0000001000111011010100100111111001011110100001100110111000101011
0000001000111011010100101110011011110100001100100111111000101011
0000001000111011010101110010110001010010011011110100001100111111
0000001000111011010101110011011110100001100100111111000101001011
0000001000111011010101110011111100010100100110111101000011001011
0000001000111011010110001010100001100110111100100111111010010111
0000001000111011010111001001011000101010000110011011110100111111
0000001000111011011100010101100001100110100100111100101111110101
0000001000111011011100010101111110101000011001101001111001001011
0000001000111011011100100111101010000110011010010111111000101011
0000001000111011011100101111110001010110000110011010010011110101
0000001000111011011110100001100010100100110101011100101100111111
0000001000111011011110100001100010100101100110101011100100111111
0000001000111011011110100001100010101100110101001011100100111111
0000001000111011011110100100110101100101110011111100010101000011
0000001000111011011110100101110011010110010011111100010101000011
0000001000111011011111100010101000011001101001011100100111101011
0000001000111011011111100010101000011001101001111010111001001011
0000001000111011011111101001001111001011100001100110101100010101
0000001000111011011111101001111001001011000101010000110011010111
0000001000111011011111101011000011001101001001111001011100010101
0000001000111011011111101011100010101000011001101001111001001011
0000001000111011100001100101111001101100010101101010010011111101
0000001000111011100010101100001100101111001101101001001111110101
0000001000111011100010101101000011001001111110101001011110011011
0000001000111011100010101101100001100101111110101001001111001101
0000001000111011100010101111001101101001111110101000011001001011
0000001000111011100010101111110101001111001101000011001001011011
0000001000111011100101111010100100110100001100010101101100111111
0000001000111011100101111010100100110110001010110100001100111111
0000001000111011100101111010110100100110110001010100001100111111
0000001000111011100110100001100100111101010010111111000101011011
0000001000111011100110100101111010110110010011111100010101000011
0000001000111011100110101001111010000110010010110110001010111111
0000001000111011100110110000110010111101010010011111100010101101
0000001000111011100110110001010110101001001111110000110010111101
0000001000111011100110110001010110101001011110100001100100111111
0000001000111011100110110001010111101000011001001011010100111111
0000001000111011100110110100100111111000101011000011001011110101
0000001000111011100110110100101111010100001100100111111000101011
0000001000111011100110110100111111000101011110101000011001001011
0000001000111011100110110101000011001001011000101011110100111111
0000001000111011100111111000101010000110010111101011010010011011
0000001000111011100111111000101011010000110010111101010010011011
0000001000111011100111111000101011011001011110101001001101000011
0000001000111011110011011000011001011100010101001001111110101101
0000001000111011110011011000101010011111101000011001001011010111
0000001000111011110011011010010011111101011000011001011100010101
0000001000111011110011011010010111000101010000110010011111101011
0000001000111011110011011010011111101011100010101000011001001011
0000001000111011110011011010110001010100001100100111111010010111
0000001000111011110100001100100101101011100110110001010100111111
0000001000111011110100100111111000011001011100110110101100010101
0000001000111011110100101110011011010110001010100001100100111111
0000001000111011110101001001101101000011001011100111111000101011
0000001000111011110101001011100110110100001100100111111000101011
0000001000111011110101011100101100010100100110110100001100111111
0000001000111011110101011100110110100001100100111111000101001011
0000001000111011110101011100111111000101001001101101000011001011
0000001000111011110101100001100101110011011010010011111100010101
0000001000111011110101100010101000011001101101001011100100111111
0000001000111011110101101000011001001111110001010100101110011011
0000001000111011110101110011011010011111100010101000011001001011
0000001000111011111100001100101110011010110110001010100100111101
0000001000111011111100010101001001111010110110000110010111001101
0000001000111011111100010101001011100110100001100100111101011011
0000001000111011111100010101001111010111001101000011001001011011
0000001000111011111101000011001001011011000101010011110011010111
0000001000111011111101000011001001111001101011011000101010010111
0000001000111011111101011011000011001011100010101001001111001101
0000001000111011111101011100010101001111001101000011001001011011
0000001000111100100101010000110001011001101011101101111110100111
0000001000111100100101010000110011010011101101111110101110001011
0000001000111100100101010011100010110111111010111011001101000011
0000001000111100100101010011101100010110111111010000110011010111
0000001000111100100101011111101000011000101101110110011010100111
0000001000111100100101011111101000011001101010011101100010110111
0000001000111100100101011111101010000110011010011101101110001011
0000001000111100100101011111101010011100010110111011001101000011
0000001000111100100111000101110110111111010110011010010101000011
0000001000111100100111000101111110101001010110111011001101000011
0000001000111100100111011000101111110100001100110101001010110111
0000001000111100100111011011100010111111010100001100110100101011
0000001000111100100111011011111101001010100001100110101100010111
0000001000111100101010010011100001100010111011001101011011111101
0000001000111100101010010011101100010111000011001101011011111101
0000001000111100101011000011001101001001110110111000101111110101
0000001000111100101011000101111110100100111011011100001100110101
0000001000111100101011011100001100110101001001110110001011111101
0000001000111100101011011100010111111010100100111011000011001101
0000001000111100101011011101100110101001001110000110001011111101
0000001000111100110100001100100101010011101111110101110001011011
0000001000111100110100001100100101011111101010011101110001011011
0000001000111100110100001100100111011100010111111010100101011011
0000001000111100110101001001110111000011001010110110001011111101
0000001000111100110101001010110110001011111101000011001001110111
0000001000111100110101101100010111000011001010100100111011111101
0000001000111100110101101100101010010011100001100010111011111101
0000001000111100110101110111111010000110001011011001001010100111
0000001000111101000011000101101100100101010011100110101110111111
0000001000111101000011000101101110110011010100111001001010111111
0000001000111101000011001001110111001101010010101101100010111111
0000001000111101000011001101010010101101110010011101100010111111
0000001000111101000011001101010011101100010110111001001010111111
0000001000111101000011001101011100100101010011101100010110111111
0000001000111101000011010100100110001010110011100101110110111111
0000001000111101000011010100100110001010110111011001110010111111
0000001000111101000011010100101110110111111000101011001001110011
0000001000111101000011010100101111110001010110111011001001110011
0000001000111101000011010101110110111111000101001011001001110011
0000001000111101000011010101111110001010010110111011001001110011
0000001000111101000011011101100010100100110011100101101010111111
0000001000111101000011011101100010101101010010011001110010111111
0000001000111101001001100010101000011010110011100101110110111111
0000001000111101001001100010101000011010110111011001110010111111
0000001000111101001001100111001011101101011000101010000110111111
0000001000111101001001110110111001010110001011111100001100110101
0000001000111101001001110110111111000011001101011000101110010101
0000001000111101001010100001100110101100010111001001110110111111
0000001000111101001011101101111110001010100001101011001001110011
0000001000111101001011111100010101000011010110111011001001110011
0000001000111101001110010010101000011000101100110101110110111111
0000001000111101010000110011010011101101110010010101111110001011
0000001000111101010011100100101011111100010110111011001101000011
0000001000111101010011101110011010000110010010101111110001011011
0000001000111101011000011001101001001110110111111000101110010101
0000001000111101011000101010000110110100100110011100101110111111
0000001000111101011011000011001010100100111011111100010111001101
0000001000111101011011111100010111001010100100111011000011001101
0000001000111101011100100101010000110011010011101101111110001011
0000001000111101011100110100001100100101010011101111110001011011
0000001000111101011101101111110001011001101001110010010101000011
0000001000111101011101111110001011011001001010100111001101000011
0000001000111101100100111000101001011011101000011010101111110011
0000001000111101100100111000101010000110101101110100101111110011
0000001000111101100100111000101011011101000011010100101111110011
0000001000111101100101101110100001101010111111001110001010010011
0000001000111101100101111110011100010101000011010110111010010011
0000001000111101100101111110011100010101101110100001101010010011
0000001000111101100110001010010110111010000110101011111100100111
0000001000111101100110001010100001101011011101001011111100100111
0000001000111101100110001010110111010000110101001011111100100111
0000001000111101101010010011001011101000011011111100111000101011
0000001000111101101010010111010000110111111001100100111000101011
0000001000111101101010111010000110111111001011000101001001100111
0000001000111101101010111010000110111111001100100111000101001011
0000001000111101101010111010000110111111001110001010010011001011
0000001000111101101011000101010000110111111001011101001001100111
0000001000111101101111110010111010000110101001001100010101100111
0000001000111101101111110010111010010011000101010000110101100111
0000001000111101101111110011100010101000011010110010111010010011
0000001000111101101111110011100010101100101110100001101010010011
0000001000111101110101001001100101111110011100010101101000011011
0000001000111101110101001011111100110010011100010101101000011011
0000001000111101110101011111100101101000011011000101001001100111
0000001000111101110101011111100110010011100010100101101000011011
0000001000111101110101011111100111000101001001100101101000011011
0000001000111101110101101001001100101111110011100010101000011011
0000001000111101110101101001011111100110010011100010101000011011
0000001000111101110101101100100111000101010000110100101111110011
0000001000111101110101101100101111110011100010101000011010010011
0000001000111101110101101100110001010100001101001011111100100111
0000001000111101111110010111010110001010100001101101001001100111
0000001000111101111110011001001110001010100001101101001011101011
0000001000111101111110011100010101000011011010010011001011101011
0000001000111111000011000101110110101100110111101001001110010101
0000001000111111000011000101110111101001001110011011010110010101
0000001000111111000011000101111010010011100101011001101110110101
0000001000111111000011001010110001011110100100111011100110110101
0000001000111111000011001010110101001001110111001101100010111101
0000001000111111000011001101110010101100010111101001001110110101
0000001000111111000011001101110010101101010010011101100010111101
0000001000111111000011001101111010010011101101011000101110010101
0000001000111111000101001001100101101010111101000011011100111011
0000001000111111000101001011001001110110111101000011010101110011
0000001000111111000101001011010101111010000110111001100100111011
0000001000111111000101010000110100101111010110110010011101110011
0000001000111111000101010000110101100100111011011110100101110011
0000001000111111000101010000110101100101110011101101111010010011
0000001000111111000101010000110101101110011101100101111010010011
0000001000111111000101010000110110100100110010111001110111101011
0000001000111111000101010000110110100101110011001001110111101011
0000001000111111000101010000110111101001001100101110011101101011
0000001000111111000101010000110111101001011100110010011101101011
0000001000111111000101011001001110110111101000011010100101110011
0000001000111111000101011001011100111011011110100001101010010011
0000001000111111000101011010100100110010111101000011011100111011
0000001000111111000101011010100101111010000110111001100100111011
0000001000111111000101011011100111011001011110100001101010010011
0000001000111111000101100110111011010011100100101011110101000011
0000001000111111000101100110111101011101101001110010010101000011
0000001000111111000101101000011001001010100111011110101110011011
0000001000111111000101101000011001001010111101010011101110011011
0000001000111111000101101000011001101110010010101111010100111011
0000001000111111000101101000011001101111010111001001010100111011
0000001000111111000101110010011101101001010100001100110111101011
0000001000111111000101110010101001001110110000110011011110101101
0000001000111111000101110011011000011001010100100111011110101101
0000001000111111000101110011011010010011101111010110000110010101
0000001000111111000101110011011010010101000011001001110111101011
0000001000111111000101110111101011001001110011011010010101000011
0000001000111111000101111010100001100100111011100110110100101011
0000001000111111000101111010100001100110111001001110110100101011
0000001000111111000101111010100100111011000011001101110010101101
0000001000111111000101111010100100111011100110110000110010101101
0000001000111111000101111010100101011010000110010011101110011011
0000001000111111000101111010100101011010000110011011100100111011
0000001000111111001001110100001101010010111101100110001010110111
0000001000111111001001110100001101010111101100110001010010110111
0000001000111111001001110100101111011001100010101000011010110111
0000001000111111001001110101101100110001010100001101001011110111
0000001000111111001011000101001001100111010000110111101101010111
0000001000111111001011010000110110001010010011001110101011110111
0000001000111111001011010101111011000101001001100111010000110111
0000001000111111001011110110001010110101001001100111010000110111
0000001000111111001011110110011101000011010100100110001010110111
0000001000111111001011110110011101001001100010101000011010110111
0000001000111111001100100111010000110111000101001011010101111011
0000001000111111001100100111010000110111000101011010100101111011
0000001000111111001100100111010000110111101101010010111000101011
0000001000111111001100100111010000110111101101010111000101001011
0000001000111111001100100111010010111000101010000110111101101011
0000001000111111001100100111010100101111011100010101101000011011
0000001000111111001100100111010101111011100010100101101000011011
0000001000111111001100100111010110100101111011100010101000011011
0000001000111111001110100001101010111101100101101110001010010011
0000001000111111001110100001101110001010010011001011010101111011
0000001000111111001110100001101110001010110101001001100101111011
0000001000111111001110100001101111011010100100110010111000101011
0000001000111111001110100001101111011010101110001010010011001011
0000001000111111001110100100110010111000101010000110111101101011
0000001000111111001110101001001100101111011100010101101000011011
0000001000111111001110101011110111000101001001100101101000011011
0000001000111111001110101101001001100101111011100010101000011011
0000001000111111001110101101100101111011100010101000011010010011
0000001000111111010000110001011010111011001101111001001010100111
0000001000111111010000110001011010111011110011011001001010100111
0000001000111111010000110010010101001110111100110110001011010111
0000001000111111010000110010010101111001101100010110101001110111
0000001000111111010000110011011110010010101001110110001011010111
0000001000111111010010011100001100010111011010110011011110010101
0000001000111111010010011100001100010111011110011011010110010101
0000001000111111010010011100001100010111100101011001101110110101
0000001000111111010010011101101011000101110000110011011110010101
0000001000111111010010011101110000110010101100010111100110110101
0000001000111111010010011101111001101101011000101110000110010101
0000001000111111010010101000011000101110110101100110111100100111
0000001000111111010010101000011000101110111100110110101100100111
0000001000111111010010101000011001001110111100110110101100010111
0000001000111111010010101000011001101111001001110110101100010111
0000001000111111010010101100010111100100111011010100001100110111
0000001000111111010010101100010111100110110101000011001001110111
0000001000111111010010101100110111011010100001100010111100100111
0000001000111111010100001100100101011110011011010011101110001011
0000001000111111010100001100100111011100010111100110110100101011
0000001000111111010100001100110111000101111001001110110100101011
0000001000111111010100100111011000011001101110001011110010101101
0000001000111111010100100111011100010111100110110000110010101101
0000001000111111010100101011010000110010011101110001011110011011
0000001000111111010100101011010000110011011100010111100100111011
0000001000111111010100111011100010110100001100100101011110011011
0000001000111111010110010011100010111011110011011010010101000011
0000001000111111010110011011110010011100010111011010010101000011
0000001000111111010111000101101000011001001010100111011110011011
0000001000111111010111000101101000011001101111001001010100111011
0000001000111111010111011001101111001001010100111000101101000011
0000001000111111010111011010011100010110011011110010010101000011
0000001000111111010111011110011011001001010100111000101101000011
0000001000111111010111011110011011010011100010110010010101000011
0000001001000011000101100111101000111001010011010101110110111111
0000001001000011000101100111101101111110010100110101011101000111
0000001001000011000101101100111101110101011111100101001101000111
0000001001000011000101101100111111001010011010001110101011110111
0000001001000011000101101110010100110101011110100011101100111111
0000001001000011000101101110110011110100011100101001101010111111
0000001001000011000101110010101000111011011110100110101100111111
0000001001000011000101110100110101100111101101111110010101000111
0000001001000011000101111010011010110111001010100011101100111111
0000001001000011000101111010100110100011101110010101101100111111
0000001001000011000101111011001111110010101000111010011010110111
0000001001000011000101111110010101101100111101110101001101000111
0000001001000011001010001011000111111010101111001101110110100111
0000001001000011001010001011010011110101011111100110111011000111
0000001001000011001010011011010001110011110101011101111110001011
0000001001000011001010011011010001110111101010111001111110001011
0000001001000011001010011011100111111000101101010111101000111011
0000001001000011001010011011101000111000101101010111111001111011
0000001001000011001010011011110100011101101010111001111110001011
0000001001000011001010011011111100111101101010111010001110001011
0000001001000011001010011100110111011010001011000111111010101111
0000001001000011001010100011100010111010011011111100111101101011
0000001001000011001010100011100010111111001111011101011010011011
0000001001000011001010100011100111101001101111110001011101101011
0000001001000011001010100011101110011111100010111101011010011011
0000001001000011001010110100011100010111111001111011101010011011
0000001001000011001010110100011101110011111100010111101010011011
0000001001000011001010110101001101110011111100010111101000111011
0000001001000011001010110101001101110100011100010111111001111011
0000001001000011001011011101100011100110100010100111101010111111
0000001001000011001101000111001011011101100010100111101010111111
0000001001000011001101001111010101111110010110111011000101000111
0000001001000011001101110110001011010001110010100111101010111111
0000001001000011001101110110001011010011110101011111100101000111
0000001001000011001111010001110010100110111011000101101010111111
0000001001000011001111010001110010101100010111011010100110111111
0000001001000011001111010001110010101101010011011101100010111111
0000001001000011001111010100110110100011100101011000101110111111
0000001001000011001111011000101101010111111001010011011101000111
0000001001000011001111011000101111110010101101010011011101000111
0000001001000011001111011010100110111111001010110001011101000111
0000001001000011001111011010110001011101001101111110010101000111
0000001001000011001111011101010011011000101111110010101101000111
0000001001000011001111011101010111111001010011011000101101000111
0000001001000011001111011101011010011011000101111110010101000111
0000001001000011001111011111100101011000101110101001101101000111
0000001001000011001111110010100110110001011010001110101011110111
0000001001000011001111110010101000111010011011110110101100010111
0000001001000011001111110010101000111010110100110110001011110111
0000001001000011001111110010101101000111010100110110001011110111
0000001001000011010001010011001011011000111011100111101010111111
0000001001000011010001010011101101110011001011000111111010101111
0000001001000011010001110111001011011000101001100111101010111111
0000001001000011010001111011101010011000101111110010101101100111
0000001001000011010001111011101010111111001010011000101101100111
0000001001000011010001111011101010111111001110001011011001010011
0000001001000011010001111110010100110001011011001110101011110111
0000001001000011010001111110010101101100111010100110001011110111
0000001001000011010001111110011101010111101110001011011001010011
0000001001000011010011000101111010110110011101110010101000111111
0000001001000011010011000101111110010101000111101110101101100111
0000001001000011010011001111010101111110010110110001010001110111
0000001001000011010100110001011100101011001110110111101000111111
0000001001000011010100110001011101000111101101111110010101100111
0000001001000011010100110001011110110011101000111111001010110111
0000001001000011010100110001011111100101011011101000111101100111
0000001001000011010101110010100110001011001110110111101000111111
0000001001000011010101110011101101111010001111110001011001010011
0000001001000011010101110100011110110111111001010011000101100111
0000001001000011010101110100011110110111111001110001011001010011
0000001001000011010101111010001111110001011011100111011001010011
0000001001000011010101111011001110100011111100101001100010110111
0000001001000011010101111110010100110001011011101000111101100111
0000001001000011010101111110011100010110111010001111011001010011
0000001001000011010110010101000111101101111110011100010111010011
0000001001000011010110010101000111111000101110011101101111010011
0000001001000011010110011100101010001111010011000101110110111111
0000001001000011010110011101101111010011000101110010101000111111
0000001001000011010110111000101111011001010100011111100111010011
0000001001000011010110111001110110010101000111111000101111010011
0000001001000011010110111010011000101111110010101000111101100111
0000001001000011010110111011001110010101000111101001100010111111
0000001001000011011000101101000111011100101001100111101010111111
0000001001000011011000101101000111101110101011111100101001100111
0000001001000011011000101101000111111001010011001110101011110111
0000001001000011011000101101001100111101010111111001010001110111
0000001001000011011000101111010100110011101110010101101000111111
0000001001000011011000101111010110100110011101110010101000111111
0000001001000011011000101111110010101000111101110101101001100111
0000001001000011011000101111110010101101000111101110101001100111
0000001001000011011010001111010100110011100101011000101110111111
0000001001000011011010001111011111100101011000101110101001100111
0000001001000011011010001111011111100111000101110101001100101011
0000001001000011011010001111110001011100111011110101001100101011
0000001001000011011010011001010001011000111111010101111001110111
0000001001000011011010011001010100011110111111001110001011101011
0000001001000011011010011001010100011111100010111001110111101011
0000001001000011011010011001110010101000111101011000101110111111
0000001001000011011010011001110111101011000101110010101000111111
0000001001000011011100101001100111011000101101010111101000111111
0000001001000011011100101011010100110011101100010111101000111111
0000001001000011011100110010100111011010001011000111111010101111
0000001001000011011101000111101100010110101011111100101001100111
0000001001000011011101000111101100010111111001010110101001100111
0000001001000011011110100011111100010111001110110101001100101011
0000001001000011011110100110010101000111111000101110011101101011
0000001001000011011110100110011101101011000101110010101000111111
0000001001000011011110110101001100111010001111110010101100010111
0000001001000011011111100101010001111011010110001011101001100111
0000001001000011011111100101011000101110100011110110101001100111
0000001001000011011111100111000101110100011110110101001100101011
0000001001000011011111100111000101110100110010101000111101101011
0000001001000011100101001111010101101000110011011101100010111111
0000001001000011100110100010100111101010110111011000110010111111
0000001001000011100110111011000110010100111101010110100010111111
0000001001000011100110111011010001011111101010110001100101001111
0000001001000011101100011010001010011110101011011100110010111111
0000001001000011101100011011100110010100111101010110100010111111
0000001001000011101101000101111110101011000110111001100101001111
0000001001000011101101001111001100101000101111110101011000110111
0000001001000011101101110011001011111101010110001101000101001111
0000001001000011101110010100110011110101011010001101100010111111
0000001001000011101110011110101011011000110100010100110010111111
0000001001000011111100101000110011011101100010111101010110100111
0000001001000011111100101000110110001011110101011010011001110111
0000001001000011111100101111010101101100010100011010011001110111
0000001001000011111100101111010101101110110001010001100110100111
0000001001000011111100110010100010111101010110100111011000110111
0000001001000011111100110111011000110010100010111101010110100111
0000001001000011111101010110001011110010100011001101110110100111
0000001001000011111101010110001011110010100011011010011001110111
0000001001000011111101010110001100101000101111001101110110100111
0000001001000011111101010110001100101001110011011101101000101111
0000001001000011111101010110001101000101001110110111001100101111
0000001001000011111101010110001101101001100101000101111001110111
0000001001000011111101010110001101110011001010011101101000101111
0000001001000101010011000011011110101110110011111100011100101101
0000001001000101010011000111000011010110111100111111011001011101
0000001001000101010011000111000011010111011001111001011011111101
0000001001000101010011000111000011011110010110101110110011111101
0000001001000101010011000111001011010111011001111110000110111101
0000001001000101010011000111001011011111100001101011101100111101
0000001001000101010011000111001111110000110110010110101110111101
0000001001000101010011000111111001110111000011011001011010111101
0000001001000101010011000111111011001011110011100001101011011101
0000001001000101010011001011010111000011011000111011110011111101
0000001001000101010011001011010111011110000110110001110011111101
0000001001000101010011001011011000111001111110111100001101011101
0000001001000101010011001011011000111011111100001101011100111101
0000001001000101010011001011011000111111000011010111101110011101
0000001001000101010011001011100111111000011010110111101100011101
0000001001000101010011001011110110001111110000110101101110011101
0000001001000101010011001111001011011111101011100011101100001101
0000001001000101010011001111010111001011011111100011101100001101
0000001001000101010011001111110001110110000110111101011100101101
0000001001000101010011001111110101110001110110000110111100101101
0000001001000101010011010110001110011111101101111000011001011101
0000001001000101010011010110001111110000110010111101101110011101
0000001001000101010011010110010111100111000011000111111011011101
0000001001000101010011010110010111101101110000110001111110011101
0000001001000101010011011010111001111110000110010110001110111101
0000001001000101010011011010111011110000110010110001110011111101
0000001001000101010011011100001100011111100111011010110010111101
0000001001000101010011011100111011010110001111110000110010111101
0000001001000101010011011101101011001011110011100001100011111101
0000001001000101010011011110000110010111011010110001110011111101
0000001001000101010011100001111110110010111100110001101011011101
0000001001000101010011100110010110110001101011110000111111011101
0000001001000101010011100110010111100001111110110001101011011101
0000001001000101010011100110101100011001011110000111111011011101
0000001001000101010011100110111011010110001100101111000011111101
0000001001000101010011101110000111111001100011011001011010111101
0000001001000101010011111100001110110101100011001011100110111101
0000001001000101010011111100110001101011011110110010111000011101
0000001001000101010011111100110001101100101101011100001110111101
0000001001000101010011111101100011010110111100001110011001011101
0000001001000101010011111101101111000011100110101100011001011101
0000001001000101010011111101111000011100110010110110001101011101
0000001001000101011110010110000110111000111011010011001111110101
0000001001000101011110010110011111101001100011100001101110110101
0000001001000101011110010110101001100011100001101110110011111101
0000001001000101011110011111101001100101100011101110000110110101
0000001001000101011110100110001110010110011111100001101110110101
0000001001000101011110100110010110001110111001111110000110110101
0000001001000101011110100110011111100001101110010110001110110101
0000001001000101011110101001100001101110110011111100011100101101
0000001001000101011110101001100111111000111011000011011100101101
0000001001000101011111100001101010011000111001011011101100111101
0000001001000101011111100001101010011001011011000111011100111101
0000001001000101011111100011100101101110110011110101001100001101
0000001001000101011111100011101101110010110000110100110011110101
0000001001000101011111100011101110011110101001100101101100001101
0000001001000101011111101001100111100101100011101101110000110101
0000001001000101011111101010011001111001011011100011101100001101
0000001001000101100001101001100111011011100011110010101111110101
0000001001000101100001101001100111011011100101011111100011110101
0000001001000101100001101001100111011011111100011110101110010101
0000001001000101100001101001100111011011111101011100011110010101
0000001001000101100001101101001100101011110011101110001111110101
0000001001000101100011001010011111100001110111101010111001101101
0000001001000101100011001010011111101010111011110000111001101101
0000001001000101100011001010111001101101010011111100001110111101
0000001001000101100011001010111011110000111001101101010011111101
0000001001000101100011100111111010101110111100001100101001101101
0000001001000101100011101111010101110011111100001100101001101101
0000001001000101100011110010101111110100110011101101110000110101
0000001001000101100011110100110011101101110010101111110000110101
0000001001000101100011110100110011101101111110000110101110010101
0000001001000101100011111100001101101011100111011110100110010101
0000001001000101100011111100001101110010101111010011001110110101
0000001001000101100011111100001101111010011001110110101110010101
0000001001000101100011111101001100101011110011101110000110110101
0000001001000101100011111101001100111011010111000011011110010101
0000001001000101100111000011010111011011111101001100011110010101
0000001001000101100111000111111010111011010011000011011110010101
0000001001000101100111001010111101001100011111100001101110110101
0000001001000101101010011000111000011011001010111011110011111101
0000001001000101101010011000111111000011011101100111001010111101
0000001001000101101010011000111111001110111000011011001010111101
0000001001000101101010011001010111001111110000110110001110111101
0000001001000101101010011001010111011110000110110001110011111101
0000001001000101101010011001010111100111011100001101100011111101
0000001001000101101010011001110110001111110000110111001010111101
0000001001000101101010011101110000111111001100011011001010111101
0000001001000101101010011111100110001101100101011100001110111101
0000001001000101101011100001101111001010100110011101100011111101
0000001001000101101011100101010011001110110001111110000110111101
0000001001000101101011101100111000011011110010101001100011111101
0000001001000101101011101100111001010100110001111110000110111101
0000001001000101101011101111001110000110110010101001100011111101
0000001001000101101100011010100111001100101011110000111111011101
0000001001000101101100011010100111111011110000111001100101011101
0000001001000101101100011100111111011110000110101001100101011101
0000001001000101101100011110011101110000110101001100101011111101
0000001001000101101100011111100001101010011001010111101110011101
0000001001000101101100101001100011111100111010101111011100001101
0000001001000101101100101001100011111101110101011110011100001101
0000001001000101101100101001110000111111011101010111100110001101
0000001001000101101100101001110101011110111000011111100110001101
0000001001000101101100101010011000111100111000011010111011111101
0000001001000101101100101011110011000110101001110000111111011101
0000001001000101101100101011110011100001101010011000111111011101
0000001001000101101100101011110111000011010100110001111110011101
0000001001000101101100101011110111000011111100110001101010011101
0000001001000101101110000110101001100111011000111100101011111101
0000001001000101101110001111001010111111010100110011101100001101
0000001001000101101110010101111110000110101001100111011000111101
0000001001000101101110010101111110001111010100110011101100001101
0000001001000101101110110011100001101010011000111100101011111101
0000001001000101101110110011100011110010101111110101001100001101
0000001001000101101110110011100101011111100001101010011000111101
0000001001000101101110110011100101011111100011110101001100001101
0000001001000101101111110000110101110010101001100111011000111101
0000001001000101101111110000110101110110011100101010011000111101
0000001001000101101111110001111010111001010100110011101100001101
0000001001000101101111110001111010111011001110010101001100001101
0000001001000101101111110101110001111001010100110011101100001101
0000001001000101101111110101110110011100011110010101001100001101
0000001001000101110000111010101101111011001010011111100110001101
0000001001000101110000111011001010011111100110001101111010101101
0000001001000101110000111011001010110101001111110011000110111101
0000001001000101110011001010011111100001110101011011110110001101
0000001001000101110011001010011111100001110110001101111010101101
0000001001000101110011001010110101001111110000111011000110111101
0000001001000101110011001010110111101100011010100111111000011101
0000001001000101110011011110101011000110010100111111000011101101
0000001001000101110011111100001100101001101111010101100011101101
0000001001000101110011111100001100101011000111011010100110111101
0000001001000101110011111100001101010011001010110111101100011101
0000001001000101110101011000110010100111111011011110000111001101
0000001001000101110101011000111001111110110111100001100101001101
0000001001000101110101011011110000111001100101001111110110001101
0000001001000101110101011011110011111101100101001100011100001101
0000001001000101110110001101111000011100110010100111111010101101
0000001001000101110110001101111000011100110010101101010011111101
0000001001000101110110010100110001110000110111100111111010101101
0000001001000101110110010101101010011000111000011011110011111101
0000001001000101110110101001101111000011001010110001110011111101
0000001001000101111000011111101010110001100101001110011011101101
0000001001000101111000011111101100011010100111001100101011011101
0000001001000101111000011111101101110101011000110010100111001101
0000001001000101111001100011010100111000011111101100101011011101
0000001001000101111001100011011101100101001110000111111010101101
0000001001000101111001100011011101100101011010100111000011111101
0000001001000101111001110000110001111110101011001010011011101101
0000001001000101111001110000110001111110110111010101100101001101
0000001001000101111001110000110101001100011111101100101011011101
0000001001000101111001110000110111011001010011000111111010101101
0000001001000101111001110000110111011001010110101001100011111101
0000001001000101111010101100011111100001100101001101110011101101
0000001001000101111010101100101001101110000110001111110011101101
0000001001000101111011000111111000011010100110010101101110011101
0000001001000101111011001010011000111111001110101011011100001101
0000001001000101111011001010011101010110111000011111100110001101
0000001001000101111011001010110111000011010100110001111110011101
0000001001000101111011001010110111000011111100110001101010011101
0000001001000101111011011100001100011111100111010101100101001101
0000001001000101111011011100111010101100011111100001100101001101
0000001001000111000011010100111100101101110110011000101011111101
0000001001000111000011010111011001100010101001111001011011111101
0000001001000111000011010111011011111101001111001011001100010101
0000001001000111000011011001011010111011110011000101010011111101
0000001001000111000011011101100110001010111100101101010011111101
0000001001000111000011011110010110101110110011000101010011111101
0000001001000111000101010011110010110111111010111011001100001101
0000001001000111000101010011111101011101100110000110111100101101
0000001001000111000101010011111101011101111001100001101100101101
0000001001000111000101011110010110011000011011101101001111110101
0000001001000111000101011111101010011110010110111011001100001101
0000001001000111001011001100001101001111010111011011111100010101
0000001001000111001011001100001101110110100111111000101011110101
0000001001000111001011001100001101111010111011010011111100010101
0000001001000111001011001100010101111010011111100001101110110101
0000001001000111001011010100111111000011011101100110001010111101
0000001001000111001011010111011001100010101001111110000110111101
0000001001000111001011011101100110001010111111000011010100111101
0000001001000111001011011111100001101011101100110001010100111101
0000001001000111001011011111100010101001111010111011001100001101
0000001001000111001100010101001111110000110110010110101110111101
0000001001000111011100001101010011110011001011011000101011111101
0000001001000111011100001101100010101111001100101101010011111101
0000001001000111011100010101111001100101100001101101001111110101
0000001001000111011100010101111110101001111001100101101100001101
0000001001000111011100110010110000110110100111111000101011110101
0000001001000111011100110010110001010111101001111110000110110101
0000001001000111011100110010110101001111110000110110001010111101
0000001001000111011100110010110110001010111111000011010100111101
0000001001000111011110011001011000011011010011111101011100010101
0000001001000111011110011001011010111000011011000101010011111101
0000001001000111011110100111111000011011010111001100101100010101
0000001001000111011110101110011001011000011011010011111100010101
0000001001000111011111100001101011100110010110110001010100111101
0000001001000111011111100010101001111010111001100101101100001101
0000001001000111011111101011100010101001111001100101101100001101
0000001001000111100101010011100001101011101100110001011011111101
0000001001000111100101010011100010110111111010111011001100001101
0000001001000111100101011111101010011100010110111011001100001101
0000001001000111100110001011011001010100111000011010111011111101
0000001001000111100110010101001110111111010111000101101100001101
0000001001000111100110010101111110101001110111000101101100001101
0000001001000111101010011100101011111100010110111011001100001101
0000001001000111101010011101110011001010111111000101101100001101
0000001001000111101011100110010101001110111111000101101100001101
0000001001000111101011101101111110001011001100001101001110010101
0000001001000111101011101111110001011011001010100111001100001101
0000001001000111111000011011000101101010011101110011001010111101
0000001001000111111000011011000101101011100110010101001110111101
0000001001000111111000011011001010100111001100010110101110111101
0000001001000111111000011011010111011110100111001100010110010101
0000001001000111111000011011101100110001011010100111001010111101
0000001001000111111000101100001101101001110111001100101011110101
0000001001000111111000101100001101101001110111101011100110010101
0000001001000111111000101100110000110111011010011100101011110101
0000001001000111111000101100110000110111101011101101001110010101
0000001001000111111010011100001101101011101111001100010110010101
0000001001000111111010111000101100001101101001110111100110010101
0000001001000111111010111011001100001101111001010100111000101101
0000001001000111111010111011010011100010110011000011011110010101
0000001001000111111010111011110011000011011001010100111000101101
0000001001000111111010111011110011000011011010011100010110010101
0000001001010001011000011011010101111001110111000111111010011001
0000001001010001011000011011100011101101010111111010011110011001
0000001001010001011000011011100011111101001110110101011110011001
0000001001010001011000111011010101111110100111100110010000110111
0000001001010001011000111100100001101010111111010011001110110111
0000001001010001011000111101001100111011011100100001101010111111
0000001001010001011000111111010011001110110101011110010000110111
0000001001010001011000111111010011101101010111100110010000110111
0000001001010001011001110001111110101011110010000110111011010011
0000001001010001011001110010000110111011010101111010011000111111
0000001001010001011010101111010011001000011011000111111001110111
0000001001010001011010101111010011100011111100110111011000011001
0000001001010001011010101111010011101100001101110001111110011001
0000001001010001011010101111010011101100011111100110010000110111
0000001001010001011010101111110011110100110010000110110001110111
0000001001010001011110011001000011111101001110110101011000110111
0000001001010001011110011011101101010110000111111010011100011001
0000001001010001011110011011101101010110001100100001111110100111
0000001001010001011110011101110001101101010110000111111010011001
0000001001010001011111101001111001100100001110110101011000110111
0000001001010001011111101001111001101110110101011000011100011001
0000001001010001011111101001111001101110110101011000110010000111
0000001001010001100110111011010101100001110001011111101001111001
0000001001010001100110111011010101100001111110100111000101111001
0000001001010001100110111011010101100010111100100001111110100111
0000001001010001100110111011010101100010111111010011110010000111
0000001001010001101101010110000111011100010111111010011001111001
0000001001010001101101010110000111111010011001110111000101111001
0000001001010001101101010110001011110010000111111010011001110111
0000001001010001101101010110001011111101001100111100100001110111
0000001001010001110001011000011001101110110101011111101001111001
0000001001010001110111000101100001101101010111111010011001111001
0000001001010001111110010000110011011101100010110101011110100111
0000001001010001111110010000110110001011010101111010011001110111
0000001001010001111110100110011101110001011000011011010101111001
0000001001010001111110100111000101100001100110111011010101111001
0000001001010001111110101011110010000110111011010011100010110011
0000001001010001111110101011110011001000011011010011101110001011
0000001001010011000111100100001101010111111010001011011101100111
0000001001010011000111101000101101110110011100100001101010111111
0000001001010011000111111010001011010101111001000011011101100111
0000001001010011001000011010101111110100010110110001111001110111
0000001001010011001000011011000111011100111101000101101010111111
0000001001010011001000011011000111111010001011010101111001110111
0000001001010011001000011011010101111110100010110001110111001111
0000001001010011001110110001111001000011010101111110100010110111
0000001001010011001110110001111010001011011100100001101010111111
0000001001010011001110110001111110100010110101011110010000110111
0000001001010011001110111001000011011000101101010111101000111111
0000001001010011001110111001000011111101000110110101011000101111
0000001001010011001111000101100001101101010111111010001110111001
0000001001010011001111000101111110100011011010101100001110111001
0000001001010011001111010001110111001000011011000101101010111111
0000001001010011100001101000101101100110001111011101010111111001
0000001001010011100001101010111010001011001100011110110111111001
0000001001010011100010110010000110101011101000111101101111110011
0000001001010011100010110100011110111010101111110011001000011011
0000001001010011100010110100011111101010111100100001101110110011
0000001001010011100010110101011111100110010000110111010001111011
0000001001010011100010110110010000110100011110111010101111110011
0000001001010011100010110111010001111011001000011010101111110011
0000001001010011100011110110000110111010001011010101111110011001
0000001001010011100011110110101011101000101100001101111110011001
0000001001010011100011110110111111001100001101010111010001011001
0000001001010011100011110111010101111110011000011010001011011001
0000001001010011100100001100110111011000101101010111101000111111
0000001001010011100100001101000111101010111111000101101110110011
0000001001010011100100001101110110011000101101010111101000111111
0000001001010011100100001111110100011001101110110101011000101111
0000001001010011100110000110101011101101111110001111010001011001
0000001001010011100110000110101011111100011110100010110111011001
0000001001010011100110010000110110100011110101011101111110001011
0000001001010011100110111011010101100001111110100010111100011001
0000001001010011100110111011010101100011001000011111101000101111
0000001001010011100110111011010101111000111111010001011000011001
0000001001010011101000101100001101111011010101110001111110011001
0000001001010011101000101101010111101100001101110001111110011001
0000001001010011101000101101110000110101011110110011000111111001
0000001001010011101000101101110001111110011000011010101111011001
0000001001010011101000111111001000011010101111011001100010110111
0000001001010011101000111111001100100001101110001011010101111011
0000001001010011101000111111001100100001101111011010101110001011
0000001001010011101010111101110000110100010110110011000111111001
0000001001010011101010111101110001011010001111110011001000011011
0000001001010011101010111101110001011011001000011010001111110011
0000001001010011101010111101110001111110011000011010001011011001
0000001001010011101100100001101010111101000111111000101101110011
0000001001010011101100110001011011100100001101010111101000111111
0000001001010011101100110001111110000110101011110100010110111001
0000001001010011101101010110000111111010001011110001101110011001
0000001001010011101101010110001101110011001000011111101000101111
0000001001010011101101010111001100100001101111010001111110001011
0000001001010011101101010111100011111101000101100001101110011001
0000001001010011101101111010001011001100011111100001101010111001
0000001001010011101101111010001111110001011001000011010101110011
0000001001010011101110001011010001111110101011110011001000011011
0000001001010011101110011001000011010001111010101111110001011011
0000001001010011101110011001000011011000101101010111101000111111
0000001001010011101111010101110011001000011011010001111110001011
0000001001010011110001011000011001101110110101011111101000111001
0000001001010011110001011111101000110011011101101010110000111001
0000001001010011110001110011011101101010111111010001011000011001
0000001001010011110001110110101011111101000101100001101110011001
0000001001010011110100010110011010101110110111111000011000111001
0000001001010011110100010110101011111100001100110111011000111001
0000001001010011110100010110101011111100011101100001101110011001
0000001001010011110100010110111011001101010111111000011000111001
0000001001010011110100011100100001100010110011010101110110111111
0000001001010011110100011100100001100010110111011001101010111111
0000001001010011110100011100110101011101101111110001011001000011
0000001001010011110100011100110101011111100010110111011001000011
0000001001010011110101011101111110000110011011010001011000111001
0000001001010011110101011101111110001110011011010001011000011001
0000001001010011110110001011010101111110010000110011011101000111
0000001001010011110110001110000110011011101000101101010111111001
0000001001010011110110011010101111110010000110001011011101000111
0000001001010011110110101011101000101100011100001100110111111001
0000001001010011110110111111001000011000101100110101011101000111
0000001001010011110110111111001101010111010001110001011001000011
0000001001010011110111010101111110010000110001011011001101000111
0000001001010011110111010101111110010000110011011000101101000111
0000001001010011110111010101111110011010001110001011011001000011
0000001001010011111100001100011101100110101011110100010110111001
0000001001010011111100001100011101101111010001011001101010111001
0000001001010011111100001100110110100010110001110111101010111001
0000001001010011111100001100110111101000101100011101101010111001
0000001001010011111100010110111001101010111101000111011001000011
0000001001010011111100011101101010111001101111010001011000011001
0000001001010011111100011101111010101110011011010001011000011001
0000001001010011111100100001100010110110011010001110101011110111
0000001001010011111100100001100110110001011010001110101011110111
0000001001010011111100110100011101010111101110001011011001000011
0000001001010011111100110111000111010001011010101111011000011001
0000001001010011111100110111101101010111000111010001011000011001
0000001001010100001101001100111011011111100011110101110010001011
0000001001010100001101001100111011011111101011100011110010001011
0000001001010100001101001110010001111010111011011111100010110011
0000001001010100001101011100100010110001111010011001110110111111
0000001001010100001101011101101111110100110001111001000101100111
0000001001010100001101101001110001011001000111111010111011110011
0000001001010100001101101001110111100110010001111110101110001011
0000001001010100001101101001110111101011100110010001111110001011
0000001001010100001101101011100111011110100110010001011000111111
0000001001010100001101101011101111001100010110010001111110100111
0000001001010100001101101011101111010011100110001011001000111111
0000001001010100001101111001000101100011111101001100111011010111
0000001001010100001101111001000101100111000111111010111011010011
0000001001010100001101111001000111111010111011010011100010110011
0000001001010100001101111010011001110110101110010001011000111111
0000001001010100001101111010111011010011100100011111100010110011
0000001001010100010111000011001101111011010110001110100111111001
0000001001010100010111000111010011111100110111101101011000011001
0000001001010100010111001101101001111110001110111101011000011001
0000001001010100010111001101111010011111100011101101011000011001
0000001001010100010111010011100001101011001100011110110111111001
0000001001010100010111010011100011110110101100001101111110011001
0000001001010100010111010011100011110110111111001100001101011001
0000001001010100010111010011110110101100011100001100110111111001
0000001001010100010111010110000110110100111000111101111110011001
0000001001010100010111010110001110000110011011010011110111111001
0000001001010100010111011010110000110111111000111101001110011001
0000001001010100010111011011111100001101011001100011110100111001
0000001001010100010111011011111100011110100111001100001101011001
0000001001010100010111011111100001100110110100111101011000111001
0000001001010100010111011111100011100110110100111101011000011001
0000001001010100010111011111100011110101100001101101001110011001
0000001001010100010111101001110110011000111111000011010110111001
0000001001010100010111101001111110000110001110110011010110111001
0000001001010100010111101011010011111100001100110110001110111001
0000001001010100010111101011010011111100011101110011011000011001
0000001001010100010111101011011001100011111100001101001110111001
0000001001010100010111101011011001101001111110000110001110111001
0000001001010100010111101100110101101110000110001110100111111001
0000001001010100010111101110000110001110101101100110100111111001
0000001001010100010111101110000110011011000111010110100111111001
0000001001010100010111101110000110100111010110110011000111111001
0000001001010100010111101110001110101101001111110011011000011001
0000001001010100010111101110001111110011000011010011101011011001
0000001001010100010111111000011010110111011001100011110100111001
0000001001010100010111111000111101001110011000011010110111011001
0000001001010100010111111001100001101001110001111011101011011001
0000001001010100010111111001100001101011011101001110001111011001
0000001001010100011100010111010011110110111111001101011001000011
0000001001010100011100010111111001101001111011101011011001000011
0000001001010100011100010111111001101011011101001111011001000011
0000001001010100011100100001100110110100111101011000101110111111
0000001001010100011101001111110010000110001011110110011010110111
0000001001010100011101001111110010000110011011110110101100010111
0000001001010100011101001111110011010110111000101111011001000011
0000001001010100011101011010011111100100001100110110001011110111
0000001001010100011101011011001101001111110010000110001011110111
0000001001010100011101100110101101110010000110001011110100111111
0000001001010100011101101011000101110010000110011011110100111111
0000001001010100011101101111010011111100010111001101011001000011
0000001001010100011101110010000110001011110101101100110100111111
0000001001010100011101110010000110011011000101111010110100111111
0000001001010100011101110011010011111100010111101011011001000011
0000001001010100011101111010110001011100100001100110110100111111
0000001001010100011110100111001000011010110011000101110110111111
0000001001010100011110100111001000011010110111011001100010111111
0000001001010100011110100111001100100001101111110001011101101011
0000001001010100011110110010000110101101110100111000101111110011
0000001001010100011110110011000101111110010000110101101110100111
0000001001010100011110110111111001000011010110011000101110100111
0000001001010100011110111010110100111000101111110011001000011011
0000001001010100011110111010110110010000110100111000101111110011
0000001001010100011110111010110110011000101111110010000110100111
0000001001010100011110111111001100100001101101001110001011101011
0000001001010100011111100010111001100100001101101001110111101011
0000001001010100011111100010111001100100001101111010011101101011
0000001001010100011111100010111101001110110010000110101101110011
0000001001010100011111100010111101011010011101110011001000011011
0000001001010100011111100010111101011011001000011010011101110011
0000001001010100011111100100001101001110101101100110001011110111
0000001001010100110001111001000101101111110100001101011101100111
0000001001010100110001111010000110101110110011100100010110111111
0000001001010100110001111110100001101100100010110101110111100111
0000001001010100110001111110100001101111001000101101011101100111
0000001001010100110010001011010111001110111101000011011000111111
0000001001010100110010001011011000111100111011111101000011010111
0000001001010100110010001011011000111101000011010111001110111111
0000001001010100110011101100011110010001011011111101000011010111
0000001001010100110011101100011110100001101011100100010110111111
0000001001010100110011101100011111101000011011110010001011010111
0000001001010100111000101101000011011001000111111010111011110011
0000001001010100111000101101000011011110010001111110101110110011
0000001001010100111001000111101000011010111011001100010110111111
0000001001010100111001000111111000101101000011011110101110110011
0000001001010100111001100010110101110111101000011011001000111111
0000001001010100111001100010110110010001111010000110101110111111
0000001001010100111011110011001000111111010000110110001011010111
0000001001010100111011110011001000111111010111000101101000011011
0000001001010100111011110100001101100010110101110011001000111111
0000001001010100111011110101110011001000111111000101101000011011
0000001001010110000110110100010111010100111000111101111110011001
0000001001010110000110110100010111011111100011110101001110011001
0000001001010110000110111101101010011101000101110001111110011001
0000001001010110000110111111000111101000101110110101001110011001
0000001001010110001011100100001100110110100011101111010100111111
0000001001010110001011100100001100110111101000111011010100111111
0000001001010110001011101010011110111111001000011001101101000111
0000001001010110001011101101010011110100011100100001100110111111
0000001001010110001110000110011011010001011101010011110111111001
0000001001010110001110100010111000011001101111011010100111111001
0000001001010110001110110101001111110000110011011110100010111001
0000001001010110001110111101010011111100001100110110100010111001
0000001001010110010000110101001110001011101000111101101111110011
0000001001010110010000110101001110110111101000111111000101110011
0000001001010110011000101110010000110101001110110111101000111111
0000001001010110011000101110100011110110111111001000011010100111
0000001001010110011000111101000101110110111111000011010100111001
0000001001010110011000111111000011010100111011011110100010111001
0000001001010110011010100111101000101110110111111000011000111001
0000001001010110011010100111101000111001000011000101110110111111
0000001001010110011010100111101101111110010000110001011101000111
0000001001010110011010100111111000011000111011011110100010111001
0000001001010110100010111101010011111100001100110110001110111001
0000001001010110100010111101010011111100011101110011011000011001
0000001001010110100010111101110000110011011000111010100111111001
0000001001010110100010111101110001110101001111110011011000011001
0000001001010110100011101010011111100100001100110110001011110111
0000001001010110100011101110010000110011011000101111010100111111
0000001001010110100011110111010100111000101111110011001000011011
0000001001010110100011111100010111101010011101110011001000011011
0000001001010110101001110001011111100110010000110111010001111011
0000001001010110101001110001111011000011011101000101111110011001
0000001001010110101001110100010111101100001101110001111110011001
0000001001010110101001110100011111100110010000110111000101111011
0000001001010110101001111010001011111100001100110111011000111001
0000001001010110101001111010001011111100011100110111011000011001
0000001001010110101001111010001110010000110011011101100010111111
0000001001010110101001111011000101111110010000110011011101000111
0000001001010110101001111011000111000011001101110100010111111001
0000001001010110101001111110011011100011101000101111011000011001
0000001001010110110010000110100011110111010100111000101111110011
0000001001010110110010000110100011111100010111101010011101110011
0000001001010110110011000101111010100111011100100001101000111111
0000001001010110110011000101111110010000110100011110111010100111
0000001001010110110011000111101110101001110000110100010111111001
0000001001010110110011000111111000011010001011110101001110111001
0000001001010110110011010001011110101001111110000110001110111001
0000001001010110110011010001011110111000011000111010100111111001
0000001001010110110011010001110101001111110010000110001011110111
0000001001010110110011010001110111001000011000101111010100111111
0000001001010110111000011000111010001011110110011010100111111001
0000001001010110111000011010100111010001011110110011000111111001
0000001001010110111000101111011001000011010100111010001111110011
0000001001010110111000111111001100001101010011101000101111011001
0000001001010110111001000011000101111010001110110011010100111111
0000001001010110111001000011010100111011001100010111101000111111
0000001001010110111001101010011111100010111101000111011001000011
0000001001010110111010001011111100110000110101001110001111011001
0000001001010110111010001110001011111100110101001111011001000011
0000001001010110111010001111011001000011010100111000101111110011
0000001001010110111010001111011001100010111111001000011010100111
0000001001010110111011001100011110100010111111000011010100111001
0000001001010110111011001101010011110100010111111000011000111001
0000001001010110111011001101010011110100011100100001100010111111
0000001001010111100100010110001111110100110011101101010000110111
0000001001010111100100010110011100011111101010000110111011010011
0000001001010111100100010110100001101110001111110101001100111011
0000001001010111100100010110100001101110110011100011111101010011
0000001001010111100100010110101001100011111101000011011101100111
0000001001010111100100010110101001100111011000111111010000110111
0000001001010111100100011111101000011011101100110001011010100111
0000001001010111100100011111101010000110111011010011100010110011
0000001001010111100100011111101010011100010110100001101110110011
0000001001010111100110010001111110100001101100010110101001110111
0000001001010111100110010001111110101000011011010011101110001011
0000001001010111100110010001111110101001110111000101101000011011
0000001001010111100111011100011111101010000110110100110010001011
0000001001010111100111011100011111101010011001000101101000011011
0000001001010111101000011011000101101010011101110011001000111111
0000001001010111101000011011100100010110101001100111011000111111
0000001001010111101000011011101100110001011010100111001000111111
0000001001010111101000011011101100111001000101101010011000111111
0000001001010111101001100111011010100001101110010001011000111111
0000001001010111101010000110110100111011100110010001111110001011
0000001001010111101010000110111011010011100100011111100010110011
0000001001010111101010011100100011111100010110100001101110110011
0000001001010111101010011101110011001000111111000101101000011011
0000001001010111111000111101010000110100110011101101110010001011
0000001001010111111010000110101001100011110010001011011101100111
0000001001010111111010000110101001100100010110110001111001110111
0000001001010111111010000110101001100111011000111100100010110111
0000001001010111111010100001101001100111011011100011110010001011
0000001001011000011010101111000111111010001010011101101110011001
0000001001011000011010101111110100010100111100011101101110011001
0000001001011000101000111011100110010000110110101011110100111111
0000001001011000101010000110110101110011001000111011110100111111
0000001001011000111011010100001101110010001010111101001100111111
0000001001011000111011010111001000101010000110111101001100111111
0000001001011000111011011100110010000110101011111101000101001111
0000001001011000111011011111101001100111100100010101000011010111
0000001001011000111011110011111101001100100010101000011011010111
0000001001011000111011110100110010001010100001101101011100111111
0000001001011000111111010001010011101101110011001000011010101111
0000001001011001000101010000110110101110111100111111010011000111
0000001001011001000101010000110110101110111101001100011100111111
0000001001011001000111000101010000110110100111111010111011110011
0000001001011001000111001100010101000011011010111011110100111111
0000001001011001100010100011100100001101110110101011110100111111
0000001001011001100010101000011010111011011111101001111001000111
0000001001011001111001000101010000110101110110111111010011000111
0000001001011001111010011000111001000101010000110101110110111111
0000001001011001111010111011011111100011100100010101000011010011
0000001001011001111110001110010001010100001101111010111011010011
0000001001011001111110001110010001010111101010000110111011010011
0000001001011010000110110010001110001010100111111010111011110011
0000001001011010000110111001000101011110101001100111111000111011
0000001001011010000110111011001111110001110010001010111101010011
0000001001011010000110111100100010101001100111111010111000111011
0000001001011010000110111100100011100010101001111110101110110011
0000001001011010000110111101011100100010101001100111111000111011
0000001001011010000110111101011101100111111000111001000101010011
0000001001011010001010011001111110101011110010000110111000111011
0000001001011010001110001010011111101010111100100001101110110011
0000001001011010001110111000101001111110101011110011001000011011
0000001001011010100110001110010001010111101000011011101100111111
0000001001011010100110010001010111100111111010000110110001110111
0000001001011010100110010001010111101000011011000111011100111111
0000001001011010100111111010000110110001010111100110010001110111
0000001001011010100111111010000110111011001100010101111001000111
0000001001011010101111001000011011101100110001010011111101000111
0000001001011010101111001000011011101100111111010001010011000111
0000001001011010101111001100100001101100010100111111010001110111
0000001001011010101111001111110100010100110010000110110001110111
0000001001011010101111010001010011000111001000011011101100111111
0000001001011010101111010001010011001000011011000111011100111111
0000001001011010101111010001110010000110111011001100010100111111
0000001001011010101111010001110111001100100001101100010100111111
0000001001011010111001100100011101111010000110110001010100111111
0000001001011010111011001100010101001111110100001101111001000111
0000001001011010111011001111110100001101111001000101010011000111
0000001001011010111011110011000101010011111101000011011001000111
0000001001011010111011110011111101000011011001000101010011000111
0000001001011010111011110100001101100100010101001100011100111111
0000001001011010111011110100001101100100011100110001010100111111
0000001001011011000011010101111010001111110001010011001110111001
0000001001011011000011010101111010011001110111000101000111111001
0000001001011011000011010101111110001010011001111010001110111001
0000001001011011000011010101111110001110111001111010001010011001
0000001001011011000101000111111001000011010101111010011001110111
0000001001011011000101001100111011100100001101010111101000111111
0000001001011011000101001100111101000111011100100001101010111111
0000001001011011000101001111001100100001101010111111010001110111
0000001001011011000101001111010001110111001100100001101010111111
0000001001011011000101010011110011001000111011111101000011010111
0000001001011011000101010011110100001101011100110010001110111111
0000001001011011000101011111101000011010100111100110010001110111
0000001001011011000111011100111101000011010100110010001010111111
0000001001011011001000101010011000111001111010000110101110111111
0000001001011011001000111001100010101001111010000110101110111111
0000001001011011100100001101000101001100111101010111111000111011
0000001001011011100110010000110101011110100010100111011000111111
0000001001011011101100001100110101011110100011111100010100111001
0000001001011011101100001100110101011110100111000101000111111001
0000001001011011101100001100110101011111100010100111101000111001
0000001001011011101100010100011111100100001100110101011110100111
0000001001011011101100010100111001000011001101010111101000111111
0000001001011011101100010100111101000111001000011001101010111111
0000001001011011101100110001010011110010000110101011111101000111
0000001001011011101100110001010011110100011100100001101010111111
0000001001011011101100110001010111111010000110101001111001000111
0000001001011011101100111100100001101010111111010001010011000111
0000001001011011101100111100100010101111110100001101010011000111
0000001001011011101100111101000011010100110001110010001010111111
0000001001011011101100111101000101001100011100100001101010111111
0000001001011011101100111101010111111000111001000011010001010011
0000001001011011111101000011010111011001100010101001111001000111
0000001001011011111101000011010111011001111001000101010011000111
0000001001011110001101010110000111111010001010011101101110011001
0000001001011110100010100111001101010110111011000011111100011001
0000001001011110100010100111001101010110111011000110010000111111
0000001001011110100010100111011000011111100011010101101110011001
0000001001011110100010100111011000110101011011100110010000111111
0000001001011110100011001101010110111011000011111100010100111001
0000001001011110100011001101010110111011000101001110010000111111
0000001001011110100011010101101100001111110001010011001110111001
0000001001011110100011010101101100010100110011101110010000111111
0000001001011110100110011101110001010001101010110110000111111001
0000001001011110100111000101000110011010101101110110000111111001
0000001001011111100010100110011110100011010101101100001110111001
0000001001011111100010100111101000110011010101101110110000111001
0000001001011111100011010101101100001110111001111010001010011001
0000001001011111101000101001111000110101011000011101101110011001
0000001001100001101000101101100111000111111011101010111100101001
0000001001100001101000101101100111010101111011100011111100101001
0000001001100001101000101110001110101011011110110011111100101001
0000001001100001101000101111011001110101011011100011111100101001
0000001001100001101000101111110001111010101101110110011100101001
0000001001100001101000101111110101011011101100111000111100101001
0000001001100001101001000101110110111111000111101011001110010101
0000001001100001101001000101110110111111010110011100011110010101
0000001001100001101001000101111011100011111100111010110110010101
0000001001100001101001000101111110011100011110111010110110010101
0000001001100001101010010001011110110010101101110001111110011101
0000001001100001101010010001011111100111000111101100101011011101
0000001001100001101010111101100101001000101101110001111110011101
0000001001100001101010111111001110001111011001010010001011011101
0000001001100001101011011100011111100101111011001110100010101001
0000001001100001101011011100011111100111010010001011110110010101
0000001001100001101011011101001000101111110011100011110110010101
0000001001100001101011011110110011111100101110001110100010101001
0000001001100001101011110010110110011100011111101110100010101001
0000001001100001101011110111000111111001011011001110100010101001
0000001001100001101100101010010001011101111001110001111110101101
0000001001100001101100111011100011111100101011110100010110101001
0000001001100001101100111011100011111100101101011110100010101001
0000001001100001101100111111001010111000111011110100010110101001
0000001001100001101100111111001011010111000111011110100010101001
0000001001100001101101001000101110111100111000111111010110010101
0000001001100001101110110011100011111101000101111001010110101001
0000001001100001101110110011100011111101010010001011110010101101
0000001001100001101110110011111100011100101111010100100010101101
0000001001100001101110110011111100011100101111010101101000101001
0000001001100001101110110100100010101100111111000111001011110101
0000001001100001101110110100100010111100101011001110001111110101
0000001001100001101111001010100100010111011001110001111110101101
0000001001100001101111010001011100011101100111111001010110101001
0000001001100001101111010101101000101110001110110011111100101001
0000001001100001101111010110011111100011100101110110100100010101
0000001001100010110011100101001000111101000011010101110110111111
0000001001100010110011101101111010000110101011100101001000111111
0000001001100010110111010000110101011111100101001000111101100111
0000001001100010110111011001110010100100011110100001101010111111
0000001001100010111001010100001101011001110110111101001000111111
0000001001100010111001010110011101101111010000110101001000111111
0000001001100010111010000110101001000111101101111110010101100111
0000001001100010111010010001111011011111100101010000110101100111
0000001001100010111101011011001110111001010100001101001000111111
0000001001100010111101100111010000110101001000111111001010110111
0000001001100010111101100111010010001111110010101000011010110111
0000001001100010111111001010100001101001000111101110101101100111
0000001001100010111111001010100001101011011101001000111101100111
0000001001100010111111001010110111010000110101001000111101100111
0000001001100011100001101010010001010110111011001111001011111101
0000001001100011100001101010010001011011001111110111100101011101
0000001001100011100001101010110111011001111001011111101000101001
0000001001100011100001101011001111001011101101111110100100010101
0000001001100011100001101100111111010101110111100101001000101101
0000001001100011100001101101011001011101111001111110100100010101
0000001001100011100001101111001010010001011101100111111010101101
0000001001100011100001101111001010110101001000101110110011111101
0000001001100011100001101111001011101101011001111110100100010101
0000001001100011100100001101010110111011001111010001010010111111
0000001001100011100100010101000011010110011110100101110110111111
0000001001100011100100010101000011011110100101110110101100111111
0000001001100011100100010101001011101100111101000011010110111111
0000001001100011100100010101101010010111101000011011101100111111
0000001001100011100100010101101110110011110100001101010010111111
0000001001100011100101110110101100111111000011011110100100010101
0000001001100011100101110110111111000011010110011110100100010101
0000001001100011100101111010010001010110011111100001101110110101
0000001001100011100101111110000110101001000101011011101100111101
0000001001100011100101111110000110101011011101100111101000101001
0000001001100011100111101000011010110110010001010100101110111111
0000001001100011100111111000011011010110010111011110100100010101
0000001001100011101010110111101100111111001010010001011100001101
0000001001100011101100111111001010010001011100001101111010101101
0000001001100011101100111111001010110101001000101110000110111101
0000001001100011101111010101110000110110011111100101001000101101
0000001001100011110010001011101101111110100101010000110101100111
0000001001100011110010001011111101000011010100101011011101100111
0000001001100011110010101001000101110110011100001101011011111101
0000001001100011110010101101110110011100001101010010001011111101
0000001001100011110011100001101011011001010100100010111011111101
0000001001100011110100001101010010101101110110011100100010111111
0000001001100011110100010111111000011010101101110110011100101001
0000001001100011110100100010111111000011010110111011001110010101
0000001001100011110100101010000110101100111001000101110110111111
0000001001100011110110011100001101010010001011111100101011011101
0000001001100011110110011100001101010111111001010010001011011101
0000001001100011110110011100001101011011101001000101111110010101
0000001001100011110110111111001010010001011001110000110101011101
0000001001100011110110111111001010110011100001101010010001011101
0000001001100011110111010100100010111111001010110110011100001101
0000001001100011110111010101111110010100100010110110011100001101
0000001001100011110111010110110011100001101001000101111110010101
0000001001100011111100001101001000101111010110110011101110010101
0000001001100011111100001101010010001011100101011001110110111101
0000001001100011111100001101010111001010010001011001110110111101
0000001001100011111100001101011001110110111101001000101110010101
0000001001100011111100001101110110011100101011010100100010111101
0000001001100011111100001101110110101011001110010100010111101001
0000001001100011111100001101111010010001011101101011001110010101
0000001001100011111100101001000101101110000110101011110110011101
0000001001100011111100101001000101111011001110101011011100001101
0000001001100011111100101011011001110101001000101111011100001101
0000001001100011111100101011110111000011010100100010110110011101
0000001001100011111101001000101110110101100111000011011110010101
0000001001100011111101001000101110111100111000011011010110010101
0000001001100011111101001000101111001010110011100001101110110101
0000001001100011111101001010001011110010000110111011010101100111
0000001001100011111101001010100001101101011001000101110111100111
0000001001100011111101001010100001101111001000101110110101100111
0000001001100011111101100111000011010100100010111100101011011101
0000001001100011111101110101011110010100100010110110011100001101
0000001001100100001101000101001011111100011101110011110101011011
0000001001100100001101010110110001110111001111010001010010111111
0000001001100100001101101001010001011110011101110001111110101011
0000001001100100001101101010110001111110100101000101111001110111
0000001001100100010101000011011010010111000111011110011111101011
0000001001100100010101000011011010010111001111110001110111101011
0000001001100100010101000011011010110001110111100111111010010111
0000001001100100010101000011011010110001110111101001011100111111
0000001001100100010101001011100011101111001111110101101000011011
0000001001100100010101001011100111101000011010110110001110111111
0000001001100100010101001011100111111000111011110101101000011011
0000001001100100010101101010010111100111111010000110110001110111
0000001001100100010101101010010111101000011011000111011100111111
0000001001100100010101101100011101110011110100001101010010111111
0000001001100100010111001110111101001010100001101101011000111111
0000001001100100010111100111011100011111101010000110110100101011
0000001001100100010111100111011100011111101010010101101000011011
0000001001100100010111111010000110101001010110110001111001110111
0000001001100101000101111001110111000011011010101100011111101001
0000001001100101000101111001110111000111111010101100001101101001
0000001001100101001000101100001101111011010101110001111110011101
0000001001100101001000101100001101111110011100011110110101011101
0000001001100101001000101101010111101100001101110001111110011101
0000001001100101001000101101010111111001110001111011000011011101
0000001001100101001000111101101010111010000110111111001110001011
0000001001100101001000111101110101011111100111000101101000011011
0000001001100101001000111111000101101010111101000011011100111011
0000001001100101001000111111001110100001101110001011010101111011
0000001001100101001000111111001110100001101111011010101110001011
0000001001100101001000111111001110101011110111000101101000011011
0000001001100101010000110110100100011110111111001110001011101011
0000001001100101010000110110100100011111100010111001110111101011
0000001001100101010000110111101001000111111000101110011101101011
0000001001100101010000110111111001110001011101001000111101101011
0000001001100101010010001011100001101011011000111100111011111101
0000001001100101010010001011100011110011101111110101101100001101
0000001001100101010010001011100111011111100001101011011000111101
0000001001100101010010001011100111011111100011110101101100001101
0000001001100101011000011011010010001011110011101110001111110101
0000001001100101011000011011110110101001000101110001111110011101
0000001001100101011000011011111100111000111101101010010001011101
0000001001100101011000111111010010001011110011101110000110110101
0000001001100101011010100100010111100111011100001101100011111101
0000001001100101011010100100010111101100001101110001111110011101
0000001001100101011010100100010111111001110001111011000011011101
0000001001100101011010100100011111100010111101000011011100111011
0000001001100101011010100100011111100111010000110111000101111011
0000001001100101011011000111100111011100001101010010001011111101
0000001001100101110000110110101100011101111001111110100100010101
0000001001100101110001110111100111111010110000110110100100010101
0000001001100101110011111100001101101011000111011110100100010101
0000001001100101110011111100011101111010110000110110100100010101
0000001001100101111001111110100100010101100011101110000110110101
0000001001100101111010010001010110001110111001111110000110110101
0000001001100101111110000110101001000101011011000111011100111101
0000001001100101111110000110101011011000111011100111101000101001
0000001001100101111110001110111001111010100100010101101100001101
0000001001100101111110001110111001111010101101100001101000101001
0000001001100111000011011000111101110101001000101111110010101101
0000001001100111000011011000111101110101011111100101001000101101
0000001001100111000011011000111101110101101001000101111110010101
0000001001100111000011011010010001011101011000111101111110010101
0000001001100111000011011111100101001000101100011110110101011101
0000001001100111000011011111100101011000111101101010010001011101
0000001001100111001010010001011000111101010111011111100001101101
0000001001100111001010010001011010101111110000110111011000111101
0000001001100111001010010001011011000111111011101010111100001101
0000001001100111001010010001011110000110111011000111111010101101
0000001001100111001010010001111010000110111011000101101010111111
0000001001100111001010100001101101001000111101011000101110111111
0000001001100111001010110001011101101010010001111010000110111111
0000001001100111001010110001111010100100010111011111100001101101
0000001001100111001010110101001000101111000011011101100011111101
0000001001100111001010110101001000101111110000110111011000111101
0000001001100111001010110101001000111101000011011101100010111111
0000001001100111001010110111010001011110001111110110000110101001
0000001001100111001010111100001101010010001011011000111111011101
0000001001100111001010111100011111101110100010110110000110101001
0000001001100111001011011000011010111100011111101110100010101001
0000001001100111001011110001111110110000110101101110100010101001
0000001001100111010000110111101101010010001111110010101100010111
0000001001100111010010001011100001101111011010110001111110010101
0000001001100111010010001111110010101000011011110110101100010111
0000001001100111010100100010111101110000110110001111110010101101
0000001001100111010100100011111100101011010000110110001011110111
0000001001100111010101101110010100100010111101100011111100001101
0000001001100111010101111011100001101100011111100101001000101101
0000001001100111010101111011100101001000101101100011111100001101
0000001001100111010110100100010111101110000110110001111110010101
0000001001100111010110100100011111100101010000110110001011110111
0000001001100111011000011010001011111100011110101011011100101001
0000001001100111011000011010001011111101010110111000111100101001
0000001001100111011000011011100011111101010010001011110010101101
0000001001100111011000011011100011111101010110100010111100101001
0000001001100111011000011011110010101001000101110001111110101101
0000001001100111011000101101010111101000011011100101001000111111
0000001001100111011000101111010000110111001010110101001000111111
0000001001100111011000111100100010111111010000110101001010110111
0000001001100111011000111100101010010001011100001101011011111101
0000001001100111011000111100101011011100001101010010001011111101
0000001001100111011000111101000011010100101011011100100010111111
0000001001100111011000111101000101111110000110101011011100101001
0000001001100111011000111111000011011100101001000101101010111101
0000001001100111011000111111000011011100101001000101111010101101
0000001001100111011010010001011100011111101011000011011110010101
0000001001100111011010010001011110010101100001101110001111110101
0000001001100111011010010100010111100100001101110001111110101011
0000001001100111011010010101000011011110010001011100011111101011
0000001001100111011010100001101110010001011110100101011000111111
0000001001100111011010100100010111001010110001111110000110111101
0000001001100111011010101100011111100001101110010100010111101001
0000001001100111011010101100011111101001010001011110010000110111
0000001001100111011010101110010100100010110001111110000110111101
0000001001100111011010110001011100101010000110111101001000111111
0000001001100111011010110001111110100100010111000011011110010101
0000001001100111011010110001111110100101010000110111100100010111
0000001001100111011011100001101010110001111001010001011111101001
0000001001100111011011100011110010000110100101000101111110101011
0000001001100111011011100011110010001011111101010000110100101011
0000001001100111011011100011110010100010111111010101100001101001
0000001001100111011011100011110010101100001101001000101111110101
0000001001100111011011100100001101001010001011111100011110101011
0000001001100111011011100100001101010110001111010010100010111111
0000001001100111011011100100010111111000111101010000110100101011
0000001001100111011011100101000101111110000110101011000111101001
0000001001100111011011100101000101111110001111010101100001101001
0000001001100111011011100101011000011010010001011111100011110101
0000001001100111011011100101011000111101001000101111110000110101
0000001001100111011011111100001101011000111101001000101110010101
0000001001100111011011111100011110101100001101001000101110010101
0000001001100111011011111101001000101110000110101100011110010101
0000001001100111011011111101001010100001101011000111100100010111
0000001001100111011011111101011000011010010001011100011110010101
0000001001100111011100101010000110110001011110101101001000111111
0000001001100111011100101011010000110110001011110101001000111111
0000001001100111011110101001000101110010101100011111100001101101
0000001001100111011110101011100101001000101100011111100001101101
0000001001100111011110101100010111001010100001101101001000111111
0000001001100111011110101100011111100001101101001000101110010101
0000001001100111100100001101000101001011111101010110111000111011
0000001001100111100100010101000011010010111000111011011111101011
0000001001100111100100010101000011010110001110110111111010010111
0000001001100111100101110000110101100011101101111110100100010101
0000001001100111100101110001110110111111010110000110100100010101
0000001001100111100101111110100100010101100011101101110000110101
0000001001100111100101111110101001000101011011100011101100001101
0000001001100111100101111110101011011100011101100001101000101001
0000001001100111101001000101011000111011011100101111110000110101
0000001001100111101001011100100010101000011010110001110110111111
0000001001100111101010000110100101111110001110110111001000101011
0000001001100111101010010001010110111001011111100011101100001101
0000001001100111101010110111001000011010001010010111111000111011
0000001001100111101010110111001011111100011101100001101000101001
0000001001100111111000011010100100010111001010110111101100011101
0000001001100111111000011011000111011110101011100101001000101101
0000001001100111111000011011100101111010010001010110001110110101
0000001001100111111000111010001011100101011011110110000110101001
0000001001100111111000111010101101111011000011010001011100101001
0000001001100111111000111011000011011100101111010100100010101101
0000001001100111111000111011000011011100101111010101101000101001
0000001001100111111000111011000011011110100010111001010110101001
0000001001100111111000111011000011011110101011010001011100101001
0000001001100111111000111011010010001010110000110111001011110101
0000001001100111111000111011010010111001000101010000110111101011
0000001001100111111000111011010010111101010000110111001000101011
0000001001100111111010001011101100001101111000111001010110101001
0000001001100111111010010111100100010101100011101101010000110111
0000001001100111111010100001101110001110110100101111001000101011
0000001001100111111010100101111001000101011010000110111000111011
0000001001100111111010101101000101001011110010000110111000111011
0000001001100111111010101101000101110110000110111100011100101001
0000001001100111111010101110111100001101100011100101001000101101
0000001001100111111010110000110111100101110001110110100100010101
0000001001100111111010110100001101111001000101010010111000111011
0000001001100111111011000011010001011101010110111100011100101001
0000001001100111111011000011010110111100011100101110100010101001
0000001001100111111011000111001010010001011101010110111100001101
0000001001100111111011000111001010110111100001101010010001011101
0000001001100111111011110000110101001000101101100011100101011101
0000001001100111111011110001110010101110100010110110000110101001
0000001001100111111011110001110010110110000110101110100010101001
0000001001101000011000101101100111101110101011111100101001000111
0000001001101000011000101101100111111001010010001110101011110111
0000001001101000011000101111010100100011101110010101101100111111
0000001001101000011000101111110010101101100111101110101001000111
0000001001101000101110101011000011001111110110111100011100101001
0000001001101000101111000111111011011101010110000110011100101001
0000001001101001000101111010110110011111100001100011101110010101
0000001001101001000101111011100001100011101011011001111110010101
0000001001101001000111000101111110011110111010110110010101000011
0000001001101001000111010110110011111100101010000110001011110111
0000001001101001000111011100101010000110001011110101101100111111
0000001001101001000111011100111111000101111010110110010101000011
0000001001101010010001011100101011001111110000110001110110111101
0000001001101010010001011101101111110000110001110010101100111101
0000001001101010010001011110000110011100101011000111111011011101
0000001001101010010001011110010101100111000011000111111011011101
0000001001101010010001011110110011111100101011011100001100011101
0000001001101010010001011110110111000011000111111001010110011101
0000001001101010010001011110110111001010110001111110000110011101
0000001001101010010001011111100001100011100101011011101100111101
0000001001101010010001110001011111100111101100101011011101000011
0000001001101010010001110010101100111101000011000101110110111111
0000001001101010010001110010101101110110011110100001100010111111
0000001001101010010001110100001100010111101100111111001010110111
0000001001101010010001110110010101101110011111100010111101000011
0000001001101010010001110110111101000011000101110010101100111111
0000001001101010111001010010001011001111110000110001110110111101
0000001001101010111001010010001110110111101000011000101100111111
0000001001101010111001111110001011001010010001110110111101000011
0000001001101010111010000110001011001111011011111100101001000111
0000001001101010111011011111100001100011100101001000101100111101
0000001001101010111011011111100010110010100100011100111101000011
0000001001101010111101000011000101101110010100100011101100111111
0000001001101010111101100111111001010010001011011100001100011101
0000001001101010111101100111111001010010001110100001100010110111
0000001001101010111111000011000111001010010001011011101100111101
0000001001101010111111000101101110110010100100011100111101000011
0000001001101010111111001111011001010010001110001011011101000011
0000001001101011000011001110010111100011111101101110100010101001
0000001001101011000011001111110110111100011100101110100010101001
0000001001101011001111010010001011101101111110000110001110010101
0000001001101011001111010010001110010101000011000101110110111111
0000001001101011001111011011111100101010000110001011101001000111
0000001001101011001111110000110001110110111101001000101110010101
0000001001101011011100001100011101001000101111011001111110010101
0000001001101011011100101010000110001011110100100011101100111111
0000001001101011011100111111000101111010010001110110010101000011
0000001001101011011101001000111000101111110011110110010101000011
0000001001101011011101100111101001000101111110000110001110010101
0000001001101011011101100111101001000111001010100001100010111111
0000001001101100010110100001100111101110101011111100101001000111
0000001001101100010110100001100111111001010010001110101011110111
0000001001101100010111101010010001110111001010110100001100111111
0000001001101100010111101011010010001110111001010100001100111111
0000001001101100010111111001010100001100111101110101101001000111
0000001001101100010111111001010110100001100111101110101001000111
0000001001101100011100001100111101110101001000101111110010101101
0000001001101100011100001100111101110101011111100101001000101101
0000001001101100011100001100111101110101101001000101111110010101
0000001001101100011101010010001011110111000011001111110010101101
0000001001101100011101010111101110000110011111100101001000101101
0000001001101100011101011010010001011110111000011001111110010101
0000001001101101000011001010010001110011110101011101111110001011
0000001001101101000011001010010001110111101010111001111110001011
0000001001101101000011001111010100100011100101011000101110111111
0000001001101101000011001111011111100101011000101110101001000111
0000001001101101000101100001100111111000111011110101011100101001
0000001001101101000101100001100111111010101110111100011100101001
0000001001101101001000101110011111100011101111010110000110010101
0000001001101101001000101110101100011100001100111101111110010101
0000001001101101001000101110111111000011001111010110001110010101
0000001001101101001000101110111111000111001111010110000110010101
0000001001101101001000111001010100001100111101011000101110111111
0000001001101101001000111011110101100010111001010100001100111111
0000001001101101010010001011000111001010111011110000110011111101
0000001001101101010010001011000111111000011001110111001010111101
0000001001101101010010001011001110111000011000111111001010111101
0000001001101101010010001011001111110010101110000110001110111101
0000001001101101011100101100001100111111000111011110100010101001
0000001001101101011101111000111001011000011001111110100010101001
0000001001101110000110001111110010100100010111101010110011101101
0000001001101110000110001111110010101100111011010100100010111101
0000001001101110000110011111100101001000101101010111101100011101
0000001001101110000110011111100101011010100100010111101100011101
0000001001101110010100100010111101010110001111110000110011101101
0000001001101110010100100011101100010110101011110100001100111111
0000001001101110010101100011111100001100111011010100100010111101
0000001001101110010101101010010001110110001011110100001100111111
0000001001101110011111100010110101011110100001100101001000111011
0000001001101110011111100010111101000011001010110101001000111011
0000001001101110011111100011101100001100101001000101101010111101
0000001001101110011111100011101100001100101011010100100010111101
0000001001101110100001100101001000111000101101010111111001111011
0000001001101110100001100101011010100100011100010111111001111011
0000001001101110100001100111101100010110101011111100101001000111
0000001001101110100001100111101100010111111001010110101001000111
0000001001101110110000110010100100010110101011111100011100111101
0000001001101110110000110010101101010010001011111100011100111101
0000001001101110110001110010100100010110101011111100001100111101
0000001001101110110001110010101101010010001011111100001100111101
0000001001101110110100010111100011111101010110000110011100101001
0000001001101110110101001000101111000011001110010101100011111101
0000001001101110110101001000101111001010110011100001100011111101
0000001001101110110101100001100111001011110001111110100010101001
0000001001101111000011001111110101011000111001010010001011101101
0000001001101111000111001010110000110011111101000101110110101001
0000001001101111000111001011101101011000011001111110100010101001
0000001001101111010000110010100100011101101010111001111110001011
0000001001101111010001011100101011000011001111110001110110101001
0000001001101111010010001011100111111000111011010110000110010101
0000001001101111010010001110110101100010111001010100001100111111
0000001001101111010101100001100111111000111011010001011100101001
0000001001101111010101100111111001010010001011100001100011101101
0000001001101111011010100100010111000011001111110010101100011101
0000001001101111011010100100011101000011001111110010101100010111
0000001001101111011010101110000110011111100101001000101100011101
0000001001101111011010110001110100100010111000011001111110010101
0000001001101111110000110011110100100010111011010110001110010101
0000001001101111110001011101101010010001110011110100001100101011
0000001001101111110001110011110100100010111011010110000110010101
0000001001101111110010100100010110001110000110011110110101011101
0000001001101111110010101000011001111011010110001011101001000111
0000001001101111110010101100010111010000110011110110101001000111
0000001001101111110010101100011100001100111101101010010001011101
0000001001101111110011110110101001000111000101110100001100101011
0000001001101111110011110110101011101000011001010010001110001011
0000001001110000110101001000111100101011011101100110001011111101
0000001001110000110101001010110011000111101101111110010001011101
0000001001110000110101011011101100110001011111101000111100101001
0000001001110000110101100110001011101101111110100100011110010101
0000001001110000110101100110001111011011111100100010111010010101
0000001001110000110101101100101010010001111001100010111011111101
0000001001110000110111011001100010111100101011010100100011111101
0000001001110000110111011010101100110001011110010100011111101001
0000001001110000111111011001100011010100100010111100101011011101
0000001001110000111111011101010111100101001000101101100110001101
0000001001110001011101000011010100101011001000111101101111110011
0000001001110001011101000011011111100110010001111011010100101011
0000001001110001011101001010100001101011001000111101101111110011
0000001001110001011101001010100001101111110011001000111101101011
0000001001110001011101100110000110111100101010010001111110101101
0000001001110001011101101001000111111010110011000011011110010101
0000001001110001011101101001010100001101111001000111111010110011
0000001001110001011101101111110101100110000110100100011110010101
0000001001110001011101111001100001101100101010010001111110101101
0000001001110001011101111001100001101101001000111111010110010101
0000001001110001011101111110101101100101010010001111001100001101
0000001001110001011110010000110111011010010100011111101010110011
0000001001110001011110010001111110101000011011101101001010110011
0000001001110001011110010001111110101001010110100001101110110011
0000001001110001011110010100011111101010110011000011011101101001
0000001001110001011110010101100110000110111011010010001111110101
0000001001110001011111100110010001111011101010010101101000011011
0000001001110001011111100110010001111011101011010010101000011011
0000001001110001011111101010010001111001010110111011001100001101
0000001001110001011111101010110111011001100001101000111100101001
0000001001110001100001111110100010111100101011001101110110101001
0000001001110001100001111110101011001101110110100010111100101001
0000001001110001100001111110110111010001011110010101100110101001
0000001001110001100001111110110111010101100110100010111100101001
0000001001110001101000101101100110000111111011101010111100101001
0000001001110001101011110010110110011000011111101110100010101001
0000001001110001101110110011000011111101000101111001010110101001
0000001001110001101110110011000011111101010110100010111100101001
0000001001110001111011001000101111110011000011010100101011011101
0000001001110001111011001000101111110011000011010110111010010101
0000001001110001111011010100101011000011011111100110010001011101
0000001001110001111011010110000110111111001100100010111010010101
0000001001110001111011011111100110000110101001010110010001011101
0000001001110001111011011111100110000110101100100010111010010101
0000001001110001111011101010010101101100100010111111001100001101
0000001001110001111011101011011001000101111110011000011010010101
0000001001110001111011111100110010001011101010010101100001101101
0000001001110001111011111100110010001011101011000011011010010101
0000001001110010000110111011010010100011111100010111101010110011
0000001001110010000110111011010101100110001011110100101000111111
0000001001110010001011101101111110000110101001010110011000111101
0000001001110010001011101101111110000110101100110001111010010101
0000001001110010001011111100001101010010101101110110011000111101
0000001001110010001011111100001101011011101100110001111010010101
0000001001110010001111010000110101001010110011000101110110111111
0000001001110010001111010010101000011010110111011001100010111111
0000001001110010001111110001011101101001010100001101111010110011
0000001001110010001111110001011110101000011011101101001010110011
0000001001110010001111110001011110101001010110100001101110110011
0000001001110010100011111100001101110110101011001100010111101001
0000001001110010100011111100010111101010110011000011011101101001
0000001001110010100100010111100001111110101011000110011011101101
0000001001110010100100010111100001111110110111010101100011001101
0000001001110010101001000111101011011111100010111011001100001101
0000001001110010101001000111111000101110110011000011011110101101
0000001001110010101100001111110100010111100011001101110110101001
0000001001110010101100001111110110111010001011110001100110101001
0000001001110010101100011001101010010001011110000111111011011101
0000001001110010101100011001101110110101001000101111000011111101
0000001001110010101100110000110111011010010001111110001011110101
0000001001110010101100110001011110100100011111100001101110110101
0000001001110010101101010010001111110000110111011001100010111101
0000001001110010101101110110011000101111110000110101001000111101
0000001001110010111100011001101011000011111101101110100010101001
0000001001110010111100011001101110110101100001111110100010101001
0000001001110011000011010100101011001000101110110111111000111101
0000001001110011000011010100101011011101100100010111111000111101
0000001001110011000011010110010001011101101111110001111010010101
0000001001110011000011010110111011001000101111110001111010010101
0000001001110011000011011001010100100011111100010111011110101101
0000001001110011000011011010010001111110001011101111010110010101
0000001001110011000101110111101001000111111000011011010110010101
0000001001110011000101110111101001010100001101101011001000111111
0000001001110011000101110111111000011010110110010101001000111101
0000001001110011001000101110110101001010110000110111111000111101
0000001001110011001000101110110101100001101111110001111010010101
0000001001110011001000101110111111000111101010010101100001101101
0000001001110011001000101110111111000111101011000011011010010101
0000001001110011001000111101000011011111100010111011010100101011
0000001001110011001000111101001010100001101111110001011101101011
0000001001110100001101010010101101110001011110110010001111110011
0000001001110100010110110011000011111100101011110111000110101001
0000001001110100010111101100110000111111001010110111000110101001
0000001001110100010111101101110001100001111110010101100110101001
0000001001110100010111101101110010101100001111110001100110101001
0000001001110100101010000110101101110001011110110010001111110011
0000001001110101001010110110010001011110111000111111001100001101
0000001001110101001010110110011000111111001000101111011100001101
0000001001110101011000011111100011001101000101111011011100101001
0000001001110101011001101000101111011011100011000011111100101001
0000001001110101011011100001111110010100100010111101100110001101
0000001001110101011011100011010001011110110011000011111100101001
0000001001110101011110111000011111100101001000101101100110001101
0000001001110101011110111000110100010110110011000011111100101001
0000001001110101101100100010111101110001111110011000011010010101
0000001001110101101100110001111110010001011110111000011010010101
0000001001110110010001111110001011110100001101010010101101110011
0000001001110110010001111110001011110100101010000110101101110011
0000001001110110011000101111010000110101001010110111001000111111
0000001001110110011000101111010010101000011010110111001000111111
0000001001110110011000110111000011111100101001000101111010101101
0000001001110110011000110111000011111100101011010100100010111101
0000001001110110011000111111000011010100101011011100100010111101
0000001001110110011000111111000011010110111001000101111010010101
0000001001110110100010111101010110000111111000110011011100101001
0000001001110110100010111101010110011011100011000011111100101001
0000001001110110101100001111110001100110111001011110100010101001
0000001001110110101100110111000110000111111001011110100010101001
0000001001110110111101000011010100101011001000111111000101110011
0000001001110110111101000011010100101011001100010111001000111111
0000001001110110111101001010100001101011001000111111000101110011
0000001001110110111101001010100001101011001100010111001000111111
0000001001110111000011010100100011110011001010110110001011111101
0000001001110111000011010101101100010111111010001111001100101001
0000001001110111000011011000101111001100101011010100100011111101
0000001001110111000011011010101100010111100110010100011111101001
0000001001110111000101111001100100001101101001010001111110101011
0000001001110111000101111001100100011111101010000110110100101011
0000001001110111000101111001100100011111101010010101101000011011
0000001001110111000101111001100101000111111010101100001101101001
0000001001110111000101111001100101011000011011010010001111110101
0000001001110111000101111110101001000111100110010101101100001101
0000001001110111000101111110101011011000011010001111001100101001
0000001001110111000110000111111001010111101000101100110110101001
0000001001110111000110000111111001011001101101011110100010101001
0000001001110111000110110011000011111100101011110100010110101001
0000001001110111000110110011000011111100101101011110100010101001
0000001001110111001000101111010100101011011001100011111100001101
0000001001110111001000101111010110110011000111111000011010010101
0000001001110111001010111101000101100001111110001100110110101001
0000001001110111001011000011111100011001101101011110100010101001
0000001001110111001100100001101101001010001111110001011110101011
0000001001110111001100100001101101010110001011110100101000111111
0000001001110111001100100011110100001101010010101101100010111111
0000001001110111001100100011111100010111101010000110110100101011
0000001001110111001100100011111100010111101011010010101000011011
0000001001110111001100101000111111000011011010101100010111101001
0000001001110111001100101000111111000101111010101100001101101001
0000001001110111001100101011000011011010010001111110001011110101
0000001001110111001100101011000101111010010001111110000110110101
0000001001110111001100101011010100100011111100001101100010111101
0000001001110111001100101011011000101111110000110101001000111101
0000001001110111100110010001111110100101010000110110101100010111
0000001001110111101001000111111000011011010110001011100110010101
0000001001110111101001010100001101101011000101110011001000111111
0000001001110111101011000011011010010001111110001011100110010101
0000001001110111111000011010110110001011100110010101001000111101
0000001001110111111000101110011001010100100011110101101100001101
0000001001111001000011010001110001010010111111010101101110110011
0000001001111001000011010101101110110011000101001011111101000111
0000001001111001000111000101010000110100101110110111111010110011
0000001001111001011101100110001010100100011100001101011011111101
0000001001111001011101101111110100100011100001101011001100010101
0000001001111001011101101111110101100110000110100100011100010101
0000001001111001011111101000111000011010101101110110011000101001
0000001001111001011111101010010001110001010110111011001100001101
0000001001111001011111101010110111011001100001101000111000101001
0000001001111001100010101001000111000011010110110010111011111101
0000001001111001100010101001011101111110100001101011011001000111
0000001001111001100100001101000111011100010100101111110101011011
0000001001111001100100001101010110110001010010111111010001110111
0000001001111001100100011101111110100001101011011000101010010111
0000001001111001100101110000110101101100010101001000111011111101
0000001001111001100101110001010100100011101111110101101100001101
0000001001111001100101111110100011101110000110101011011000101001
0000001001111001100101111110101001000111011100010101101100001101
0000001001111001100101111110101011011000011010001110111000101001
0000001001111010000110010001110011011111100010111011010100101011
0000001001111010000110101101100010101001011100110010001110111111
0000001001111010000110101101100100011100110001010100101110111111
0000001001111010001110010000110101011011101100110001010010111111
0000001001111010001110010111111000011010101101110110011000101001
0000001001111010001110111001100100001101010110110001010010111111
0000001001111010001110111001100101111110000110101011011000101001
0000001001111010010001110010111011011111100001101011001100010101
0000001001111010010101000011001000111001101111110001011101101011
0000001001111010100100011100101111110001010110111011001100001101
0000001001111010100100011101110011001011111100010101101100001101
0000001001111010100101011000011001000101110111111000111001101101
0000001001111010100101011000111001000101110111111000011001101101
0000001001111010101101100001101000111011100110010111111000101001
0000001001111010101101110110011000011010001110010111111000101001
0000001001111010110000110010001011101111110001110011011010010101
0000001001111010110001110010001011101111110000110011011010010101
0000001001111010110011000011010010001110010111011011111100010101
0000001001111010110110010111011111100010101001000111001100001101
0000001001111010110111111000101010010001110010111011001100001101
0000001001111011001000111000101111110011010100101011011101000011
0000001001111011001000111000101111110011010110111010010101000011
0000001001111011001101010010101101110100001100010111111001000111
0000001001111011001101011011101001010100001100010111111001000111
0000001001111011010100101011000101110100001100110111111001000111
0000001001111011010100101011000111000011001101111110010001011101
0000001001111011010110001011101001010100001100110111111001000111
0000001001111011010110001110000110011011111100100010111010010101
0000001001111011011111100110101001010110010001110001011101000011
0000001001111011011111100110101100100011100010111010010101000011
0000001001111011101010010101101000011001000111000101111110011011
0000001001111011101010010101101000011001101100010111111001000111
0000001001111011101010010101101100100011100010111111001101000011
0000001001111011101010010101101100110100001100010111111001000111
0000001001111011101011010010101000011001000111000101111110011011
0000001001111011101011010010101000011001101100010111111001000111
0000001001111011101011011001000111000101111110011010010101000011
0000001001111011101011011001101001010100001100010111111001000111
0000001001111011111100100010111010100101011000111000011001101101
0000001001111011111100100010111010110001110000110011011010010101
0000001001111011111100110110100001100100011100010111010100101011
0000001001111011111100110110100101010000110010001110001011101011
0000001001111110000110001110110011010100101011011100100010111101
0000001001111110000110001110110011010110111001000101111010010101
0000001001111110000110001110111001000101111010100101011011001101
0000001001111110000110001110111001000101111010110110011010010101
0000001001111110000110011011000111011100100010111101010010101101
0000001001111110000110011011000111011100100010111101011010010101
0000001001111110000110110001010110101001000111011100110010111101
0000001001111110000110110101011000101000111011100110010111101001
0000001001111110000110110101100101110111101001000111001100010101
0000001001111110000110111011001100010101101010010001110010111101
0000001001111110000110111011010101100110001010001110010111101001
0000001001111110000110111101001000111001011101101011001100010101
0000001001111110000111011010100100010111001010110001100110111101
0000001001111110000111011110101011100101001000101100011001101101
0000001001111110001010001110010000110111011010010111101010110011
0000001001111110001010001110010111101010110011000011011101101001
0000001001111110001010001110111001100100001101101001011110101011
0000001001111110001010001110111001100101111010101100001101101001
0000001001111110001010010111101010110100011100100001101110110011
0000001001111110001010010111101010110100011101110011001000011011
0000001001111110001010100001101101001011100110010001110111101011
0000001001111110001010100001101101001011101111010110010001110011
0000001001111110001010100100011100101110110011000011011110101101
0000001001111110001010100100011100110000110110010111011110101101
0000001001111110001010100101110011001000111011110101101000011011
0000001001111110001010100101110111101011010000110110010001110011
0000001001111110001010110000110110100100011101110011001011110101
0000001001111110001010110011000011011101101001000111001011110101
0000001001111110001011100110101001010110010001110110111101000011
0000001001111110001011100110101100100011101101111010010101000011
0000001001111110001011100110110100001100100011101111010100101011
0000001001111110001011100110110100101010000110010001110111101011
0000001001111110001011100110111101000011001000111011010100101011
0000001001111110001011100110111101001010100001100100011101101011
0000001001111110001011110101001010110100001100100011101110011011
0000001001111110001011110101001010110110010001110111001101000011
0000001001111110001011110101101001010100001100100011101110011011
0000001001111110001011110101101100100011101110011010010101000011
0000001001111110001100110110100010110000111011110101011100101001
0000001001111110001100110110101110010110000111011110100010101001
0000001001111110001100110111101000101110010101100001110110101001
0000001001111110001100110111101010110000111011010001011100101001
0000001001111110001110110101001010110000110010001011100110111101
0000001001111110001110110101100001100100010111001101111010010101
0000001001111110001110111001101100001100100010111101010010101101
0000001001111110001110111001101100001100100010111101011010010101
0000001001111110001110111101010010101100001100100010111001101101
0000001001111110001110111101011000011001000101110011011010010101
0000001001111110010001011100001100110111101101010010101100011101
0000001001111110010001011100001100110111101101011000111010010101
0000001001111110010001011110110011010100101011011100001100011101
0000001001111110010001011110110011010110111000011000111010010101
0000001001111110010001011110111000011000111010100101011011001101
0000001001111110010001011110111000011000111010110110011010010101
0000001001111110010001011110111000011001101100011101010010101101
0000001001111110010001011110111000011001101100011101011010010101
0000001001111110010001110100001100010111101100110101001010110111
0000001001111110010001110100001100110111101101010010101100010111
0000001001111110010001110100101010000110001011110110011010110111
0000001001111110010001110100101010000110011011110110101100010111
0000001001111110010001110101001010110100001100110110001011110111
0000001001111110010001110101001010110110011010000110001011110111
0000001001111110010001110101101001010100001100110110001011110111
0000001001111110010001110101101100110100101010000110001011110111
0000001001111110010100100010111000011101010110111101100110001101
0000001001111110010100100010111000011101100110001101111010101101
0000001001111110010101100110111101000101110001100001110110101001
0000001001111110010101101010010001011100001110110011000110111101
0000001001111110010101101111011001100001110100010111000110101001
0000001001111110010101101111011001100011010100100010111000011101
0000001001111110010101110001100001110111101000101100110110101001
0000001001111110010101110001101100110000111011110100010110101001
0000001001111110010110011011010111000110000111011110100010101001
0000001001111110010110101110001101100110000111011110100010101001
0000001001111110010111000110000111011010110011011110100010101001
0000001001111110010111000110101101111011001100001110100010101001
0000001001111110011010100101011011100010111101100100011101000011
0000001001111110011010110111000101111011001000111010010101000011
0000001001111110011011000011001000101111011100011101010010101101
0000001001111110011011000011001000101111011100011101011010010101
0000001001111110011011110110101001010110000110010001011100011101
0000001001111110011011110110101100001100100010111000111010010101
0000001001111110100001101100010101101010010111100110010001110111
0000001001111110100001101110110011000101011010100101111001000111
0000001001111110100010110000111001010111011110001100110110101001
0000001001111110100010111011001100001110001101111001010110101001
0000001001111110100100011100001101101011001011101111001100010101
0000001001111110100100011100001101111001011101101011001100010101
0000001001111110100100011101111001100101110000110110101100010101
0000001001111110100101110110101100110001010100001101111001000111
0000001001111110100101110111100110001010100001101101011001000111
0000001001111110100101111001000011011101101010110011000101000111
0000001001111110100101111001100100001101101010110001010001110111
0000001001111110101000011011010010111100110010001110111000101011
0000001001111110101000011011101101001011110010001110001010110011
0000001001111110101001011110010001110001010110100001101110110011
0000001001111110101001011110011001000111011100010101101000011011
0000001001111110101011000110011011110000111001010010001011101101
0000001001111110101011010001011101100110000111000110111100101001
0000001001111110101011010001110001010010111100100001101110110011
0000001001111110101011010001110111000101001011110011001000011011
0000001001111110101011101111000011100101001000101100011001101101
0000001001111110101011101111000110011011010001011000011100101001
0000001001111110101100001101101001000111011110011001011100010101
0000001001111110101100100011100010101000011011010010111011110011
0000001001111110101100101110111100110000110110100100011100010101
0000001001111110101100110000110111100101110110100100011100010101
0000001001111110101101000011011001000111000101010010111011110011
0000001001111110101101000011011110010001110001010100101110110011
0000001001111110110011000011100011010001011101010110111100101001
0000001001111110110011000011100011010110111100101110100010101001
0000001001111110110111100001110010100100010111010101100011001101
0000001001111110110111100001110010101100011001101010010001011101
0000001001111110110111100011001101000101110101011000011100101001
0000001001111110110111100011001101011000011100101110100010101001
0000001001111110111100101011101000101101100110000111000110101001
0000001001111110111100101101100110000111000110101110100010101001
0000001010001101001100001111001001011011111101010111011001110001
0000001010001101001100001111110101011011110010010111011001110001
0000001010001101001100001111110110010010111010101101111001110001
0000001010001101001110010010111100001111110101011011101100110001
0000001010001101010110111011001100001111110010010111101001110001
0000001010001101010110111101001100001111110010010111011001110001
0000001010001101010110111101100100101110100110000111111001110001
0000001010001101010111010011000011110110010010110111111001110001
0000001010001101010111011001110010010110111111000011110100110001
0000001010001101010111111000011110100111001001011011101100110001
0000001010001101010111111000011110110010010110111010011100110001
0000001010001101010111111001001011011101100110000111101001110001
0000001010001101010111111001100001111011001001011011101001110001
0000001010001101110100101101010111111000011110110010011100110001
0000001010001101110100101101010111111001100001111011001001110001
0000001010001101110101011001011110000111111011010010011100110001
0000001010001101110101011001011110011000011111101101001001110001
0000001010001101110101011010010111100001111110110010011100110001
0000001010001101110101011010010111100110000111111011001001110001
0000001010001101110110011000011110100101101010111111001001110001
0000001010001101110110011000011111101010110100101111001001110001
0000001010001101110110100100111001011110000111111010101100110001
0000001010001101110110101011001100001111110010111101001001110001
0000001010001101110110101011111100001111010010011100101100110001
0000001010001101110110101011111100101100110000111101001001110001
0000001010001101111000011111101010110011100101110110100100110001
0000001010001101111000011111101010110100101110110011100100110001
0000001010001101111001001100001111110101011010010111011001110001
0000001010001101111001011101101001001100001111110101011001110001
0000001010001101111010010011000011111100101110110101011001110001
0000001010001101111011010101100101110100100110000111111001110001
0000001010001101111110000111101001011010101110110011100100110001
0000001010001101111110010011000011110100101101010111011001110001
0000001010001101111110101011101101001001100001111001011001110001
0000001010001110010010110111111000011010101110110011110100110001
0000001010001110010010110111111010101110110011110000110100110001
0000001010001110010010111011001111110000110101011011110100110001
0000001010001110010010111011001111110101011011110000110100110001
0000001010001110010010111100001101001111110101011011101100110001
0000001010001110010010111101001111110000110101011011101100110001
0000001010001110010011110100101101010111111000011011101100110001
0000001010001110010011111101010110100101111000011011101100110001
0000001010001110010110011110000110111111010101110110100100110001
0000001010001110010111011010101100111111000011011110100100110001
0000001010001110010111100001101110110100100111111010101100110001
0000001010001110010111101001001111110000110111011010101100110001
0000001010001110011110110010010110111111000011010101110100110001
0000001010001110011111100001101010110111101100100101110100110001
0000001010001110011111100001101111011010101100101110100100110001
0000001010001110011111101100100101110101011011110000110100110001
0000001010010011000100001101111010001110010111011010101100111111
0000001010010011000100001101111011010101100101110100011100111111
0000001010010011000100001101111110101011101101000111001011001111
0000001010010011000100001111110101011001110010111011010001101111
0000001010010011000100011010000111101110101011111100101101100111
0000001010010011000100011010000111111001011011001110101011110111
0000001010010011000100011010101110010110011101101111010000111111
0000001010010011000100011010101110100001111011011111100101100111
0000001010010011000100011010101111011001110100001111110010110111
0000001010010011000100011010101111110010110111010000111101100111
0000001010010011001011000100011100111101101010111010000110111111
0000001010010011001011010000111101110101011111100111000100011011
0000001010010011001011010000111111001110101011110111000100011011
0000001010010011001011010101111010000111111000100011011100111011
0000001010010011001011010101111110011100010001101110100001111011
0000001010010011001011101000011011110110101011000100011100111111
0000001010010011001011101000011111100111000100011011110110101011
0000001010010011001011101010110001000111001111110110100001101111
0000001010010011001110001000110111100101110110100001111110101011
0000001010010011001110001000110111101000011111100101110110101011
0000001010010011001110001000110111111010101110110100001111001011
0000001010010011001110010110001000110110100001111010101110111111
0000001010010011001110010110001000110111111010101110110100001111
0000001010010011001110010111011010000111111010101100010001101111
0000001010010011001110010111011010101100010001101111010000111111
0000001010010011001110100001111110010110001000110111101101010111
0000001010010011001110100001111110010110101011110110001000110111
0000001010010011001110110001000110111001011010101111010000111111
0000001010010011001110110101011100101100010001101111010000111111
0000001010010011001110111101010111001011000100011011010000111111
0000001010010011001111110101011000100011100101110110100001101111
0000001010010011010101111010000111011001011011100111111000100011
0000001010010011010101111110011110110010110111010000111000100011
0000001010010011011000100011001111011101010111111001011010000111
0000001010010011011000100011001111110010110100001110101011110111
0000001010010011011010000111001011000100011001111010101110111111
0000001010010011011010000111001111010101110111111000100011001011
0000001010010011011010000111011110101011100101100010001100111111
0000001010010011011010000111011110101011100111111000100011001011
0000001010010011011100101101010111101000011101100010001100111111
0000001010010011011100111111000100011001011010101111010000111011
0000001010010011011101000011100010001100101101010111111001111011
0000001010010011011101100010001100111101000011100101101010111111
0000001010010011011110100001110110101011100101100010001100111111
0000001010010011011110100001110110101011100111111000100011001011
0000001010010011011111100101100010001100111101101010111010000111
0000001010010011011111100111101101010111010000111000100011001011
0000001010010011100010000111101000110111011010101111110010110011
0000001010010011100010000111111001011110100011011101101010110011
0000001010010011100010000111111011010001101110101011001011110011
0000001010010011100010001101110100001111011010101111110011001011
0000001010010011100010001101110100001111110011001011110110101011
0000001010010011100010001101110101011111101101000011110011001011
0000001010010011100101100110001000011110100011011101101010111111
0000001010010011100101111010001101110110101011001100010000111111
0000001010010011100110001000011111101101000110111010101100101111
0000001010010011100110010110001000110111010000111101101010111111
0000001010010011100110010110001000110111010101111110110100001111
0000001010010011100110010111101101010110001000110111010000111111
0000001010010011110100011100010000110111011010101111110010110011
0000001010010011110100011100101100110001000011011101101010111111
0000001010010011111100101111010001110001000011011101101010110011
0000001010010011111101010110011000100001101110110100011100101111
0000001010010011111101101000011011101010110001000111001100101111
0000001010010011111101101000111000100001101110101011001011110011
0000001010010011111101101000111001100010000110111010101100101111
0000001010010110001000110011011010000111001001111010101110111111
0000001010010110001000110011011010000111011110101011100100111111
0000001010010110001000110011011110100001110110101011100100111111
0000001010010110001000110011011111100100111101101010111010000111
0000001010010110010011100010001101010111010000111101101111110011
0000001010010110010011101101111010000111111000100011010101110011
0000001010010110010011110100001110011010101110110111111000100011
0000001010010110010011110110111111001101010111010000111000100011
0000001010010110011000100011010101110010011101101111010000111111
0000001010010110011000100011010101110100001111011011111100100111
0000001010010110100001101110101011111101100010001110011001001111
0000001010010110100001101111110101011101100010001110010011001111
0000001010010110100001110001000110010011110111010101111110011011
0000001010010110100001110101011110111000100011001001111110011011
0000001010010110100001111001001100111000100011011111101010111011
0000001010010110100001111001100100111000100011011101010111111011
0000001010010110100001111011101010111111001100100111000100011011
0000001010010110100001111110011001001110101011110111000100011011
0000001010010110100011011101010111111011001001110001000011110011
0000001010010110100011011101010111111011001001110011000100001111
0000001010010110100011011111101010111011001110001000011110010011
0000001010010110100011011111101010111011001110010011000100001111
0000001010010110100011100010000110111010101111110110010011110011
0000001010010110100011100010000110111111010101110110011110010011
0000001010010110100011100100110001000011011111101010111011001111
0000001010010110100011100110001000011011101010111111011001001111
0000001010010110101011101000110111111001110001000011110110010011
0000001010010110101011101000111000100001101111110011110110010011
0000001010010110101011101000111001111011001001100010000110111111
0000001010010110101011101100010001110010011001111010000110111111
0000001010010110101011101100111000100001111010001101111110010011
0000001010010110101011101100111001001100010000111101000110111111
0000001010010110101011101100111101000111000100001101111110010011
0000001010010110101011101100111101000111001001100010000110111111
0000001010010110101011110100001110110001000110011011100100111111
0000001010010110101011110100001111110001000110111001100100111011
0000001010010110101011111100010001100100111101000011100110111011
0000001010010110101011111100100111000100001111010001101110110011
0000001010010110101011111100100111101000111000100001101110110011
0000001010010110101011111100100111101100010001100110111010000111
0000001010010110101011111100110111010000111000100011001001111011
0000001010010110110010011100010001101000011110111010101111110011
0000001010010110110010011101010111101110001000110100001111110011
0000001010010110110010011110111010101111110011010000111000100011
0000001010010110110010011111100110100001110101011110111000100011
0000001010010110110011000100011010000111101110101011111100100111
0000001010010110110011000100011010000111111001001110101011110111
0000001010010110111000100011010101111011001001110100001111110011
0000001010010110111001001110110011000100011010101111010000111111
0000001010010110111001101010111101000011101100100111111000100011
0000001010010110111010000111101100100111000100011010101111110011
0000001010010110111010000111101100110001000110101011111100100111
0000001010010110111011001001111010000111001101010111111000100011
0000001010010111010101101000110111100111000100001111110110010011
0000001010010111010101101000111000100001101111001111110110010011
0000001010010111010101101000111001111110110010011000100001101111
0000001010010111011000100011100100110011111101010110100001101111
0000001010010111011001110001000011111101010110100011011110010011
0000001010010111011001110010011000100001111110101011010001101111
0000001010010111011001111110101011010001110001000011011110010011
0000001010010111011001111110101011010001110010011000100001101111
0000001010010111100100111000100001111110101011010001101110110011
0000001010010111100100111111010101101000111000100001101110110011
0000001010010111100110010011100010001101110101011010000111111011
0000001010011000100001101000111001001011011111101010111011001111
0000001010011000100001101000111001001011101100111111010101101111
0000001010011000100001101000111001111110110010010111010101101111
0000001010011000100001101010110111101000111001001011101100111111
0000001010011000100001101010110111101100100101110100011100111111
0000001010011000100001101010111010001110011110110010010110111111
0000001010011000100001101010111011001111010001110010010110111111
0000001010011000100001111010001101010111011001110010010110111111
0000001010011001001011011111100111000100011010101110100001111011
0000001010011001001011101000011010101101111011000100011100111111
0000001010011001001011101000011111100111000100011010101101111011
0000001010011001001011101010110111100111000100011010000111111011
0000001010011001110001000110100001111001001011011111101010111011
0000001010011001110001000110100001111110101011011110010010111011
0000001010011001110001000110101011011110100001111110010010111011
0000001010011001110010010110111111010101110110001000110100001111
0000001010011001110010010111011000100011010000111111010101101111
0000001010011001110010010111011000100011010101101111010000111111
0000001010011001111010000110101011101100010001110010010110111111
0000001010011100001111011001100011010101111110010010110111010001
0000001010011100001111011011111100100101100110001101010111010001
0000001010011100001111011101010111111001001011011001100011010001
0000001010011100010000111101000110101011111100100101101110110011
0000001010011100010000111101101010111010001101111110011001001011
0000001010011100010000111101110101011111100110010010110100011011
0000001010011100010000111111001001011110100011010101101110110011
0000001010011100010001101000011110011001001011011101010111111011
0000001010011100010001101010110111010000111111001100100101111011
0000001010011100010001101010111111001100100101101110100001111011
0000001010011100011010101111110011000011110110010010110111010001
0000001010011100011011000011110111010101111110011001001011010001
0000001010011100011011111100110010010110000111101101010111010001
0000001010011100100101100110001000011110100011010101110110111111
0000001010011100100101100110001101010111011011111100001111010001
0000001010011100100101101110110011000110101011111100001111010001
0000001010011100100101111010001101010110111011001100010000111111
0000001010011100110001000011110110010010110111010001101010111111
0000001010011100110010010110000111101010111011111100011011010001
0000001010011100110010010110101011111100010000111101000110111011
0000001010011100110010010110101011111100011011101100001111010001
0000001010011100110010010110111010000111101100010001101010111111
0000001010011100110010010110111010101111110110001000110100001111
0000001010011100110010010111101100010001101010110111010000111111
0000001010011101000110101011110110010010110111000100001111110011
0000001010011101000110101011110110011000100001111110010010110111
0000001010011101000110111000100001111110011001001011010101111011
0000001010011101000110111101101010111000100001111110011001001011
0000001010011101010111101110000111111001001011011001100011010001
0000001010011101010111101110001000011111100110010010110100011011
0000001010011101010111101110001101100001111110011001001011010001
0000001010011101100001111110001101110011001001011010101111010001
0000001010011101100100101101110011000011111100011010101111010001
0000001010011101101010111001100100101100001111110001101111010001
0000001010011101101111010001101010111001001011001100010000111111
0000001010011101111010101110011001001011000011111100011011010001
0000001010011110100011000100001110010010110011010101110110111111
0000001010011110100011000100001110010010110111011001101010111111
0000001010011110100011001001011010101111110001000011100110111011
0000001010011110100011001101110110001000011100100101101010111111
0000001010011110100011100010000110101011111100100101101110110011
0000001010011110100011100100101101110110011000100001101010111111
0000001010011110101011101111110000111001001011000110011011010001
0000001010011110101011101111110001000011100110110100011001001011
0000001010011110101011101111110001100100101100001110011011010001
0000001010011110110000111000110010010110101011111100110111010001
0000001010011110110001000111001100100101101110100001101010111111
0000001010011110110010010110111010001110001000011010101111110011
0000001010011110110010010110111010001110011000100001101010111111
0000001010011110110011010101111110010010110111010001100010000111
0000001010011110110101011101000110011011111100100101100010000111
0000001010011110110111111001001011001101010111010001100010000111
0000001010011110111010101111110010010110100011001101100010000111
0000001010011110111010101111110010010110110011010001100010000111
0000001010011110111010101111110011011000011100011001001011010001
0000001010011111100001110110001100110111001001011010101111010001
0000001010011111100001110110101011100100101100011001101111010001
0000001010011111100001110111101010111001001011000110011011010001
0000001010011111100010000111011001001011011100110101011110100011
0000001010011111100010000111011010101110011011110100011001001011
0000001010011111100010000111011110101011100110110100011001001011
0000001010011111100011000011101100100101101110011010101111010001
0000001010011111100011001001011000011101101010111001101111010001
0000001010011111100011001001011000011101111010101110011011010001
0000001010011111100100101100010000111010001100110111101101010111
0000001010011111100100101100011001101111011010101110000111010001
0000001010011111100100101101000110011011000100001110101011110111
0000001010011111100100101101010111101100010000111010001100110111
0000001010011111100100101101010111101100011001101110000111010001
0000001010011111100100101101100110100011000100001110101011110111
0000001010011111100100101111010001110001000011010101101110110011
0000001010011111100110101011110110010010110111000100001110100011
0000001010011111100110101011110110010010110111000110000111010001
0000001010011111100110110000111010101111011100011001001011010001
0000001010011111100110111000100001110100011001001011010101111011
0000001010011111100110111000110010010110101011110110000111010001
0000001010011111100110111101101010111000100001110100011001001011
0000001010011111100110111101101010111000110010010110000111010001
0000001010011111101010110111011001100010000110100011100100101111
0000001010100001110001000110010011110111010110100101111110011011
0000001010100001110001000110010011110111111001101101001011101011
0000001010100001110001000110010111010010011011111100111101101011
0000001010100001110001000110010111111001111011101011010010011011
0000001010100001110010011110100101110110101100010001100110111111
0000001010100001110010011110101100010001100110110100101110111111
0000001010100001110010111011010110001000110011110100100110111111
0000001010100001110011010110010011110100101110110111111000100011
0000001010100001110011010110111011001001111010010111111000100011
0000001010100001110011011010010111011111100010001100100111101011
0000001010100001110011011111100010001100100111101001011101101011
0000001010100001110011110100100110101100101110110111111000100011
0000001010100001110011110100100110101101110110010111111000100011
0000001010100001110011110100100110111111000100011001011101101011
0000001010100001110100100110111101101011000100011001111110010111
0000001010100001110100101110001000110010011111100110111101101011
0000001010100001110100101111011001001111110011010110111000100011
0000001010100001110101101001001101100010001100111111001011110111
0000001010100001110101101001011110111000100011001001111110011011
0000001010100001110101101100100111111001101001011110111000100011
0000001010100001110110010111101001001101011011100111111000100011
0000001010100001110110101100010001100110111101001011100100111111
0000001010100001110110111101001001101011001011100111111000100011
0000001010100001110110111101001011100110101100100111111000100011
0000001010100001110111001011110101101001001101100010001100111111
0000001010100001110111001101001011110101101100100111111000100011
0000001010100001110111001111110001000110010111101011010010011011
0000001010100001110111101011000100011001101101001011100100111111
0000001010100001111010010011000100011010110011100101110110111111
0000001010100001111010010011000100011010110111011001110010111111
0000001010100001111010010011001110010111011010110001000110111111
0000001010100001111010010111011011111100010001101011001001110011
0000001010100001111010010111111000100011010110111011001001110011
0000001010100001111010110001000110110100100110011100101110111111
0000001010100001111011001001110001000110101101110100101111110011
0000001010100001111011001011111100111000100011010110111010010011
0000001010100001111011001100010001101011011101001011111100100111
0000001010100001111011010110001000110111111001011101001001100111
0000001010100001111011011111100101110100100110001000110101100111
0000001010100001111011011111100111000100011010110010111010010011
0000001010100001111011101011010010011001011111100111000100011011
0000001010100001111011101011010010111111001100100111000100011011
0000001010100001111011101011011001001110001000110100101111110011
0000001010100001111011101011011001011111100111000100011010010011
0000001010100001111011101011011001100010001101001011111100100111
0000001010100001111011111100101110101100010001101101001001100111
0000001010100001111011111100110010011100010001101101001011101011
0000001010100001111011111100111000100011011010010011001011101011
0000001010100001111110001000110100101111010110110010011101110011
0000001010100001111110001000110101100100111011011110100101110011
0000001010100001111110001000110101100101110011101101111010010011
0000001010100001111110001000110101101110011101100101111010010011
0000001010100001111110001000110110100100110010111001110111101011
0000001010100001111110001000110110100101110011001001110111101011
0000001010100001111110001000110111101001001100101110011101101011
0000001010100001111110001000110111101001011100110010011101101011
0000001010100001111110010011101001011110110011000100011010110111
0000001010100001111110010011101011011001100010001101001011110111
0000001010100001111110010111101100111010010011000100011010110111
0000001010100001111110011001001110100101110001000110111101101011
0000001010100001111110011001001110101101001011110111000100011011
0000001010100001111110011101001001100101110001000110111101101011
0000001010100001111110011101011010010011001011110111000100011011
0000001010100001111110011101011011001011110111000100011010010011
0000001010100010000110001111110011010111101100100101101110100111
0000001010100010000110101111110011000111010011110110010010110111
0000001010100010000111010011000110101101100100101111110011110111
0000001010100010000111010011110011000110101100100101111110110111
0000001010100010000111010011110110010010111111001100011010110111
0000001010100010000111111001110100110001101011011001001011110111
0000001010100010010000110010110001111110110111010111100110100111
0000001010100010010000110010110111010111101100011111100110100111
0000001010100010010000110010110111010111111001101001111011000111
0000001010100010010000110100110010110110001110101111110011110111
0000001010100010010000110100110010110110001111110011101011110111
0000001010100010010000110100111010111100110010110001111110110111
0000001010100010010000110100111010111101100011111100110010110111
0000001010100010010000110100111100110010110001110101111110110111
0000001010100010010000110100111101100011101011111100110010110111
0000001010100010010000111010110001101001111001100101111110110111
0000001010100010010000111010110110001101001100101111110011110111
0000001010100010010000111111001100101111011000110100111010110111
0000001010100010010000111111001110101101100011010011001011110111
0000001010100010010000111111011011101011000110010111100110100111
0000001010100010010110000110101111110110111000111010011110011001
0000001010100010010110001110100111100110010000110101111110110111
0000001010100010010110110000110101111011100011111100111010011001
0000001010100010010110110000110101111110011110111000111010011001
0000001010100010010110110001110100110010000110101111110011110111
0000001010100010010110110001111110011101001100100001101011110111
0000001010100010010110111000111010011110110000110101111110011001
0000001010100010010110111010011100011111100110101111011000011001
0000001010100010010111100110101100001111110110111010011100011001
0000001010100010010111100110101100011001000011111101101110100111
0000001010100010010111101100001111110011010110111010011100011001
0000001010100010010111101100011001000011111100110101101110100111
0000001010100010010111101110001101011011000011111100111010011001
0000001010100010010111101110100110101101100001111110011100011001
0000001010100010010111101110100110101101100011001000011111100111
0000001010100010010111111001100100001110100111101100011010110111
0000001010100010010111111001101011011101001111011000011100011001
0000001010100010010111111001101011011101001111011000110010000111
0000001010100010010111111001111011100011010110110000111010011001
0000001010100010010111111001111011101001101011011000011100011001
0000001010100010010111111001111011101001101011011000110010000111
0000001010100010010111111011011100011010110000111010011110011001
0000001010100010010111111011011101001111001101011000011100011001
0000001010100010010111111011011101001111001101011000110010000111
0000001010100011000011111100100101111011001101011011101001110001
0000001010100011000011111100100101111011101001101011011001110001
0000001010100011000100001110100111111001001011110110011010110111
0000001010100011000100001110101101100110100111111001001011110111
0000001010100011000100001110110011010110111001001011110100111111
0000001010100011000100001110111001001011110101101100110100111111
0000001010100011000100001111110010010111101100110101101110100111
0000001010100011000100001111110010010111101110100110101101100111
0000001010100011001001011100010000111010011111100110111101101011
0000001010100011001001011100110110100111111000100001110111101011
0000001010100011001001011100110111101001111110001000011101101011
0000001010100011001001011101111110001000011100110110100111101011
0000001010100011001001011110101101001111110001000011101110011011
0000001010100011001001011110111000100001110101101001111110011011
0000001010100011001101001111001011111101101110101100001110001001
0000001010100011001101001111001011111101101110101100010010000111
0000001010100011001101011000011100010010111111011011101001111001
0000001010100011001101011000011111101101110100111000100101111001
0000001010100011001101011000100101111001000011111101101110100111
0000001010100011001101011000100101111110110111010011110010000111
0000001010100011001101011011101001110001001011110110000111111001
0000001010100011001101011011101001111011000011100010010111111001
0000001010100011001101011011101001111011000100101111110010000111
0000001010100011001101100010000111010110100111111001001011110111
0000001010100011001101100010000111011100100101111010110100111111
0000001010100011001101101001111010110001000011100100101110111111
0000001010100011001101101001111011111100100101110101100010000111
0000001010100011001101111011010110001000011101001111110010010111
0000001010100011001101111110010010111010011110110101100010000111
0000001010100011001110001001011110111010011010110110000111111001
0000001010100011001111011101001101011011000011100010010111111001
0000001010100011001111011101001101011011000100101111110010000111
0000001010100011010011001110101101100001111110010111101110001001
0000001010100011010011001110101101100010010000111111001011110111
0000001010100011010011100010000111101110101101100100101111110011
0000001010100011010011101011011001001011110111000100001111110011
0000001010100011010011101011011001100010000111111001001011110111
0000001010100011010011101110010010111101011011001100010000111111
0000001010100011010110010010111010011100010000111101101111110011
0000001010100011010110010010111011011111100010000111101001110011
0000001010100011010110011000011101001111001001011111101101110001
0000001010100011010110011000100001110100111100100101111110110111
0000001010100011010110011000100001111010011100100101110110111111
0000001010100011010110011000100001111011011111100100101110100111
0000001010100011010110110000111010011001111011100010010111111001
0000001010100011010110110001001011111100100001110100110011110111
0000001010100011010110110011101001100001111110010010111101110001
0000001010100011010110110011101001100010000111111001001011110111
0000001010100011010110111001001011110100111011001100010000111111
0000001010100011010110111010011100010000111101100100101111110011
0000001010100011010110111011001001011111100010000111101001110011
0000001010100011010110111011001100010000111101001110010010111111
0000001010100011011010011100010000111101111110011001001011101011
0000001010100011011010011100110010010111011111100010000111101011
0000001010100011011111100010000111101001110011001001011101101011
0000001010100011011111100110010010111010011100010000111101101011
0000001010100011100010010110000110011010111111011011101001111001
0000001010100011100010010110110000110011110111010011010111111001
0000001010100011100010010110111010011110110000110011010111111001
0000001010100011101001100001101011111100100101101100111101110001
0000001010100011101001100010000110101111110010010110110011110111
0000001010100011101001100111101110001001011011000011010111111001
0000001010100011101001111001001011001100001101011111101101110001
0000001010100011101001111001001011001100010000110101111110110111
0000001010100011101001111011001100001101011111100100101101110001
0000001010100011101001111011001100010000110101111110010010110111
0000001010100011101011111100101101100001101001100111101110001001
0000001010100011101011111100101101100010010000110100110011110111
0000001010100011111100100001100110101111011000100101101110100111
0000001010100011111100100101101100111010011000011010111101110001
0000001010100011111100100101101100111010011000100001101011110111
0000001010100011111100101101100001101001100111010111101110001001
0000001010100011111100101101100010010000110100110011101011110111
0000001010100011111100101101110101111011000011001101001110001001
0000001010100011111100101101110101111011000100100001100110100111
0000001010100011111101101110100111000100101100001100110101111001
0000001010100011111101101110101111001011000011001101001110001001
0000001010100011111101101110101111001011000100100001100110100111
0000001010100100110001101111011010110010111001110100010000111111
0000001010100100110001101111110101110010110011101101000100001111
0000001010100100110001110100010000110111101101011001011100111111
0000001010100100110001110101100101110011111101101000100001101111
0000001010100100110001110110100010000110111111010111001011001111
0000001010100100110001110110101110010110011110100010000110111111
0000001010100100111011010001000011111101011001100011011100101111
0000001010100100111011010110011000110111001011110100010000111111
0000001010100100111101000100001101110001110110101111110010110011
0000001010100100111101000100001101110010110011000111011010111111
0000001010100100111111001011110100010000110111000111011010110011
0000001010100100111111010110011000111011010001000011011100101111
0000001010100100111111011010001000011011100011101011001011110011
0000001010100100111111011010001000011011100110001110101100101111
0000001010100101100001100111111000111011110100010011011010111001
0000001010100101100001100111111010001001101101011101111000111001
0000001010100101100001110111101000100111111000110011011010111001
0000001010100101100001111110001100110110101111010001001110111001
0000001010100101100011001101101011100100010011111100001110111101
0000001010100101100011001101101011101111000011100100010011111101
0000001010100101100011100100010011011010111011110000110011111101
0000001010100101100011111100001100111011100100010011011010111101
0000001010100101100110110101110001100001110111101000100111111001
0000001010100101100110110101111010001001110111000110000111111001
0000001010100101100111011100001100011111100100010011011010111101
0000001010100101100111111001000100110110101110000110001110111101
0000001010100101101000100001101110001110101111110110010011110011
0000001010100101101000100001101110011000111010111111011001001111
0000001010100101101000100001101111110101110001110110011110010011
0000001010100101101000100001101111110101110010011000111011001111
0000001010100101101000100001101111110110010011000111010111001111
0000001010100101101000100001111001110101110001101111110110010011
0000001010100101101011100001101100111111001000100110001110111101
0000001010100101101011100011011001100001110111101000100111111001
0000001010100101101011100011011111100111010001000011110110010011
0000001010100101101011100011101000100001101111110011110110010011
0000001010100101101011100011101100111101000100001101111110010011
0000001010100101101011100011101111010001001100001101100111111001
0000001010100101101011100100010011001111110000110110001110111101
0000001010100101101011100100110001110110011110100010000110111111
0000001010100101101011100111010001000011110110010011000110111111
0000001010100101101011100111101100100110001110100010000110111111
0000001010100101101011101111000011011000111001000100110011111101
0000001010100101101011101111001000100110001110000110110011111101
0000001010100101101011110100010011000011011001110111000111111001
0000001010100101101011110100010011101110001101100110000111111001
0000001010100101101011111100100111101000100001101110001110110011
0000001010100101101100001101011101000100110011111101111000111001
0000001010100101101100001101011110001111110111010001001100111001
0000001010100101101100011100100010011001111110111100001101011101
0000001010100101101100011111100001101011110111001000100110011101
0000001010100101101100110000111000110101110100010011111101111001
0000001010100101101100110000111111011101000100111000110101111001
0000001010100101101100110001101011110010001001110000111111011101
0000001010100101101100110001101011110111000011111100100010011101
0000001010100101101100111000011010111100100010011000111111011101
0000001010100101101100111000111111011101000100110000110101111001
0000001010100101101100111010001001100001101011110111000111111001
0000001010100101101100111111011110010001001100011100001101011101
0000001010100101110000110001110110101100111111001000100110111101
0000001010100101110000110101101111011001111110010001001100011101
0000001010100101110001100001110110101100110111101000100111111001
0000001010100101110001101011011110110011000011101000100111111001
0000001010100101110001101111001110101101000100001111110110010011
0000001010100101110001110100010011000011010110111101100111111001
0000001010100101110001110101101000100001101111001111110110010011
0000001010100101110001110110011111101011010001000011011110010011
0000001010100101110010001001100111111000011010110111101100011101
0000001010100101110010001001111110000111011010110001100110111101
0000001010100101110010011000111011001111110101101000100001101111
0000001010100101110011101011010001000011111101100100110001101111
0000001010100101110011111101100100110001110101101000100001101111
0000001010100101110100010011001111110110000110101101111000111001
0000001010100101110100010011010110000110011111101101111000111001
0000001010100101110100010011111101100110000111000110101101111001
0000001010100101110100010011111101101111000110011010110000111001
0000001010100101110110101100001100111111010001001101111000111001
0000001010100101110110101100011001101111000011100100010011111101
0000001010100101110110101100011100100010011011110000110011111101
0000001010100101111000011001110010001001101011000111111011011101
0000001010100101111000011001110010001001101110110101100011111101
0000001010100101111000110011010110000111111011011101000100111001
0000001010100101111000110011011101101011000011111101000100111001
0000001010100101111000111111010001001101110110101100001100111001
0000001010100101111000111111011000011010110111010001001100111001
0000001010100101111000111111011011101000100110101100001100111001
0000001010100101111001000100110001111110110011100001101011011101
0000001010100101111001000100110101100111000011000111111011011101
0000001010100101111001000100110111011010110011100001100011111101
0000001010100101111001000100111000011111101100110001101011011101
0000001010100101111001001111110101101000100001101110001110110011
0000001010100101111010001001110110101100001111110001100110111001
0000001010100101111010001001110110101100110111000110000111111001
0000001010100101111011000111111000011010110111001000100110011101
0000001010100101111011001100011010110111000011111100100010011101
0000001010100101111011001110100010011000011010110111000111111001
0000001010100101111011011100001100011111100100010011010110011101
0000001010100101111011011100100010011010110001111110000110011101
0000001010100110000110101101110001111110011101000100101111011001
0000001010100110000110101101110100010010111100111000111111011001
0000001010100110000110101111001110001111110111010001001011011001
0000001010100110000110101111011100011111100111010001001011011001
0000001010100110000110101111011100100101101100111010001111110001
0000001010100110000111010001101011011001111011100100101111110001
0000001010100110000111111000110101101100100101111011100111010001
0000001010100110001000011010111101110010010110110011101000111111
0000001010100110001000011101000110101101100111101110010010111111
0000001010100110001101000100001111110110010010111001110101101111
0000001010100110001101011011001001011110111001110100010000111111
0000001010100110001101011011110110010010111001110100010000111111
0000001010100110001101011100111010001000011110110010010110111111
0000001010100110001110000110101101111001111110110010001001011101
0000001010100110001110000110110010001001011010111011110011111101
0000001010100110001110100010000110101101111011001001011100111111
0000001010100110001110100010000110101110011110110010010110111111
0000001010100110001110110011110100010000110101110010010110111111
0000001010100110001111110011101110000110110010001001011010111101
0000001010100110001111110110010001001011110011100001101011011101
0000001010100110010000110101111011100111010001001011011000111111
0000001010100110010001001011010111001111110000110110001110111101
0000001010100110010001001011010111011110000110110001110011111101
0000001010100110010001001011011000111001111110111100001101011101
0000001010100110010001001011011000111111000011010111101110011101
0000001010100110010001001011100111111000011010110111101100011101
0000001010100110010001001011110110001111110000110101101110011101
0000001010100110010111101110011101011011000011111100011010001001
0000001010100110010111101110011101011011000110100010010000111111
0000001010100110011101000110101101100001111110001001011110111001
0000001010100110011101000110101101100010010111101110010000111111
0000001010100110011101000111111000100101101100001101011110111001
0000001010100110011101011110111001011011000011010001111110001001
0000001010100110011101011110111001011011000100100001101000111111
0000001010100110011110111001000011101000110101101100010010111111
0000001010100110011110111001011011000011010001110101111110001001
0000001010100110011110111001011011000100100001101000111010111111
0000001010100110100010010000110010110110001110011110111010111111
0000001010100110100010010000111001111011101011011000110010111111
0000001010100110100011001110010111101110101101100001111110001001
0000001010100110100011001110010111101110101101100010010000111111
0000001010100110100011001111011101011011000011100101111110001001
0000001010100110100011001111011101011011000100100001110010111111
0000001010100110100011100101101100001100111101110101111110001001
0000001010100110100011100101101100010010000110011110111010111111
0000001010100110101100011100111111011011110000110010001001011101
0000001010100110101100011111100001100100010010111101101110011101
0000001010100110101100100010010111100111000011000111111011011101
0000001010100110101100100010010111101101110000110001111110011101
0000001010100110101101100001110011110111010001001011111100011001
0000001010100110101101100001111110001001011110111010001100111001
0000001010100110101101100010010111101110100011001110010000111111
0000001010100110101101100011001000011100111101110100010010111111
0000001010100110101101100100101111110001100001110011110111010001
0000001010100110101101100111001001011110111010001100001111110001
0000001010100110101101100111001001011110111010001100010000111111
0000001010100110101101100111101110100011000011100100101111110001
0000001010100110101101100111101110100011000100001110010010111111
0000001010100110101111011101000111111000100101101100001100111001
0000001010100110101111110001001011011000011001111011101000111001
0000001010100110101111110001110011110111010001001011011000011001
0000001010100110110101110011111100001100100010010110001110111101
0000001010100110110101110011111100011101111010001001011000011001
0000001010100110110101110111100001100100010010110001110011111101
0000001010100110110101110111100011100111111010001001011000011001
0000001010100110111000011000111111001110110101100100010010111101
0000001010100110111001110110101100011111100001100100010010111101
0000001010100110111011010110010001001011110011100001100011111101
0000001010100110111100001100100010010111011010110001110011111101
0000001010100110111100011100111111010001001011101101011000011001
0000001010100110111101000100101110011111100011101101011000011001
0000001010100111000011111101100100010010111100110001101011011101
0000001010100111000110000111111010001001011110011011101101011001
0000001010100111000110000111111011011101000100101111001101011001
0000001010100111000110101101110100010010111100110000111111011001
0000001010100111000110101111001100001111110111010001001011011001
0000001010100111001000011001101011110110001001011011101000111111
0000001010100111001000011111101101110100011001101011000100101111
0000001010100111001001011110110011010110111010001100001111110001
0000001010100111001001011110110011010110111010001100010000111111
0000001010100111001011000011001101000111111011011101011110001001
0000001010100111001011000100100001100110100011111101101110101111
0000001010100111001011011101011110110000110011010001111110001001
0000001010100111001011011101011110110001001000011001101000111111
0000001010100111001100100010010110110001101011110000111111011101
0000001010100111001100100010010111100001111110110001101011011101
0000001010100111001101000100100001100101100011111101101110101111
0000001010100111001101000100100001100101101110101111011000111111
0000001010100111001101000100100001111110110111010110001100101111
0000001010100111001101011000110010000111111011011101000100101111
0000001010100111001101011000110010001001011110000111111011011101
0000001010100111001101011001001011110001100001111110110111010001
0000001010100111001101011011101000100101111011000011111100011001
0000001010100111001101011011101000100101111011000110010000111111
0000001010100111001101011110001111110110111010001001011000011001
0000001010100111001101011110110010010110111010001000011000111111
0000001010100111001101110110101100001111110100010010111100011001
0000001010100111001101110110101100011001000100101111000011111101
0000001010100111010001000011010111101100100101101110011000111111
0000001010100111010001000011110110010010110111000110101111110011
0000001010100111010001000011110110010010110111001100011010111111
0000001010100111010001000011111101101110011000110101100100101111
0000001010100111010001001011000011010111100011111101101110011001
0000001010100111010001001011000111111011011100110010000110101111
0000001010100111010001001011011000011111100011010111101110011001
0000001010100111010001001011011100110010000110101111011000111111
0000001010100111010001001011110001101011000011111101101110011001
0000001010100111010001001011110110001101011011100110010000111111
0000001010100111010001001011110110111000110000111111001101011001
0000001010100111010001001011110110111001101011000011111100011001
0000001010100111010001101011001100001111110110111001001011110001
0000001010100111010001101011001100010000111111011011100100101111
0000001010100111010001101011011100100101111011001100001111110001
0000001010100111010001101011011100100101111011001100010000111111
0000001010100111010001111110110111001001011001100001101011110001
0000001010100111010001111110110111001001011001100010000110101111
0000001010100111010110000111111011011100110010111100011010001001
0000001010100111010110001101000100100001111110110111001100101111
0000001010100111010110111000110100010000111111011001001011110011
0000001010100111010110111001100011010001000011111101100100101111
0000001010100111010110111001100101111011000011111100011010001001
0000001010100111010110111001100101111011000110100010010000111111
0000001010100111010111100011111101101110011001011000011010001001
0000001010100111010111111011001001011011100011010001000011110011
0000001010100111010111111011001001011011100110001101000100001111
0000001010100111011001100011010001000011111101011011100100101111
0000001010100111011001100011010110111001001011110100010000111111
0000001010100111011100001111110011000110110010001001011010111101
0000001010100111011100011000011111100110110101111010001001011001
0000001010100111011100110110101111010001001011000011111100011001
0000001010100111100010010110000110011010111111011011101000111001
0000001010100111100010010111111011011101000110011010110000111001
0000001010100111100011000011100110101100100101111110110111010001
0000001010100111100011001011111101101110101100001110011010001001
0000001010100111100011010110000111010001001011111101101110011001
0000001010100111100011010110010010111111011011100110000111010001
0000001010100111100011100110101111110110111010001001011000011001
0000001010100111100011101000100101100001101011111101101110011001
0000001010100111100011101011111101101110011001011000011010001001
0000001010100111101000100001101011111100100101101110001110110011
0000001010100111101100001100101101110101111110001110011010001001
0000001010100111101100001100110100011100101101110101111110001001
0000001010100111101100001100110101111110001001011011101000111001
0000001010100111101100001101011111100011101000100101101110011001
0000001010100111101100001110011010110111010001001011111100011001
0000001010100111101100001110100010010111111000110101101110011001
0000001010100111101100001110101101110011001011111100011010001001
0000001010100111101100010010000110011010001110010110111010111111
0000001010100111101100010010110111010001110010000110011010111111
0000001010100111101100011001000011100110101101110100010010111111
0000001010100111101100011010001001000011101011011100110010111111
0000001010100111101100011010110111001100100001110100010010111111
0000001010100111101100011100110100010010000110010110111010111111
0000001010100111101100011101000100101101110011001000011010111111
0000001010100111101100100101101110001110100010000110101111110011
0000001010100111101100100101101110011000011010111111000111010001
0000001010100111101100100101101110100010000110001110011010111111
0000001010100111101100100101111110001100001110011010110111010001
0000001010100111101100100101111110001101011011100110000111010001
0000001010100111101100110000111010001101011011100100101111110001
0000001010100111101100110001000011101000110101101110010010111111
0000001010100111101100110101101110100011000011100100101111110001
0000001010100111101100110101101110100011000100001110010010111111
0000001010100111111000011101101011000110010001001011100110111101
0000001010100111111000110101101111011000011101000100101110011001
0000001010100111111000110110000111011110100010010110101110011001
0000001010100111111001001011110100010000110101101110001110110011
0000001010100111111001100001110100010010111000110101101111011001
0000001010100111111001100001110111101000100101101011100011011001
0000001010100111111001100011010110111101100100010010111000011101
0000001010100111111001100011011001000100101101011100001110111101
0000001010100111111001101101011100011000011101111010001001011001
0000001010100111111001101111010001001011100011000011101101011001
0000001010100111111010001001011000011100110110101110111100011001
0000001010100111111010001001011010111011110001101100001110011001
0000001010100111111010001001011010111011110011000011100011011001
0000001010100111111010001001011101101011000011100110111100011001
0000001010100111111011000110101101111000011100110010001001011101
0000001010100111111011011110000111001101011000110010001001011101
0000001010100111111011110000111001100100010010110110001101011101
0000001010100111111011110001101011101000100101101100001110011001
0000001010100111111011110011000011100011010111010001001011011001
0000001010110000110111000100011101001001111110011001011110110101
0000001010110000110111100101110001000111011010010011001111110101
0000001010110000110111100111111011010010011001011100010001110101
0000001010110000110111101001001100111111001011100010001110110101
0000001010110000111000110010010111010100111101111110011011010001
0000001010110000111001101111110001100100101110110101001111010001
0000001010110000111011010100111111000110010010111001101111010001
0000001010110000111011011100011010011110011001011111101010001001
0000001010110000111011011100011010100010010111111010011110011001
0000001010110000111011011100110010111111010100111100011010001001
0000001010110000111011110101001111110001100100101110011011010001
0000001010110000111101010011100110010010111011111100011011010001
0000001010110000111101101010011100011011111100110010010111010001
0000001010110000111101111110011001001011101010011100011011010001
0000001010110000111111001011100010001101111010010011001110110101
0000001010110000111111001100100101110001101111011010100111010001
0000001010110000111111001110100100110010111000100011011110110101
0000001010110000111111010001001011110001101010011101101110011001
0000001010110000111111010011101101110001101010001001011110011001
0000001010110000111111010100111011011100110010111100011010001001
0000001010110000111111011010010011001011100010001101111001110101
0000001010110001000011100100101110110101001111010001100110111111
0000001010110001000011101000110011011110110101001111110010010111
0000001010110001000110011011010000111001001111010100101110111111
0000001010110001000110011011010000111011110101001011100100111111
0000001010110001000110011011110100001110110101001011100100111111
0000001010110001000110011011111100100111101101010010111010000111
0000001010110001000110011110100001110010111011010100100110111111
0000001010110001000110011110101001001101101000011100101110111111
0000001010110001000110011110110101001001101111110010111010000111
0000001010110001000110011110111111001011101010010011011010000111
0000001010110001000110110100001111010100100110011100101110111111
0000001010110001000110110100001111011111100101110101001001100111
0000001010110001000110111001100101111000011111101101001001110101
0000001010110001000110111001100101111011010100100111010000111111
0000001010110001000110111100001111110110100100110010111001110101
0000001010110001000110111101101010010011001011100111010000111111
0000001010110001000110111101101010010011001110100001111110010111
0000001010110001000110111111001011101000011110110101001001100111
0000001010110001000111010000110111001100101111011010100100111111
0000001010110001000111010000110111101101010010011001011100111111
0000001010110001000111010010011001011100111111000011011110110101
0000001010110001000111010010011111100001101110011001011110110101
0000001010110001000111010100100110010111001111110110100001101111
0000001010110001000111010100100111111011010000110111001100101111
0000001010110001100110111101101010011111100100101110000111010001
0000001010110001100110111111000011100100101110110101001111010001
0000001010110001101000100100001110110111001100101111110101001111
0000001010110001101000100100001111110101001110110111001100101111
0000001010110001101001111001100101111110101000100100001110110111
0000001010110001101010001001011110011001000011111101001110110111
0000001010110001101010001001011111101001111001100100001110110111
0000001010110001101010011101101110011001000011111101000100101111
0000001010110010010111001100001111110001101010011101101111010001
0000001010110010010111001101010011111100010000111011011110100011
0000001010110010010111001101010011111100011000011101101111010001
0000001010110010010111010001101010011100010000111101101111110011
0000001010110010010111011011111100010000111001101010011110100011
0000001010110010010111011011111100010000111101000110101001110011
0000001010110010010111011011111100011000011100110101001111010001
0000001010110010010111011011111100011010100111001100001111010001
0000001010110010010111100011010100111011011100110000111111010001
0000001010110010010111100110000111111010011101101110001101010001
0000001010110010010111100110001101010001000011111101001110110111
0000001010110010010111111010001000011101101110011000110101001111
0000001010110010010111111010011110011000011101101110001101010001
0000001010110010010111111010011110011000110101000100001110110111
0000001010110010011100010001101010010111010000111101101111110011
0000001010110010011101101111010000111111000100011010100101110011
0000001010110010011110100001110011010100101110110111111000100011
0000001010110010011110110111111001101010010111010000111000100011
0000001010110010111000100001101111001111110110100011101010010011
0000001010110010111000100001111110011101000110111101101010010011
0000001010110010111000100001111110110100011011110011101010010011
0000001010110010111001110100011011110110101001001100010000111111
0000001010110010111001110101000110111100001111110110100100110001
0000001010110010111001110101001001100010000111111011010001101111
0000001010110010111001110110111101000011111100010001101010010011
0000001010110010111001111110000110111101101010001110100100110001
0000001010110010111001111110110100011101010010011000100001101111
0000001010110010111010000111101101111110011100010001101010010011
0000001010110010111100001111110110100100111010100011011100110001
0000001010110010111100110000111111011010010011101010001101110001
0000001010110010111101101010001110100100111111000011011100110001
0000001010110010111101101010001110100100111111001100001101110001
0000001010110010111101101010010011101000110111000100001111110011
0000001010110010111101101010010011101000110111001100010000111111
0000001010110011000011101101110010010111111010001101010011110001
0000001010110011000011111100101111010010011101101010001101110001
0000001010110011000011111101000110101001110110111001001011110001
0000001010110011000100001101110010111101000111011010100100111111
0000001010110011000100001110110111001001011111101000110101001111
0000001010110011000100001111010001101010011100100101110110111111
0000001010110011000100001111011011111100100101110100011010100111
0000001010110011000100001111110100011010100111011011100100101111
0000001010110011000100001111110101001001110110100011011100101111
0000001010110011000100011010100101110010011101101111010000111111
0000001010110011000100011010100101110100001111011011111100100111
0000001010110011000110101001110000111101101111110010010111010001
0000001010110011000110101001110010010111011011111100001111010001
0000001010110011010100111101000110001000011100100101110110111111
0000001010110011010100111101101111110010010111010001100010000111
0000001010110011101101000110111100101110001000011111101010010011
0000001010110011101101001001100001111110101000110111100101110001
0000001010110011101101010001101111010010011000011111100101110001
0000001010110011111100101110001000011011110100011101101010010011
0000001010110011111101010001110110100100110000110111100101110001
0000001010110100001101110001000111010100101111001100100111111011
0000001010110100001101110011001001111110110001000111010100101111
0000001010110100001101111001001100111111010100101110001000111011
0000001010110100001110001000110010011110111010100101111110011011
0000001010110100001110001000110010111111001111011101010010011011
0000001010110100001110101001001101100010001100111111001011110111
0000001010110100001110101001011110111000100011001001111110011011
0000001010110100001110111001011110101001001101100010001100111111
0000001010110100001110111001111110001000110010111101010010011011
0000001010110100001111011101010010011001011111100111000100011011
0000001010110100001111011101010010111111001100100111000100011011
0000001010110100001111110011001001110101001011110111000100011011
0000001010110100001111110011101010010011001011110111000100011011
0000001010110100001111110101001011100010001101111001001100111011
0000001010110100001111110101001011100100110011101100010001101111
0000001010110100001111110110001000110111001100100111010100101111
0000001010110100011001001011110101001111110001000011101110011011
0000001010110100011001001011110111000100001110101001111110011011
0000001010110100011001101100010000111010100111111001001011110111
0000001010110100011001101100010000111011100100101111010100111111
0000001010110100011011100010000111111010100101111001001110110011
0000001010110100011011100010000111111011001001110101001011110011
0000001010110100011011100100111011001100010000111111010100101111
0000001010110100011011100110001000011111101100100111010100101111
0000001010110100011011110011101010010111000100001111110110010011
0000001010110100011101010010111000100001101111001111110110010011
0000001010110100011101010010111001111110110010011000100001101111
0000001010110100011101100110001000011011100100111111010100101111
0000001010110100011101100111111010100101110001000011011110010011
0000001010110100011101100111111010100101110010011000100001101111
0000001010110100101110001000110111100100110011101100001111110101
0000001010110100101110001000111011000011011110010011001111110101
0000001010110100101110010011001110110001000110111100001111110101
0000001010110100101110011101010001101111000011111101100100110001
0000001010110100101111000011011100100111111010100011101100110001
0000001010110100101111000011011100110010011111101100010001110101
0000001010110100101111000011111101010001101110010011101100110001
0000001010110100101111000011111101100010001101110011001001110101
0000001010110100101111000011111101100100111010100011011100110001
0000001010110100101111001001110110011000011111101010001101110001
0000001010110100101111001001111110101000111011001100001101110001
0000001010110100101111001100001111110110010011101010001101110001
0000001010110100101111001100100111111011000011011100010001110101
0000001010110101000110111101100100110000111111001110100101110001
0000001010110101000111010010111001111110000110111101100100110001
0000001010110101000111010010111101100100111111000011011100110001
0000001010110101000111010010111101100100111111001100001101110001
0000001010110101000111011001111110000110111101001011100100110001
0000001010110101000111011001111110010011000011011110100101110001
0000001010110101001001100101111010000111111000100011011100111011
0000001010110101001001100101111110011100010001101110100001111011
0000001010110101001001100111010000111111001011110110001000110111
0000001010110101001001100111011000100011011100101111010000111111
0000001010110101001001101110010111101000011101100010001100111111
0000001010110101001001101110011111100010001100101111010000111011
0000001010110101001001101110100001110001000110010111111001111011
0000001010110101001001101110110001000110011110100001110010111111
0000001010110101001011100010000110111101000111011001111110010011
0000001010110101001011100010000111111001110100011011110110010011
0000001010110101001011100010001101111010000111111001001100111011
0000001010110101001011100100110001000011011110100011101100111111
0000001010110101001011100100110011101100010001101111010000111111
0000001010110101001011100111010001101111011001001100010000111111
0000001010110101001011110100001110110001000110011011100100111111
0000001010110101001011110100001111110001000110111001100100111011
0000001010110101001011110100011011100010000111111001001110110011
0000001010110101001011110100011011100100111011001100010000111111
0000001010110101001011110100011101100110001000011011100100111111
0000001010110101001011110110001000110111001100100111010000111111
0000001010110101001011110110001000111010000110111001100100111111
0000001010110101001011110110010011101000110111000100001111110011
0000001010110101001011110110010011101000110111001100010000111111
0000001010110101001011111100010001100100111101000011100110111011
0000001010110101001011111100100111101100010001100110111010000111
0000001010110101001011111100110010011100010001101110100001111011
0000001010110101001011111100110111010000111000100011001001111011
0000001010110101001110011001001011111100010000111101000110111011
0000001010110101001110011001001011111100011011101100001111010001
0000001010110101001110100011011100010000111111001100100101111011
0000001010110101001110110000111111000110111001100100101111010001
0000001010110101001111010001100100101111110001000011100110111011
0000001010110101001111010001100110111011000100001110010010111111
0000001010110101001111011000011100011001001011111100110111010001
0000001010110101001111110000111011000110011011100100101111010001
0000001010110101001111110010010111101100010000111010001100110111
0000001010110101001111110010010111101100011001101110000111010001
0000001010110101001111110011011100010000111010001100100101111011
0000001010110101001111110011011100011001001011110110000111010001
0000001010110110000111011100011010011001011111100111101010001001
0000001010110110000111011100011010100010010111111001111010011001
0000001010110110000111011100111101000100101111110001101010011001
0000001010110110000111011100111101010011001011111100011010001001
0000001010110110000111111000100101111010001101010011001110111001
0000001010110110000111111001011110101000110100110011101110001001
0000001010110110000111111001110111000110100110010111101010001001
0000001010110110000111111001110111000110101000100101111010011001
0000001010110110001001000011111100101111010100011010011001110111
0000001010110110001001011110100011010100110011101110010000111111
0000001010110110001101000100100001110111001111010100110010111111
0000001010110110001101001100101111010100010010000111111001110111
0000001010110110001101001100101111110011110101000100100001110111
0000001010110110001101010001001011110100110010000111111001110111
0000001010110110001101010001001011111100111101001100100001110111
0000001010110110001101010011001000011101110011110100010010111111
0000001010110110010010111101001100001111110011101110001101010001
0000001010110110010010111101001100011010100010000111111001110111
0000001010110110010010111101010011101110011000011111100011010001
0000001010110110010010111101010011111100010000111011100110100011
0000001010110110010010111101010011111100011000011101110011010001
0000001010110110010010111101110001000011101010011111100110100011
0000001010110110010010111101110001100001110101001111110011010001
0000001010110110010010111111000110101001100001110111001111010001
0000001010110110010010111111001100001111011101010011100011010001
0000001010110110010010111111001111010011000011101110001101010001
0000001010110110010010111111001111010011000110101000100001110111
0000001010110110010011100010001101000011110111010100101111110011
0000001010110110010011101010010111101110001000110100001111110011
0000001010110110010011110111010100101111110011010000111000100011
0000001010110110010011111100110100001110101001011110111000100011
0000001010110110010111101010010011010000111011100111111000100011
0000001010110110010111101110001000110100001111110011101010010011
0000001010110110010111111001110001000110100001111011101010010011
0000001010110110010111111001111011101010010011010000111000100011
0000001010110110011000100011010000111101110101001011111100100111
0000001010110110011000100011010000111111001001110101001011110111
0000001010110110011010001100010000111010100111111001001011110111
0000001010110110011010001100010000111011100100101111010100111111
0000001010110110011101010010011000100011010000111111001011110111
0000001010110110011101110010010111101000110101001100001111110001
0000001010110110011101110010010111101000110101001100010000111111
0000001010110110011101110010111101010010011000100011010000111111
0000001010110110011110100011010100110000111011100100101111110001
0000001010110110011110100011010100110001000011101110010010111111
0000001010110111000011111100100101111011001100011010100111010001
0000001010110111000100001101000111010100111111011001001011110011
0000001010110111000100001101010011111100100101111010001110110011
0000001010110111000100001111110010010111101000110101001110110011
0000001010110111000100011010100101111011001001110100001111110011
0000001010110111000100011010100111010000111111001100100101111011
0000001010110111000100011101000011010100111111001100100101111011
0000001010110111000100011101001111110011001001011110110000110101
0000001010110111000110100111011000011111100110010111101010001001
0000001010110111000110101000100101111010011101100001111110011001
0000001010110111001001011110000110100111111010100011101100110001
0000001010110111001001011110000111111010100011010011101100110001
0000001010110111001001011110100011000100001110110011010100111111
0000001010110111001001011110100011010100111011001100001111110001
0000001010110111001001011110100011101100110001000011010100111111
0000001010110111001001011110100111111000011010100011101100110001
0000001010110111001001110110011000100011010100101111010000111111
0000001010110111001100001110110010010111111000110101001111010001
0000001010110111001100010000110100011101010011111101100100101111
0000001010110111001100011010100111011001001011110100010000111111
0000001010110111001100011010100111101000100001110110010010111111
0000001010110111001100100001110110001101010011110100010010111111
0000001010110111001100100101111000011010011111101100010001110101
0000001010110111001100100101111000011111101100010001101001110101
0000001010110111001100100101111011000100011010100111010000111111
0000001010110111001100100101111011000100011101000011010100111111
0000001010110111001100100101111011000100011101001111110000110101
0000001010110111001100101111010100111011000011111100011010001001
0000001010110111001100101111010100111011000110100010010000111111
0000001010110111001101010010111101000011101100100111111000100011
0000001010110111001101010011111100010000111011001001011110100011
0000001010110111001101010011111100011000011101100100101111010001
0000001010110111001110110010111101000011111100010001101010010011
0000001010110111010000111101100100111000100011010100101111110011
0000001010110111010000111101100101111110011100010001101010010011
0000001010110111010000111101100110001000110101001011111100100111
0000001010110111010001101010011100010000111101100100101111110011
0000001010110111011000011100011001011111100110100111101010001001
0000001010110111011000011100110101001111010001001011111100011001
0000001010110111011000011111100010010111101000110011010100111001
0000001010110111011000011111100011001011110101001110011010001001
0000001010110111011000011111100101111010100011001101001110001001
0000001010110111011000011111100110100111000110010111101010001001
0000001010110111011000011111100110101000100101111010011100011001
0000001010110111011000100100001111110010111101010001100110100111
0000001010110111011000100101111010001100110101001110010000111111
0000001010110111011000110010000111001101010011110100010010111111
0000001010110111011000110010000111111001101010001001011110100111
0000001010110111011000110010111101010001001000011111100110100111
0000001010110111011000110010111101010011100110100010010000111111
0000001010110111011000110010111111001101001111010100010010000111
0000001010110111011001001011110100111000110000111111001101010001
0000001010110111011001001011111100010000111001101010011110100011
0000001010110111011001001011111100010000111101000110101001110011
0000001010110111011001001011111100011010100111001100001111010001
0000001010110111011001001111010000111001101010010111111000100011
0000001010110111011001100010000111101000110101001110010010111111
0000001010110111011001100011010100111001001011111100001111010001
0000001010110111011001101010001100001111110010010111101001110001
0000001010110111011001101010001100010000111111001001011110100111
0000001010110111011001101010011100100101111010001100001111110001
0000001010110111011001101010011100100101111010001100010000111111
0000001010110111011001101010011110100011000011100100101111110001
0000001010110111100001101001100100101110011111101100010001110101
0000001010110111100001111110110001000110100110010010111001110101
0000001010110111100001111110110010010111001110101000110100110001
0000001010110111100100101110001000011010001110110011111101010011
0000001010110111100100101110001000110100001111110101001100111011
0000001010110111100100101110001000110100110011101100001111110101
0000001010110111100100101110001000111011000011010011001111110101
0000001010110111100111010100011010011000011111101100100101110001
0000001010110111100111010100110010010111000100011010000111111011
0000001010110111100111111011000011010011001001011100010001110101
0000001010110111100111111011001001011100010000110100011101010011
0000001010110111101000011010100110011111100100101110001000111011
0000001010110111101000011111100100101110001000110101001100111011
0000001010110111101000111011001111110010010111000100001101010011
0000001010110111101001100001101010001110110011111100100101110001
0000001010110111101001100111011000011111100100101110001000110101
0000001010110111101001100111111001001011100010001110110000110101
0000001010110111101100001111110011101001100100101110001000110101
0000001010110111101100010001101010011001001011100111010000111111
0000001010110111101100010001110100001101010011001001011100111111
0000001010110111101100010001110100110010010111001111110000110101
0000001010110111101100100101110001000011111100111010001101010011
0000001010110111101100100101110011101000110101001100010000111111
0000001010110111101100100101110011111100001101010001110100110001
0000001010111000100001101000111011001111001001011011111101010011
0000001010111000100001101111110010110011110100011101101010010011
0000001010111000100001101111110101001011010001110110011110010011
0000001010111000100001111001011001110110100011011111101010010011
0000001010111000100001111001110101001011010001101111110110010011
0000001010111000100001111010001101111110010110011101101010010011
0000001010111000100001111011001001011011111100111010001101010011
0000001010111000100011010000111100100101101111110101001100111011
0000001010111000100011010000111100111010100110010010110111111011
0000001010111000100011010011001001011011111101100001111001110101
0000001010111000100011010011001110110000111100100101101111110101
0000001010111000100011010100110010010110111111001110100001111011
0000001010111000100011011111100100110011101100001111010010110101
0000001010111000100011011111100101100001111010010011001110110101
0000001010111000100011011111100111010000111101101010010011001011
0000001010111000100011011111100111010010011001011000011110110101
0000001010111000100011011111101010010011001110110100001111001011
0000001010111000100011011111101010010110100001111001001100111011
0000001010111000100011011111101101000011110011101010010011001011
0000001010111000100011011111101101001001100101100001111001110101
0000001010111000100011101000011010100110010010110111111001111011
0000001010111000100011101000011011111100111101101010010011001011
0000001010111000100011101001001100101100001101111110011110110101
0000001010111000100011101001100100101101111110011110110000110101
0000001010111000100011101100001101001100111100100101101111110101
0000001010111000100011101100001101111110010011001111010010110101
0000001010111000100011101101000011011111101010010011001111001011
0000001010111000100011101101001001100111100101100001101111110101
0000001010111000100011101101010010011001111010000110111111001011
0000001010111001001011011111100001101010001110110011110100110001
0000001010111001001011011111100001111010011001110110001000110101
0000001010111001001011011111101010001110110011110000110100110001
0000001010111001001011011111101010011000100001101000111011001111
0000001010111001001011011111101010011001110110001000110100001111
0000001010111001001100010000110111111010100101101000111011001111
0000001010111001001100111011000100011011111100001111010010110101
0000001010111001001100111011000100011011111101010010110100001111
0000001010111001011000100011011111100001111010010011001110110101
0000001010111001011000100011011111101010010011001110110100001111
0000001010111001011000100011101101000011011111101010010011001111
0000001010111001011000100011101101001001100111100001101111110101
0000001010111001011000100011101101010010011001111010000110111111
0000001010111001011001110110100011011111101010010011000100001111
0000001010111001011001110110101000110111111000011110100100110001
0000001010111001011001110110101001001100010000111101000110111111
0000001010111001011001111000011011111101010001110110100100110001
0000001010111001011001111010001110110101001001100010000110111111
0000001010111001110100001111011000100011010100110010010110111111
0000001010111001110100001111011010100100110010110001000110111111
0000001010111001110100011010100110001000011110110010010110111111
0000001010111001110100100110010110001000110111111000011110110101
0000001010111001110100101101010001101111110000111101100100110001
0000001010111001110100110010010110111111000011110110001000110101
0000001010111001110101001001100101100010001101111110110100001111
0000001010111001110101001011010001101111110110010011000100001111
0000001010111001110101001100100101101111110110001000110100001111
0000001010111001111000011010011001001011011111101100010001110101
0000001010111001111000011011111101101001001100101100010001110101
0000001010111001111011000100011101000011010100110010010110111111
0000001010111001111011000100011101001100100101101111110000110101
0000001010111001111011001001011011111100001101010001110100110001
0000001010111001111011010100100110010110001000111010000110111111
0000001010111100011111101000100101100001101010011101101110011001
0000001010111100011111101010011101101110011001011000011010001001
0000001010111100100101100110000110101000111111010011101101110001
0000001010111100100101100110001000011010100011111101001110110111
0000001010111100110010000110101000100101100011111101001110110111
0000001010111100110010110000110100111011011100011111101010001001
0000001010111100110010110001111110101000100100001101001110110111
0000001010111101000100001101010011101100100101101110011000111111
0000001010111101000100101101110011001000011010100111011000111111
0000001010111101000111111000100101101100001101010011001110111001
0000001010111101000111111000100101101110110000110011010100111001
0000001010111101001100001101010001111110010010110110011101110001
0000001010111101001100010000110101000111111001001011011001110111
0000001010111101001100100001101010001001011011000111111001110111
0000001010111101001100111011100010010110110000110101000111111001
0000001010111101001110001001011011101100001100110101000111111001
0000001010111101001110001111110011010100010010110111011000011001
0000001010111101001110110000110101000100101101110001111110011001
0000001010111101001110110001111110011001000011010100010010110111
0000001010111101001110110010010110111000111111001100001101010001
0000001010111101001110110011000011010100011111100100101101110001
0000001010111101001110110011000100001101010001111110010010110111
0000001010111101010001001000011001011011101100011111100110100111
0000001010111101010001001000011010011001011011000111111001110111
0000001010111101010001001000011010011101100011111100110010110111
0000001010111101010001111110010110110000110100110011101110001001
0000001010111101010001111110010110110001001000011010011001110111
0000001010111101010001111110010110111011000011001101001110001001
0000001010111101010001111110010110111011000100100001100110100111
0000001010111101010011001110111001011011000011010001111110001001
0000001010111101010011001110111001011011000100100001101000111111
0000001010111101010011100101101110110000110011010001111110001001
0000001010111101010011100101101110110001001000011001101000111111
0000001010111101010011100110100010010000110010110111011000111111
0000001010111111000011010100011101001111011001001011011100110001
0000001010111111000011011100100111101001011010100011101100110001
0000001010111111000011011100110010011110110001000111010010110101
0000001010111111000011011100110010110001000111010010011110110101
0000001010111111000011110100100111011010100011011100101100110001
0000001010111111000011110100101101010001101110010011101100110001
0000001010111111000011110110001000110111001100100111010010110101
0000001010111111000011110110010011101001011010100011011100110001
0000001010111111000100101101100001101010011001111010001110111001
0000001010111111000100101101110110000110011010100111101000111001
0000001010111111000111001101010011110100010010110111011000011001
0000001010111111000111011000011010100111101000100101101110011001
0000001010111111000111011001001011011100110000110101001111010001
0000001010111111000111011100111101000100101101100001101010011001
0000001010111111000111011100111101010011001011011000011010001001
0000001010111111001001011011001111010011000011010100011101110001
0000001010111111001001011011001111010011000100001101010001110111
0000001010111111001001011011100010000110101001111010001110110011
0000001010111111001001011011100010000111101000110101001110110011
0000001010111111001001110110011000011110100101101010001101110001
0000001010111111001001111010010110101000111011001100001101110001
0000001010111111001011001100001111010010011101101010001101110001
0000001010111111001011011000011010011001111010100011101110001001
0000001010111111001011011000100100001101001100111101010001110111
0000001010111111001011011101100001100110100111101010001110001001
0000001010111111001011011101100010010000110011010011110101000111
0000001010111111001100001101010001110100111101100100101101110001
0000001010111111001100001111011001001110100101101010001101110001
0000001010111111001100100101101110001000110101001110100001111011
0000001010111111001100100101101110001000111010000110101001111011
0000001010111111001100100101101110001000111010011110110000110101
0000001010111111001100100111101100001101110001000111010010110101
0000001010111111001100101100001101110001000111010010011110110101
0000001010111111001100101101110001110110000110100111101010001001
0000001010111111001101001111010100010010000110010110111011000111
0000001010111111001111010011001000011010100010010110110001110111
0000001010111111001111010100010010000110100110010110110001110111
0000001010111111010001001011000011010100111100011101101110011001
0000001010111111010001001011000111011011100110010000110101001111
0000001010111111010001110110111001001011001100001101010011110001
0000001010111111010001110110111001001011001100010000110101001111
0000001010111111010011110010010110011000011010100011101101110001
0000001010111111010011110010010110011000100001101010001110110111
0000001010111111010011110011001000011010100010010110001110110111
0000001010111111010100010010000110100111100110010110001110110111
0000001010111111010100011010011101100110000111100100101101110001
0000001010111111010100011101100110000110100111100100101101110001
0000001010111111010100011101101001001111000011011100101100110001
0000001010111111010100011101101001001111001011001100001101110001
0000001010111111010100100111011010001101110001000011110010110011
0000001010111111010100100111011010001101110010110011000100001111
0000001010111111010100101101000110111000100001111001001110110011
0000001010111111010100101101000110111001001110110011000100001111
0000001010111111010100101101000111011001100010000110111001001111
0000001010111111010100111100011101101110011001011000011010001001
0000001010111111010100111100100101101110001000011010001110110011
0000001010111111011000011010011110011001001011011100010001110101
0000001010111111011000011110011001001011011100010001101001110101
0000001010111111011000100011011100110010011101010010110100001111
0000001010111111011000100011101010010110100001101110011001001111
0000001010111111011001001011011100010000110100011101010011110011
0000001010111111011001001011011100110001000011010001110101001111
0000001010111111011001001110101001011010001101110001000011110011
0000001010111111011001001110101001011010001101110011000100001111
0000001010111111011010000110111000100011101010010011110011001011
0000001010111111011010000110111001100101100010001110101001001111
0000001010111111011010010011110000110111001100101100010001110101
0000001010111111011010010011110011001011000011011100010001110101
0000001011000011001001010111001111110001110111101001101101010001
0000001011000011001001010111011110001110011111101001101101010001
0000001011000011001010100111001101110101111000111111011010001001
0000001011000011001010100111100011100110111010111111011010001001
0000001011000011001010111100011111101010011100110111011010001001
0000001011000011001010111100110111011010011100011111101010001001
0000001011000011001010111111010100111100011100110111011010001001
0000001011000011001101110100011111101101011110001001010100111001
0000001011000011001101110100111000100101010001111110110101111001
0000001011000011001101110101111001010100011111101101001110001001
0000001011000011001101110101111110110100011100101010011110001001
0000001011000011001101110101111110110100111100101010001110001001
0000001011000011001101110110100011100101011111101010011110001001
0000001011000011001101110110100011111101010011100101011110001001
0000001011000011001101110110100111100101011111101010001110001001
0000001011000011001101110110101000111000100101011111101001111001
0000001011000011001101110110101000111111010011100010010101111001
0000001011000011001101110110101001111000100101011111101000111001
0000001011000011001110001001010100011111101110100110110101111001
0000001011000011001110010101001101101000111111011101011110001001
0000001011000011001111000100101010011011010111111011101000111001
0000001011000011001111110001110111101000100110110101001010111001
0000001011000011001111110001110111101001010111001001101101010001
0000001011000011001111110001110111101010111001001101101001010001
0000001011000011001111110100010011011010100101011101111000111001
0000001011000011001111110100101011101111000111001001101101010001
0000001011000011001111110101011101111000111001001101101001010001
0000001011000011011010001110101111110111001010100110011110001001
0000001011000011011010001110111001010111111010100110011110001001
0000001011000011011010001111110101001100111011100101011110001001
0000001011000011011010001111110111001010100110011101011110001001
0000001011000011011010011001010111100111011100011111101010001001
0000001011000011011010011001110101111001010100011111101110001001
0000001011000011011010011001111001010100011101011111101110001001
0000001011000011011010011001111001010111111010100011101110001001
0000001011000011011010100010010101111001110111000111111010011001
0000001011000011011010100011101110001001010111111010011001111001
0000001011000011011010100011111101001100111011100010010101111001
0000001011000011011010100110011110001001010111111010001110111001
0000001011000011011010111100010010101001100111010001111110111001
0000001011000011011010111100011111101110011101000100101010011001
0000001011000011011010111111011100010010101000111010011001111001
0000001011000011011010111111011100111100011101000100101010011001
0000001011000011011100011101011111101101001111001100101010001001
0000001011000011011100011101101001111001100101011111101010001001
0000001011000011011100011101101010001001010111111010011110011001
0000001011000011011100011111101001110110101000100101011110011001
0000001011000011011100011111101101001110101111001100101010001001
0000001011000011011100110010101001110101111000111111011010001001
0000001011000011011100110010101001111000111010111111011010001001
0000001011000011011100110010101111000111111010100111011010001001
0000001011000011011100110010101111110101001111000111011010001001
0000001011000011100011001010010001001101111110011110110101011101
0000001011000011100011001010011011111100111101101010111010001001
0000001011000011100100111111010010101110111100011001101101010001
0000001011000011100100111111010101110111100011001101101001010001
0000001011000011100110110100010010100111101010111011111100011001
0000001011000011100110110100010010100111111010101110111100011001
0000001011000011100110110100111111010101110111100011001001010001
0000001011000011100110110101001111110100010010101110111100011001
0000001011000011100111101010111011111100011001010010001001101101
0000001011000011100111101010111011111100011001010011011010001001
0000001011000011101000100101001111110011011110110101011100011001
0000001011000011101101010111001101111010001001010011111100011001
0000001011000011101101010111001111110001100101001000100110111101
0000001011000011101101010111001111110001100101001101111010001001
0000001011000011101111010001001010111001101101010011111100011001
0000001011000011101111010001001111110001100110110101001010111001
0000001011000011101111010010101110010011111100011001101101010001
0000001011000011101111010011111100011001001010111001101101010001
0000001011000011101111010101110010011111100011001101101001010001
0000001011000011101111010101110011011010011111100011001001010001
0000001011000011101111010101110011111100011001010010001001101101
0000001011000011101111010101110011111100011001010011011010001001
0000001011000011110101011101111110001101101000100101001110011001
0000001011000011110110101011101000100101001110001101111110011001
0000001011000011111100011001001010111101001110111001101101010001
0000001011000011111100011001101101010010101111010001001110111001
0000001011000011111100011011010001001010011101111010101110011001
0000001011000011111100011011110100010010100111011010101110011001
0000001011000100100001100110111010111100101010001111110110100111
0000001011000100100001100110111010111111011010001110010101001111
0000001011000100100001100110111010111111011010011110010101000111
0000001011000100100001100110111011010001110010101111110101001111
0000001011000100100001100110111011010001111110101001110010101111
0000001011000100100001100110111011010011110010101111110101000111
0000001011000100100001100111001010100110110100011111101110101111
0000001011000100100001101101000111010111111011100101010011001111
0000001011000100100001101101000111011100101011111101010011001111
0000001011000100100001101101000111111010100110011101110010101111
0000001011000100100001101101000111111011100101010011001110101111
0000001011000100100001101101001100111010111100101010001111110111
0000001011000100100001101101001100111100101010001110101111110111
0000001011000100100001101101001100111100101011111101010001110111
0000001011000100100001110010100110110100011001111010101110111111
0000001011000100100001110100011001111110010100110111101101010111
0000001011000100100001110110101011100101001101111010001100111111
0000001011000100100001110111101010111001010011011010001100111111
0000001011000100100001111011010101110100011011111100101001100111
0000001011000100100001111110010100110011101000110111101101010111
0000001011000100101001111011010101110100011001101111110010000111
0000001011000100101001111110010000111010001100110111101101010111
0000001011000100101010001110100110011110010000110110101111110111
0000001011000100101010001111110110101111001000011001101110100111
0000001011000100101010001111110111010011011010111100100001100111
0000001011000100101010011001110100011111101110010000110110101111
0000001011000100101010011011010111111011101000111001000011001111
0000001011000100101010011100100001100110111010001111110110101111
0000001011000100101011110010000110011011101101010001111110100111
0000001011000100101011110010000110110101000111111010011001110111
0000001011000100101011111101000111001000011001101110110101001111
0000001011000100101011111101000111011100100001101101010011001111
0000001011000100101011111101001100111100100001101101010001110111
0000001011000100101011111101001111001000011001101110110101000111
0000001011000100110011100101001000110110100001111010101110111111
0000001011000100110011101000011111100101001000110111101101010111
0000001011000100110011101101010111001010010001101111010000111111
0000001011000100110011101111010101110010100100011011010000111111
0000001011000100110110100001110010100100011001111010101110111111
0000001011000100110110100001110111101010111001010010001100111111
0000001011000100110111101000011101101010111001010010001100111111
0000001011000100110111111001010010001100111101101010111010000111
0000001011000110010001001010011111100001110111101010111001101101
0000001011000110010001001010011111101010111011110000111001101101
0000001011000110010001001010111001101101010011111100001110111101
0000001011000110010001001010111011110000111001101101010011111101
0000001011000110011011010001001010011110101011101111110000111001
0000001011000110011011010001001010011111100001110111101010111001
0000001011000110011011010100101011100100010011111100001110111101
0000001011000110011011010100101011101111000011100100010011111101
0000001011000110011011110100010010100111111000011101101010111001
0000001011000110011011110110101011100001110100010010100111111001
0000001011000110011110101011101111110000111001010010001001101101
0000001011000110011110101011101111110000111001010011011010001001
0000001011000110011111100001110110101011100101001000100110111101
0000001011000110011111100001110110101011100101001101111010001001
0000001011000110011111100001110111101010111001010010001001101101
0000001011000110011111100001110111101010111001010011011010001001
0000001011000110011111100101001000100110111101101010111000011101
0000001011000110011111100101001101111011010101110000111010001001
0000001011000110111101101010111000011111100101001000100110011101
0000001011000110111101101010111000011111100101001100111010001001
0000001011000110111111001010010001001100111000011110110101011101
0000001011000110111111001010011001110000111101101010111010001001
0000001011000111001000100110110101001010111011110000110011111101
0000001011000111001101110101111110110100010010000110010101001111
0000001011000111001101110110100010010000110010101111110101001111
0000001011000111001111110101011101111000011001000100101001101101
0000001011000111010001001010100110010000110110101111110111001111
0000001011000111010111111011010001001000011011100110010101001111
0000001011000111010111111011010011110011001010100010010000110111
0000001011000111011010001001000011011100110010101111110101001111
0000001011000111011010011110011001010111111010100010010000110111
0000001011000111011010100010010101111110100111100110010000110111
0000001011000111011110101011100111111000011001000100101001101101
0000001011000111111000011001110111001000100110110101001010111101
0000001011000111111010011001000011011010100010010101111001110111
0000001011000111111010011101101010001001010111100110010000110111
0000001011000111111010100010010000110010101111001101110110100111
0000001011000111111010100010010000110110100110010101111001110111
0000001011000111111010100111001101110110100010010000110010101111
0000001011000111111010100111011010001001000011011100110010101111
0000001011000111111011010001001000011001010100111001101110101111
0000001011000111111011010001001000011011100110010101001110101111
0000001011000111111011010011101011110011001010100010010000110111
0000001011000111111011100111010001001010100110010000110110101111
0000001011001000011100010010100111101101111110011010101110100011
0000001011001000011100110101011101101111110001001010011110100011
0000001011001000011110100011010101110110111111000100101001110011
0000001011001000011111100010010100111011011110100011010101110011
0000001011001001010100010000110001111110110101111001101110100111
0000001011001001010100010000110001111110111010011011010111100111
0000001011001001010100010000110110101111001110100110001111110111
0000001011001001010100110000110110101111000111111011100111010001
0000001011001001010100110000110110101111110111001111000111010001
0000001011001001010100110001110100010000110110101111110111001111
0000001011001001010100110001111110111001110100010000110110101111
0000001011001001010100110110101111110111010001000011000111001111
0000001011001001010100111001101110100010000110001111110110101111
0000001011001001010100111010001000011011100110001111110110101111
0000001011001001010111000110000111011110100111111001101101010001
0000001011001001010111100110000110111000111111010011101101010001
0000001011001001010111100110001111110100111011010100010000110111
0000001011001001010111100110111011010100010000110001111110100111
0000001011001001010111100111011100011111101001100001101101010001
0000001011001001010111101001110111000110000111111001101101010001
0000001011001001010111111010001000011000111001101110110101001111
0000001011001001010111111010001000011011010100110001110111001111
0000001011001001010111111010001000011011100110001110110101001111
0000001011001001010111111010011110011000011011100011101101010001
0000001011001001010111111010011110011000111011010100010000110111
0000001011001001010111111010011110011011101101010001000011000111
0000001011001010010001001100001111011011111100111000110101011101
0000001011001010010001001100001111110001101010111001110110111101
0000001011001010010001001101010111001111110001100001110110111101
0000001011001010010001001101010111011011111100011000011100111101
0000001011001010010001101010111001110110111101000011111100010011
0000001011001010010001101010111010000111101101111110011100010011
0000001011001010011000011110110111111001110001101010111010001001
0000001011001010011000011111100011010101110011101101111010001001
0000001011001010011010101110011111100010010000111011011110100011
0000001011001010011010101110011111100011000011101101111010001001
0000001011001010011010101110110111111000100100001110011110100011
0000001011001010011010101110110111111000110000111001111010001001
0000001011001100001101110010010101001110100011111101101011110001
0000001011001100001101110010010101111110100011101101010011110001
0000001011001100010000110111001001010100111010001111110110101111
0000001011001100010000110111001001010111111010001110110101001111
0000001011001100010010100111001000011110100011010101110110111111
0000001011001100010010100111011011110100011010101110010000111111
0000001011001100011010101110100010010100111000011110110111111001
0000001011001100011010101110110111111000011110100010010100111001
0000001011001101010111001000011101101111010001100010010100111111
0000001011001101010111010001100010010100111101101111110010000111
0000001011001101101010010101110001100001110111101000100111111001
0000001011001101101010010101111010001001110111000110000111111001
0000001011001110000111101101111110010100100010011000110101011101
0000001011001110000111101101111110010100110001101010111010001001
0000001011001110010100100010011000110101011101101111110000111101
0000001011001110010100110001001000011110100011010101110110111111
0000001011001110010100110001101010111011011111100001111010001001
0000001011001110100011111101110010010101001100001101101011110001
0000001011001110100011111101110010010101001100010000110110101111
0000001011001110100110000110110101111001001010100011111101110001
0000001011001110100110001000011011010111100100101010001111110111
0000001011001110110111101000110101011100101001100010010000111111
0000001011001110111000011000111111001000100110110101001010111101
0000001011001111001001010100011101001100001101101011111101110001
0000001011001111001001010100011101001100010000110110101111110111
0000001011001111001001010111111010011000011011010100011101110001
0000001011001111001001010111111010011000100001101101010001110111
0000001011001111010000111001010010001100010011010101110110111111
0000001011001111010001100010010000111001010011010101110110111111
0000001011001111011011111100101001000110001001101010111010000111
0000001011001111011011111100101001101010111010001100010010000111
0000001011001111110010001001101101010010101110000110001110111101
0000001011010000111101110101011111100101001000110110001001100111
0000001011010000111101110101011111100111000100110010100100011011
0000001011010000111111001010010001101100010011001110101011110111
0000001011010000111111001110101011110111000100110010100100011011
0000001011010001001000011001010100110110001110011110111010111111
0000001011010001001000011001010100111001101110101111011000111111
0000001011010001001000011001010100111101100011100110111010111111
0000001011010001001000011001010111101010011100110111011000111111
0000001011010001001000011011000111011100111101010011001010111111
0000001011010001001000011011100110010101001110101111011000111111
0000001011010001001000011011100110010101001111011000111010111111
0000001011010001001000011011100110010101111010100111011000111111
0000001011010001001010011100011011000011110111010101111110011001
0000001011010001001010011101010111101110001101100001111110011001
0000001011010001001010011110111010101111110011011000011100011001
0000001011010001001010011111100011011000011101111010101110011001
0000001011010001001010011111100110000111011110101011100011011001
0000001011010001001010011111100110110000111010101111011100011001
0000001011010001001010011111101010111011110001101100001110011001
0000001011010001001010011111101010111011110011000011100011011001
0000001011010001100100001110001001010011110111010101111110011011
0000001011010001100100001110101011110111000100101001111110011011
0000001011010001100110110001001010011110111010101111110010000111
0000001011010001100110110001001010011111100100001110101011110111
0000001011010001100111101110101011111100101001101100010010000111
0000001011010001100111111001010011011000100100001110101011110111
0000001011010001101100010010000111101110101011111100101001100111
0000001011010001101100010010000111111001010011001110101011110111
0000001011010001110010101001101100001100111101110101111110001001
0000001011010001110010101001101100010010000110011110111010111111
0000001011010001110010101001111011000011001101110101111110001001
0000001011010001110010101001111011000100100001100110111010111111
0000001011010011001010100010010000110110001110101111110011110111
0000001011010011001010100010010000110110001111110011101011110111
0000001011010011001010111101010001001000011011000111111001110111
0000001011010011001010111111001111010100010010000110110001110111
0000001011010011011000011001111011101011111100101010001110001001
0000001011010011011000100100001100111101110101111110010101000111
0000001011010011100011111100110111010111101100001100101010001001
0000001011010011100011111100110111011000011001010111101010001001
0000001011010011101011110110000110111000111111001100101010001001
0000001011010011101011110110001111110011001010100010010000110111
0000001011010011101100001101110001111110011001010111101010001001
0000001011010011101100011111100110010101111010100010010000110111
0000001011010011110101000100100001100101011111100110111011000111
0000001011010011110110000110011011101011111100101010001110001001
0000001011010011110110000110111000111010111111001100101010001001
0000001011010011110110001001000011001101110101111110010101000111
0000001011010011110110001110101111110011001010100010010000110111
0000001011010011111100011011000011101111010101110011001001010001
0000001011010011111100110000111011110101011100011011001001010001
0000001011010011111101010111011110001101100001110011001001010001
0000001011010011111101010111011110011000011100011011001001010001
0000001011010100010000110001111110011011101100100101011110100111
0000001011010100010000110110010010101111010011000111111001110111
0000001011010100010000110110010010101111110011110100110001110111
0000001011010100010010101111010011001000011011000111111001110111
0000001011010100010010101111010011100011111100110111011000011001
0000001011010100010010101111010011101100001101110001111110011001
0000001011010100010010101111010011101100011111100110010000110111
0000001011010100010010101111110011110100110010000110110001110111
0000001011010100011111100100001100110111011000100101011110100111
0000001011010100011111100100001101100010010101111010011001110111
0000001011010100011111100100101011110100110000110110011101110001
0000001011010100011111100100101011110100110001000011011001110111
0000001011010100011111100100101011110100111011001100001101110001
0000001011010100011111100100101011110100111011001100010000110111
0000001011010100101011100001101100111111001000100110001110111101
0000001011010100101011100011011001100001110111101000100111111001
0000001011010100101011100011101111010001001100001101100111111001
0000001011010100101011100100010011001111110000110110001110111101
0000001011010100101011101111000011011000111001000100110011111101
0000001011010100101011101111001000100110001110000110110011111101
0000001011010100101011110100010011000011011001110111000111111001
0000001011010100101011110100010011101110001101100110000111111001
0000001011010100110000110110010010101111110001110111001111010001
0000001011010100110000110110011101110010010101111010001111110001
0000001011010100110000110110011110100011101110010010101111110001
0000001011010100110001000011011001110111001001010111101000111111
0000001011010100110001000011011001111010001110111001001010111111
0000001011010100110001110000110110010001001010111011110011111101
0000001011010100110001110111001111010001000011011001001010111111
0000001011010100110001111110011101110000110110010001001010111101
0000001011010100110010000110110001110111001111010001001010111111
0000001011010100110010001001010111001111110000110110001110111101
0000001011010100110010001001010111011110000110110001110011111101
0000001011010100110011101110010000110110001001010111101000111111
0000001011010100110011110100011101110010000110110001001010111111
0000001011010100111001000011001101110110001001010111101000111111
0000001011010100111001101110110010010101111010001000011000111111
0000001011010100111011001001010111101000100001101110011000111111
0000001011010100111011001100001101110010010101111010001111110001
0000001011010100111011001100010000110111001001010111101000111111
0000001011010100111011100001111110011000110110010001001010111101
0000001011010100111101000100001100011100110111011001001010111111
0000001011010100111101000100001101110011000111011001001010111111
0000001011010100111101000100101011111100011100110111011000011001
0000001011010100111101000100101011111100011101100001101110011001
0000001011010100111101000111001000011001101110110001001010111111
0000001011010100111101000111011001100001101110010010101111110001
0000001011010100111101000111011001100010000110111001001010111111
0000001011010100111111000110110000111011110100010010101110011001
0000001011010100111111001100001110111101000100101011100011011001
0000001011010100111111001100011011001000100101011100001110111101
0000001011010100111111010001001010111011110001101100001110011001
0000001011010100111111010001001010111011110011000011100011011001
0000001011010101111010000111011000100110111001010010001100111111
0000001011010101111010000111111000100110010100100011011100111011
0000001011010101111010001001010011101100001111110001101110011001
0000001011010101111010001001010011111100001110110001100110111001
0000001011010101111010001100101001101110011111100010010000111011
0000001011010101111010001100110111001000011101100010010100111111
0000001011010101111010001101110010100110011101100010010000111111
0000001011010101111010001101110011001000011111100010010100111011
0000001011010101111011000011101000100101001111110011011100011001
0000001011010101111011000100100001110100011001111110010100110111
0000001011010101111011000100100001111110010100110011101000110111
0000001011010101111011000100101001111110010000111010001100110111
0000001011010101111011000100110011101000011111100101001000110111
0000001011010101111011000110011011100001110100010010100111111001
0000001011010101111011000110011111100101001000100110111000011101
0000001011010101111011000110011111100101001101110000111010001001
0000001011010101111011000110111000011111100101001000100110011101
0000001011010101111011000110111000011111100101001100111010001001
0000001011010101111110000111001010010001001101110110001100111101
0000001011010101111110000111001010011011101100011001111010001001
0000001011010101111110001001000011100111101000110010100110111011
0000001011010101111110001001010011100110010000111101000110111011
0000001011010101111110001001010011110100011001000011100110111011
0000001011010101111110001100101001000100110111011000011100111101
0000001011010101111110001100101001101110110000111001111010001001
0000001011010101111110001101110110000111101000100101001110011001
0000001011010101111110010100100010011001110000111101100011011101
0000001011010101111110010100100011001111011000100110111010000111
0000001011010101111110010100100011011101000011110110001001100111
0000001011010101111110010100110011100001111011000110111010001001
0000001011010101111110010100110111010001100111101100010010000111
0000001011010101111110011011101000100101001111011000011100011001
0000001011010101111110011011101000110010000111000100101001111011
0000001011010101111110011100010011001010010001101110100001111011
0000001011010101111110011110110000111000110010100100010011011101
0000001011010101111110011110110000111000110010100110111010001001
0000001011010111101100001100110111010001111110001001010100111001
0000001011010111101100001100110111010011100010010101000111111001
0000001011010111101100010010101000111111001000011001101110100111
0000001011010111101100010010101001110010000110011011101000111111
0000001011010111101100100101010001000011000111111001101110100111
0000001011010111101100100101010011100110111010001000011000111111
0000001011010111101100100101010011101000100001101110011000111111
0000001011010111101100110000110111001001010100111010001111110001
0000001011010111101100110001000011011100100101010011101000111111
0000001011010111101110001111110011101001100001101100100101010001
0000001011010111101110010000110110001001010100110011101000111111
0000001011010111101110010010101001100001101100111010001111110001
0000001011010111101110010010101001100010000110110011101000111111
0000001011010111101110011101000100001101100100101010011000111111
0000001011010111101110011101000100101010011001000011011000111111
0000001011010111101110100011111100010010101001101100001100111001
0000001011010111101110100110110000110011100010010101000111111001
0000001011010111101110100110110001001010100011111100100001100111
0000001011010111101110100110110010010101000100001100011111100111
0000001011010111111000100101010011011000011001111011101000111001
0000001011010111111000100101010011110110000110011011101000111001
0000001011010111111000111001101110100010010101001111011000011001
0000001011010111111000111001111011101000100101010011011000011001
0000001011010111111000111010001001010100111101100001101110011001
0000001011010111111001000011001101110100111101100010010101000111
0000001011010111111001000011001111011101001101100010010101000111
0000001011010111111001000011011000100101010001110100110011110111
0000001011010111111001001010100011101001100001101100111101110001
0000001011010111111001001010100011101001100010000110110011110111
0000001011010111111001001010100011101001111011001100001101110001
0000001011010111111001001010100011101001111011001100010000110111
0000001011010111111001100001101110001110100111101100100101010001
0000001011010111111001100011101001111011001001010100010000110111
0000001011010111111001101110100111101100100101010001000011000111
0000001011010111111001111011100011101001100001101100100101010001
0000001011010111111001111011101001101100100101010001000011000111
0000001011011000011010100101011101000100110011111101111000111001
0000001011011000011010100101011110001111110111010001001100111001
0000001011011000011100110010010101110100111111011110001101010001
0000001011011000011111100011010001001010011101010111101110011001
0000001011011000011111100011010011101010111101110011001001010001
0000001011011000011111100011010100111010001001010111101110011001
0000001011011000011111101110100010010101111000110101001110011001
0000001011011000011111101110100111001100100101011110001101010001
0000001011011000011111101110101011110001101000100101001110011001
0000001011011000011111101110101011110001101001110011001001010001
0000001011011000110101001110011001000100101011110000111111011101
0000001011011000110101001111110111100001110011001000100101011101
0000001011011000111001000100110011111101111000011010100101011101
0000001011011000111001111110111100001101010011001000100101011101
0000001011011000111111000011010100101011110111001000100110011101
0000001011011000111111000011010100110010001001010111101110011101
0000001011011001000011100010010100111101110101011111100110100011
0000001011011001000011101010111101110001001010011111100110100011
0000001011011001000100101001100011111100111010101111011100001101
0000001011011001000100101001100011111101110101011110011100001101
0000001011011001000100101001110000111111011101010111100110001101
0000001011011001000100101001110101011110111000011111100110001101
0000001011011001000100101011110011000110101001110000111111011101
0000001011011001000100101011110011100001101010011000111111011101
0000001011011001000100101011110111000011010100110001111110011101
0000001011011001000100101011110111000011111100110001101010011101
0000001011011001001010111010011111101111001100001110001101010001
0000001011011001001010111100110000111111011101001110001101010001
0000001011011001001010111100111000111111011101001100001101010001
0000001011011001001010111101110001111110011101001100001101010001
0000001011011001010010001001100001111011101010111111001110001101
0000001011011001010010001001100001111110011101010111101110001101
0000001011011001010010001101000011110111010101111110011100010011
0000001011011001010010001101000011111100111010101111011100010011
0000001011011001010011000011110111010101111110011100011010001001
0000001011011001010011000011111100111010101111011100011010001001
0000001011011001100001110001101010010101110100010011111101111001
0000001011011001100001111110010011101001010111101110001101010001
0000001011011001100001111110010011101010111101110001101001010001
0000001011011001100001111110111010001001110001101010010101111001
0000001011011001100001111110111010010101111001001110001101010001
0000001011011001100001111110111010101111001001110001101001010001
0000001011011001100011010001001010011100001111011101010111111001
0000001011011001100011010001001010011101010111101110000111111001
0000001011011001100011010100101011110010001001110000111111011101
0000001011011001100011010100101011110111000011111100100010011101
0000001011011001101000110001001010011110111010101111110010000111
0000001011011001101000110001001010011111100100001110101011110111
0000001011011001110000110101001010111100100010011000111111011101
0000001011011001110000111101110101011111100101001000100110001101
0000001011011001110000111101110101011111100101001100011010001001
0000001011011001110001111110111010001001100001101010010101111001
0000001011011001110001111110111010010101111001001100001101010001
0000001011011001110001111110111010101111001001100001101001010001
0000001011011001110100010011000011010100101011110111000111111001
0000001011011001110100101011110111000111111001001100001101010001
0000001011011001110101011110111000011111100101001000100110001101
0000001011011001110101011110111000011111100101001100011010001001
0000001011011001110101011110111000111111001001100001101001010001
0000001011011001111011101010111111001010010001100010011010000111
0000001011011001111011101010111111001010011010001100010010000111
0000001011011001111110010100100011000100110100001110101011110111
0000001011011001111110010100110100011000100100001110101011110111
0000001011011001111110111100100010011000111000011010100101011101
0000001011011100001111110010100100010011000110101011110110011101
0000001011011100001111110010100110001101010111101100111010001001
0000001011011100010010000111111001110100011010101111011001010011
0000001011011100010010100111010001101010111101100100001111110011
0000001011011100010010100111111001101010111101100100001110100011
0000001011011100011000011101000100101001111110011010101111011001
0000001011011100011010101111011001010010001001100001111110011101
0000001011011100011010101111011001010011000011111100111010001001
0000001011011100100001110110011010101111010001100010010100111111
0000001011011100101001000110001001101010111101000011101100111111
0000001011011100101001101010111101000110001001000011101100111111
0000001011011100110000111111000110101011110100010010100111011001
0000001011011100110101011110100010010100111111000110000111011001
0000001011011100111011001010010001001100001111110001101010111101
0000001011011100111011001010010001101010111101000011111100010011
0000001011011100111011001010011000011111100011010101111010001001
0000001011011100111111000100100001110110010100110101011110100011
0000001011011100111111000100110101011110100001110110010100100011
0000001011011100111111000110000111011001010010001001101010111101
0000001011011100111111000110000111011001010011010101111010001001
0000001011011101000011100010011010101111110011110110010100100011
0000001011011101000011110110010100100011010101111110011100010011
0000001011011101000100101001110000111101100110001101010111111001
0000001011011101000100101001110001101010111111001100001111011001
0000001011011101000110001001010011110110011010101111110010000111
0000001011011101000110101011111100100001111011001100010010100111
0000001011011101000110101011111100101001100010010000111101100111
0000001011011101000110101011111100111000100100001111011001010011
0000001011011101100100001110011010101111110001001010011110100011
0000001011011101100100001111010001101010111111000100101001110011
0000001011011101100101001000100110101011111100011000011100111101
0000001011011101100101001101010111111000100100001110011110100011
0000001011011101100101001101010111111000110000111001111010001001
0000001011011101100110001001010011100100001111010001101010111111
0000001011011101100110001101010111111000011110100010010100111001
0000001011011101100111001010010001001100011010101111110000111101
0000001011011101100111001010011000100100001111010001101010111111
0000001011011101100111001010011000110101011111100001111010001001
0000001011011101100111101000011100101001000110001001101010111111
0000001011011101100111101000110001001000011100101001101010111111
0000001011100001100011101101010010101100111111001000100110111101
0000001011100001101010010101101111011001111110010001001100011101
0000001011100001110100010010101100011001101111011010100111111001
0000001011100001110100100010011011110110101100011001111110010101
0000001011100001110100110111101101011000110011111100101010001001
0000001011100001110101011011110110010001001010011111100110001101
0000001011100001110110010001001010011111100110001101111010101101
0000001011100001110110010001001010110101001111110011000110111101
0000001011100001111110010101100011011110110101001000100110011101
0000001011100001111110010101100011011110110101001100111010001001
0000001011100010010000111111001110100011011110110101001100101011
0000001011100010010000111111001110100110010101000110111101101011
0000001011100010010101000110010000111010011111100110111101101011
0000001011100010011001010100001111110011101001000110111101101011
0000001011100010011101000011111100110010001101111011010100101011
0000001011100010011101001010100001111110011001000110111101101011
0000001011100011000011101101000100101001111110011011110101011001
0000001011100011000011101101001111110011011110101011001001010001
0000001011100011000011101101010010101100110111101000100111111001
0000001011100011000011101101010011111100110111101000100101011001
0000001011100011001000100111111001101111011010100101011000011101
0000001011100011001000100111111001101111011010110000111010010101
0000001011100011010001001010011111100110000111010101101111011001
0000001011100011010011111100110000111010101101111011001001010001
0000001011100011010100101011011110110011000011101000100111111001
0000001011100011010100111111001100001110100010010101101111011001
0000001011100011011110100010010101101010011111100110000111011001
0000001011100011011110100111111001100001110110010010101101010001
0000001011100011011110101011010001001010011111100110000111011001
0000001011100011011110101011010011111100110000111011001001010001
0000001011100011011110110101001000100110010101100001111110011101
0000001011100011011110110101001010110000111111001100100010011101
0000001011100011011110110101001100101011000011111100111010001001
0000001011100011011110110101001110100010010101100001111110011001
0000001011100011011110110101100001111110011001000100111010010101
0000001011100011011110110101100001111110011101001000100110010101
0000001011100011011110110101100001111110011101001100101010001001
0000001011100011101000100110000110101001010110111101100111111001
0000001011100011101001010110111101100111111001001100001101010001
0000001011100011101010110111101100111111001001100001101001010001
0000001011100011101100111111001001100001101111010010101101010001
0000001011100011101100111111001001100001101111010101101001010001
0000001011100100001110110101100010010101000110011011110100111111
0000001011100100001110110111101000110001001010110011010100111111
0000001011100100001110111101011000100101010001100110110100111111
0000001011100100010011001111110000110101001010110111101100011101
0000001011100100010011111100001110110101100011001101111010010101
0000001011100100010011111100001110111101010010101100011001101101
0000001011100100010011111100001110111101011000110011011010010101
0000001011100100011001101101000011101111010100101011000100111111
0000001011100100011001101101001010100001110111101011000100111111
0000001011100100011001101111010000111011010100101011000100111111
0000001011100100011001101111010010101000011101101011000100111111
0000001011100100011010100101011001100010011101101111010000111111
0000001011100100011010110011000100111011011110100101010000111111
0000001011100100110011111100011101001010110111101100001101010001
0000001011100100110011111100011101010110111101100001101001010001
0000001011100100110011111100011101100001101111010010101101010001
0000001011100100110011111100011101100001101111010101101001010001
0000001011100100110111101001010110000110011111100011101101010001
0000001011100100110111101010110000110011111100011101101001010001
0000001011100100111111000110011011110100101011000011101101010001
0000001011100100111111000110011011110101011000011101101001010001
0000001011100101010000111011010110001001101111010010001100111111
0000001011100101010000111011011110100100011000100110101100111111
0000001011100101010000111011110101100010011011010010001100111111
0000001011100101010001100010010000111011011110100110101100111111
0000001011100101010001101011001110110111101001100010010000111111
0000001011100101010001101101001100111011110101100010010000111111
0000001011100101010001101111010011001110110101100010010000111111
0000001011100101011000100100001110110101001101111010001100111111
0000001011100101011000100100001110111101010011011010001100111111
0000001011100101011000100110011101101010010001101111010000111111
0000001011100101011000100110011101111010100100011011010000111111
0000001011100101011000100110110100001110111101010010001100111111
0000001011100101011000100110111101000011101101010010001100111111
0000001011100101011000110011111100001110110101001000100110111101
0000001011100101011000110011111100001110110101001101111010001001
0000001011100101011000110011111100001110111101010010001001101101
0000001011100101011000110011111100001110111101010011011010001001
0000001011100101011001110110111101000110101001100010010000111111
0000001011100110000111111000110101001010110010001001110110111101
0000001011100110000111111000110101001110110111101000100101011001
0000001011100110000111111000110101100100010011101101111010010101
0000001011100110010000111111000100101010001101101001110111101011
0000001011100110010000111111000100101010001101111010011101101011
0000001011100110010001001010011111100001110101011011110110001101
0000001011100110010001001010011111100001110110001101111010101101
0000001011100110010001001010110101001111110000111011000110111101
0000001011100110010001001010110111101100011010100111111000011101
0000001011100110010001001110110101001010110000111111000110111101
0000001011100110010001001110110101100001111110001101111010010101
0000001011100110010001001110111101010010101100001111110001101101
0000001011100110010001001110111101011000011111100011011010010101
0000001011100110010001101101000011111100010011101111010100101011
0000001011100110010001101101001010100001111110001001110111101011
0000001011100110010001101111010000111111000100111011010100101011
0000001011100110010001101111010010101000011111100010011101101011
0000001011100110010010101101111011000011101001111110001101010001
0000001011100110101001010110010001001111110001100001110110111101
0000001011100110101001111110001001010110010000111011011110100011
0000001011100110101001111110001100001110110111101000100101011001
0000001011100110101100100001110110111101001111110001001010100011
0000001011100110101100100010011111100011000011101101111010010101
0000001011100110110100010010101100001110111101010011111100011001
0000001011100110110100011001000011101111010100111111000100101011
0000001011100110110100111111000100101010001100100001110111101011
0000001011100110111101000110010000111011010100111111000100101011
0000001011100110111101001111110001001010100011001000011101101011
0000001011100110111101001111110001100100101011000011101101010001
0000001011100110111101010110000111011010001001010011111100011001
0000001011100110111101010110000111011010011111100011001001010001
0000001011100110111101010110001100100010010100111111000011101101
0000001011100111011010100100010011001010110000111111000110111101
0000001011100111011010100100011011110100001111110001001100101011
0000001011100111011010100110010101100001111110001101111010001001
0000001011100111011010110000111111000110111101001000100110010101
0000001011100111011010110000111111000110111101001100101010001001
0000001011100111011011110100100010011000011111100011010110010101
0000001011100111011011110100100011010110010101000011111100010011
0000001011100111011011110100110000111111000110101100101010001001
0000001011100111011110101001000100110010101100001111110001101101
0000001011100111011110101001000110110100001111110001001100101011
0000001011100111011110101001100101011000011111100011011010001001
0000001011100111011110101100001111110001101101001000100110010101
0000001011100111011110101100001111110001101101001100101010001001
0000001011100111111000011001000100101001101111010101100011101101
0000001011100111111000011001000100101011000111011010100110111101
0000001011100111111000011010100110010001001010110111101100011101
0000001011100111111000100100001110110101001101111010001100101011
0000001011100111111000100100001110110111101001101011001010100011
0000001011100111111000100100001110111101010011011010001100101011
0000001011100111111000100110101100101010000111011011110100100011
0000001011100111111000100110110100001110111101010010001100101011
0000001011100111111000100110110100100011001010100001110111101011
0000001011100111111000100110111101000011101101010010001100101011
0000001011100111111000100110111101001000110010101000011101101011
0000001011100111111000110000111011011110100100010011010110010101
0000001011100111111000110000111011011110100110101100101010001001
0000001011100111111000110010101100001110110101001000100110111101
0000001011100111111000110010101100001110110101001101111010001001
0000001011100111111000110010101100001110111101010010001001101101
0000001011100111111000110010101100001110111101010011011010001001
0000001011100111111000111010001001010110111101100001101010011001
0000001011100111111000111010011001001010110111101100001101010001
0000001011100111111000111010101101111011000011010001001010011001
0000001011100111111000111010101101111011000011010011001001010001
0000001011100111111000111011000011011110100010010101101010011001
0000001011100111111000111011000011011110100110010010101101010001
0000001011100111111000111011000011011110101011010001001010011001
0000001011100111111000111011000011011110101011010011001001010001
0000001011100111111000111011010001001010011011110101011000011001
0000001011100111111000111011010011011110101011000011001001010001
0000001011100111111000111011010100110111101000100101011000011001
0000001011101000011100010011011111100111101101010010001100101011
0000001011101000011100010011110110111111001101010010101100100011
0000001011101000011110110101001000110111111001010110001001100111
0000001011101000011110110101001000110111111001110001001100101011
0000001011101000011110110111111001000110101001010110011000100111
0000001011101000100101011000011100110101001111110110111100011001
0000001011101000100101011000011110110101001110001101111110011001
0000001011101000100101011001100011010100111000011110110111111001
0000001011101000100101011011110001101010011111101100001110011001
0000001011101000100101011011110001110011111101100001101010011001
0000001011101000100101011011110011000011100011010100111111011001
0000001011101000100110011111101100001101010010101101111000111001
0000001011101000100110101001010110000110011111101101111000111001
0000001011101000100111111011001100001110001101010010101101111001
0000001011101000100111111011011110001100110101001010110000111001
0000001011101000110001001010110011010100111101101111110010000111
0000001011101000110011110110101001101111110010101100010010000111
0000001011101000110101001100010010000111101101111110010101100111
0000001011101000110101001110001001010110010000111101101111110011
0000001011101000110111111001010110001001000011110110101001100111
0000001011101000110111111001100100001111011010100111000100101011
0000001011101000110111111001110001001000011110110101001100101011
0000001011101001000100110000111101101111110011100011010110010101
0000001011101001000100110001101011001110000111101101111110010101
0000001011101001000100110011100001111011010110001101111110010101
0000001011101001000100110111111001111011010110000111000110010101
0000001011101001000110001001101011001111011011111100101010000111
0000001011101001000110010101000011100010011011111100111101101011
0000001011101001000110011110110101100010011011111100101010000111
0000001011101001000110101100101010000111101101111110011100010011
0000001011101001000110111111001010100001111011010110001001100111
0000001011101001000110111111001110001001100101010000111101101011
0000001011101001010100001110001001111011011111100110101100100011
0000001011101001010100001111011011111100100011010110011000100111
0000001011101001010110000110011111101101111000111001001101010001
0000001011101001010110000111001001111110110111100011001101010001
0000001011101001010110111100011100100110011111101100001101010001
0000001011101001010110111100100111111011001100001110001101010001
0000001011101001100001111011011111100111000110101100101010001001
0000001011101001100010010000111101101111110010101000110101100111
0000001011101001100011010110011100001111011011111100101010001001
0000001011101001100100101011011110001110011111101100001101010001
0000001011101001100101010001101111110011100010010000111101101011
0000001011101001100111000011110110101100011011111100101010001001
0000001011101001101011001111011011111100101010001100010010000111
0000001011101001101111110010101000110011110110101100010010000111
0000001011101001101111110011110110101100001110001100101010001001
0000001011101001110001001010100011010110010000111101101111110011
0000001011101001110001001010100011011111100110010000111101101011
0000001011101001111011010110001001010100011001101111110010000111
0000001011101001111011011111100110101100100001110001001010100011
0000001011101001111110110000111001100100101011011110001101010001
0000001011101001111110110010010101101111001100001110001101010001
0000001011101001111110110111100011001001010110000111001101010001
0000001011101010010001001100101011000011110111111001110001101101
0000001011101010010001001100111000011110111111001010110001101101
0000001011101010010001100111101111110010101100010011011010000111
0000001011101010010001101101000011110111111001010110001001100111
0000001011101010010001101101000011110111111001110001001100101011
0000001011101010010101100001110001100100010011110111111001101101
0000001011101010010101100001111011111100110010001001110001101101
0000001011101010010101100010011110111111001000110011011010000111
0000001011101010011001010110000111101111110011100011011010001001
0000001011101010011001110000111101111110010101100011011010001001
0000001011101010011011010001100111101111110010101100010010000111
0000001011101010011100011011010001001010110000111101111110011001
0000001011101010011110111111001101101000100101011000011100011001
0000001011101010011110111111001101101000110010000111000100101011
0000001011101010110000110011111101101111000111001001101001010001
0000001011101010110000111001001111110110111100011001101001010001
0000001011101010110000111001101000100101001111110110111100011001
0000001011101010110000111001101001111110110111100011001001010001
0000001011101010110001100100010010100111111011011110000111001101
0000001011101010110001110011111101101111000011001000100101001101
0000001011101010110111100001110011001000100101001111110110001101
0000001011101010110111100011010001001010011111101100001110011001
0000001011101010110111100011010011111101100001110011001001010001
0000001011101010110111100011100100110011111101100001101001010001
0000001011101010110111100011100111111011000011010001001010011001
0000001011101010110111100011100111111011000011010011001001010001
0000001011101010110111100100111111011001100001110001101001010001
0000001011101010110111100110000111000110100010010100111111011001
0000001011101010110111100110000111000110100111111011001001010001
0000001011101010110111100111111011001000100101001100011100001101
0000001011101011000011100011001000100111101111110011011010010101
0000001011101011000011110111111001100100010011100011011010010101
0000001011101011000011110111111001110001101101001000100110010101
0000001011101011000011110111111001110001101101001100101010001001
0000001011101011000100100001111011111100101010001101101001100111
0000001011101011000100101010001100110110100111101111110010000111
0000001011101011000100110110100100011001111011111100101010000111
0000001011101011000100111101111110010001100110110100101010000111
0000001011101011000110110100100010011001110000111101111110010101
0000001011101011000110110100110011100001111011111100101010001001
0000001011101100001101111000111001001100111111010010101101010001
0000001011101100001101111000111001001100111111010101101001010001
0000001011101100001101111000111001111110100010010101101010011001
0000001011101100001101111000111001111110100110010010101101010001
0000001011101100001101111000111001111110101011010001001010011001
0000001011101100001101111000111001111110101011010011001001010001
0000001011101100011011110000111001100100010010100111111010101101
0000001011101100011011110000111001100100010010101101010011111101
0000001011101100100010010100110001110000110111100111111010101101
0000001011101100100010010101101010011000111000011011110011111101
0000001011101100110000111000110111100100111111010010101101010001
0000001011101100110000111000110111100100111111010101101001010001
0000001011101101000100101001101111000111001111110101011000011001
0000001011101101000100101001111110101011000011100110111100011001
0000001011101101001101111000111001111110101011000011001001010001
0000001011101101001111110101011000011100110111100011001001010001
0000001011101101010010001001100111001010110001101111110000111101
0000001011101101010010001001101111110000111001010110001100111101
0000001011101101010010001001101111110001100101011000011100111101
0000001011101101010010001100111101000011100101011000100110111111
0000001011101101010010101100001100111111010001001101111000111001
0000001011101101010010101100001110011011111100011001000100111101
0000001011101101010010101100010011110100001110010001100110111111
0000001011101101010010101100011001101111000011100100010011111101
0000001011101101010010101100011001101111110000111001000100111101
0000001011101101010010101100011100100010011011110000110011111101
0000001011101101010011001110010101100010010000111101000110111111
0000001011101101010011001110010101100011011111100001111010001001
0000001011101101010011011110000110010001001010110001110011111101
0000001011101101010011011110001110011111101000100101011000011001
0000001011101101010011011111100001110010101100011001111010001001
0000001011101101010011011111100010010000111001111010001100101011
0000001011101101010011011111100011001010110000111001111010001001
0000001011101101010011100110010000111101000110111111000100101011
0000001011101101010011110100010010101100001110011011111100011001
0000001011101101010011110100010010101100011001101111110000111001
0000001011101101010011110100011001000011100110111111000100101011
0000001011101101010011111101000100101011000011100110111100011001
0000001011101101011000011100110111111000110010001001111010010101
0000001011101101011000011100111101001000100110111111000110010101
0000001011101101011000011100111101001101111110001100101010001001
0000001011101101011000100100001110010101000110011110100110111111
0000001011101101011000100100001111010011001110010101000110111111
0000001011101101011000100110011100101010000111101001000110111111
0000001011101101011000100111101001010100001110010001100110111111
0000001011101101011000110011011111100001110010001001111010010101
0000001011101101011000110011110100100010011011111100001110010101
0000001011101101011000110011110100110111111000011100101010001001
0000001011101101011000110111111000011110100100010011001110010101
0000001011101101011000110111111000011110100110011100101010001001
0000001011101101111110000111101000100101011001100011010100111001
0000001011101101111110000111101001000100110001101011001110010101
0000001011101101111110000111101001100011010110011100101010001001
0000001011101101111110001001000011100111101001101011001010100011
0000001011101101111110001001010100011010110010000111101001110011
0000001011101101111110001001010110010000111001101010011110100011
0000001011101101111110001001010110010000111101000110101001110011
0000001011101101111110001001101011001010100001110011110100100011
0000001011101101111110001001111010000111001101010010101100100011
0000001011101101111110001001111010010101000011100110101100100011
0000001011101101111110001100001110011010100101011001000100111101
0000001011101101111110001100001110011010100111101000100101011001
0000001011101101111110001100001110011010110010001001111010010101
0000001011101101111110001100001110011110100100010011010110010101
0000001011101101111110001100001110011110100110101100101010001001
0000001011101101111110001101010010101100100010011100110000111101
0000001011101101111110001101010011100110000111101000100101011001
0000001011101101111110001101011001000100111001100001111010010101
0000001011101111110000111001000100111101010010101100011001101101
0000001011101111110000111001000100111101011000110011011010010101
0000001011101111110000111001010110001100111101010010001001101101
0000001011101111110000111001010110001100111101010011011010001001
0000001011101111110000111101010010001001100111001010110001101101
0000001011101111110000111101010011001110010101100011011010001001
0000001011101111110000111101011000110110100100010011001110010101
0000001011101111110000111101011000110110100110011100101010001001
0000001011101111110001001000011100111101010011011010001100101011
0000001011101111110001001010100011001000011100110110100111101011
0000001011101111110001001010100011011010011100110010000111101011
0000001011101111110001001101101000011100111101010010001100101011
0000001011101111110001001101101001000110010101000011100111101011
0000001011101111110001001110011001000110110100001111010100101011
0000001011101111110001001110011001000110110100101010000111101011
0000001011101111110001100100010011110101001010110000111001101101
0000001011101111110001100100010011110101100001110011011010010101
0000001011101111110001100101011000011100111101010010001001101101
0000001011101111110001100101011000011100111101010011011010001001
0000001011101111110001101101000100101011000011110101001110011001
0000001011110000110011100100010011010100101011000111111011011101
0000001011110000110011100100010011011101101010010101100011111101
0000001011110000111111010101100011001000100101001110011011101101
0000001011110000111111011000110101001110011001000100101011011101
0000001011110000111111011011101010110001100100010010100111001101
0000001011110001001010100110011101000110110101100001111110111001
0000001011110001001010100110110101100001111110111010001100111001
0000001011110001001010110000111111010001100110111011010100111001
0000001011110001001010110000111111010001101101010011001110111001
0000001011110001100001111110110101100100101010011100110111010001
0000001011110001100100101011000011111101001110011011101101010001
0000001011110001100100101011000011111101101110100111001101010001
0000001011110001100101010011100110111010110000111111011010001001
0000001011110001100101011000011111101010011100110111011010001001
0000001011110001100110101001010110000111111011011101000100111001
0000001011110001100110111011010100101011000011111101000100111001
0000001011110001101101011000011111101110011101000100101010011001
0000001011110001101101011001001010100110000111111011100111010001
0000001011110001101110011000011111101101011001001010100111010001
0000001011110001101110011001010100111010110000111111011010001001
0000001011110001101110011001010110000111111010100111011010001001
0000001011110001101110110000111111010001001010110101001110011001
0000001011110001101110110000111111010011100110010010101101010001
0000001011110001101110110000111111010101101000100101001110011001
0000001011110001101110110000111111010101101001110011001001010001
0000001011110001111110100010011011101101010010101100001100111001
0000001011110001111110100101011000011001110010011011101101010001
0000001011110001111110101011000011001110010011011101101001010001
0000001011110001111110110000110101001010110111010001001100111001
0000001011110001111110110111010001001101010010101100001100111001
0000001011110001111110110111010010101100001100111001001101010001
0000001011110001111110110111010101100001100111001001101001010001
0000001011110010000111111011010110001001010100011001101110100111
0000001011110010000111111011101001101101011000100101010001100111
0000001011110010001001100011111101100111000011010100101011011101
0000001011110010001001101010010101100111000011000111111011011101
0000001011110010001001101110110101001010110011100001100011111101
0000001011110010001001110000111111011001100011010100101011011101
0000001011110010010101000110000111111011010110011011101001110001
0000001011110010010101000110000111111011101001101101011001110001
0000001011110010010101000110001000011111101101011001101110100111
0000001011110010010101000110001000011111101110100110110101100111
0000001011110010010101000110110101100111010011000011111101110001
0000001011110010010101000110110101100111010011000100001111110111
0000001011110010010101100110000111111010011101101010001101110001
0000001011110010010101100110001000011111101001110110101000110111
0000001011110010010101100110111011010100011000011111101001110001
0000001011110010010101100110111011010100011000100001111110100111
0000001011110010011000011011101100111000111111010010101101010001
0000001011110010011000011011101100111000111111010101101001010001
0000001011110010011100011000011111101001010110011011101101010001
0000001011110010011100011000011111101010110011011101101001010001
0000001011110010011100011000011111101101110100101011001101010001
0000001011110010011100011000011111101101110101011001101001010001
0000001011110010011100011011101100110000111111010010101101010001
0000001011110010011100011011101100110000111111010101101001010001
0000001011110010101000110011011101011000011111101101001110001001
0000001011110010101000110011011101011000100100001111110110100111
0000001011110010101000110110100110011101011000011111101110001001
0000001011110010101000110110100110011101011000100100001111110111
0000001011110010101100001111110101000110011011101101001110001001
0000001011110010101100001111110101000110110100110011101110001001
0000001011110010101100010010000111111010100011001101110110100111
0000001011110010101100010010000111111010100011011010011001110111
0000001011110011000011111101000100101011010100111000110111011001
0000001011110011000011111101001110001101110110010010101101010001
0000001011110011000011111101010110100010010100111000110111011001
0000001011110011000011111101010110100111000110111011001001010001
0000001011110011000011111101100100101011011101001110001101010001
0000001011110011000110101001110000111111011001000100101011011101
0000001011110011000110111011001000100101001110000111111010101101
0000001011110011000110111011001000100101011010100111000011111101
0000001011110011001000011111101001110110101000100101011000110111
0000001011110011001010100010010000111111011010011101011000110111
0000001011110011010001001010011100011000011111101101110101011001
0000001011110011010011100011000011111101101110101011001001010001
0000001011110011010100111000110000111111011011101000100101011001
0000001011110011011101001110001100001111110110101100100101010001
0000001011110011011101011000011111101101001110001100101010001001
0000001011110011011101011000110010101000100100001111110110100111
0000001011110011011101101000100101001110001100001111110101011001
0000001011110011011101101001110001100001111110101011001001010001
0000001011110011011101101001110001100101011000011111101010001001
0000001011110011011101101010001001010110000111111010011100011001
0000001011110011011101101010001001010110001100100001111110100111
0000001011110011011101101010011100011000011111101000100101011001
0000001011110011100001100011111101010110010001001010011011101101
0000001011110011100001100011111101101110101011001000100101001101
0000001011110011100001101010011000111111011001000100101011011101
0000001011110011100001101110110010001001010011000111111010101101
0000001011110011100001101110110010001001010110101001100011111101
0000001011110011100011000011111101110100110110101100100101010001
0000001011110011100011111101000100101011010100110000110111011001
0000001011110011100011111101001100001101110110010010101101010001
0000001011110011100011111101010110100010010100110000110111011001
0000001011110011100011111101010110100110000110111011001001010001
0000001011110011100011111101100100101011011101001100001101010001
0000001011110011101001100001111110111000110110101100100101010001
0000001011110011101001100011011010110010010101000100001111110111
0000001011110011101011000011111101110001101101001100101010001001
0000001011110011101011000110110100110010101000100100001111110111
0000001011110011101110001101101001100101011000011111101010001001
0000001011110011101110001101101010001001010110000111111010011001
0000001011110100001110110001001101110010101101010010001100111111
0000001011110100001110110010101101110011111100010011010100100011
0000001011110100001110110011010100101011011100100011000100111111
0000001011110100001111110001001100101011010100100011011100111011
0000001011110100001111110001001110110010001101010010101101110011
0000001011110100010010101101010011000011011100011111100111011001
0000001011110100010010101101010011100110111011000011111100011001
0000001011110100010010101101010011100110111011000110010000111111
0000001011110100010010101101010011101100011011100110010000111111
0000001011110100010010101101010011111100001110110001100110111001
0000001011110100010010101101110011000011111100011010100111011001
0000001011110100010010101101110011010100111111000110000111011001
0000001011110100010011101101010010101100001111110001100110111001
0000001011110100010011101101010010101100110111000110000111111001
0000001011110100011000100101011011100100001110110011010100111111
0000001011110100011001010110101001101110011111100010010000111011
0000001011110100011001101110010000111011000100101011010100111111
0000001011110100011001101110110000111111000100101011010100111001
0000001011110100011001101110110001001010110101001110010000111111
0000001011110100011010100111011001000011111100010010101101110011
0000001011110100011010100111011001100010010101101110010000111111
0000001011110100011011000011111100010010101101010011001110111001
0000001011110100011011000100101011010100110011101110010000111111
0000001011110100011011001110111001001010110101001100001111110001
0000001011110100011011001110111001001010110101001100010000111111
0000001011110100011011100100101011010100111011001100001111110001
0000001011110100011011100100101011010100111011001100010000111111
0000001011110100011011100101011010100110011101100010010000111111
0000001011110100011011100110010000111111000100101011010100111011
0000001011110100100010011000011111100011010110111001110110010101
0000001011110100100010011010110111001111110001100001110110010101
0000001011110100100011000100110101101110010101000011101100111111
0000001011110100100011010110111001110110010101000011111100010011
0000001011110100101010000111011001101011011100100011000100111111
0000001011110100101010000111111000100111011001000110101101110011
0000001011110100101011000011111100011001101110010011101101010001
0000001011110100101011001101110001100001111110010011101101010001
0000001011110100110000110111000111111001110110010010101101010001
0000001011110100110000111111000110101101110011101100101010001001
0000001011110100110000111111001001010110101000110110011101110001
0000001011110100110000111111001110111000110110010010101101010001
0000001011110100110001000011111100100101011010100011011001110111
0000001011110100110001101100100101011010100010000111111001110111
0000001011110100110011101110001001010110101000110110000111111001
0000001011110100110101101110010101000110001001000011101100111111
0000001011110100110101101110011111100010010000111011001010100011
0000001011110100110101101110011111100011000011101100101010001001
0000001011110100111000100101011010100011001101110110000111111001
0000001011110100111000110000111111001101110110010010101101010001
0000001011110100111011000011111100011011100110010010101101010001
0000001011110100111011001000011111100010010101000110101101110011
0000001011110100111011001001010110101000100001111110011000110111
0000001011110100111011001100001111110010010101101010001101110001
0000001011110100111011001100010000111111001001010110101000110111
0000001011110100111011001100010010101000110101101110010000111111
0000001011110101000100100001111110011001010110100111011000110111
0000001011110101000100100001111110011011101100011001010110100111
0000001011110101000110011011101100001111110010101101001110001001
0000001011110101000110011011101100010010000111111001010110100111
0000001011110101000110110000111111001010110100110011101110001001
0000001011110101000110110001001000011111100101011010011001110111
0000001011110101001000100110110000111011100111111000110010101101
0000001011110101001000100110110001100111111000011101110010101101
0000001011110101001000110001001101000011101110010101101100111111
0000001011110101001000110010101101000011101110011111100010011011
0000001011110101001000110110001001100111011100101011010000111111
0000001011110101001010110100001110111001000110011011000100111111
0000001011110101001010110100001111110001001110111001100100011011
0000001011110101001010110110010001001110111001100001111110001101
0000001011110101001010110110010001001111110001100001110111001101
0000001011110101001010110110010001101000011111100010011101110011
0000001011110101001010110110011000100111011100100011010000111111
0000001011110101001010110110011010000111011100100011000100111111
0000001011110101001100111011100101011010001101100001111110001001
0000001011110101001101000110001001000011101110010101101100111111
0000001011110101001101100001110111001111110001100101011010001001
0000001011110101001101100010010000111011100101011010001100111111
0000001011110101001101100011001111110000111011100101011010001001
0000001011110101001110010101101000110011011101100001111110001001
0000001011110101001110010101101000110011011101100010010000111111
0000001011110101001110011011101100001111110001100101011010001001
0000001011110101001110011011101100011001010110100010010000111111
0000001011110101001110110000111111000110111001100101011010001001
0000001011110101001110110001101110011001010110100010010000111111
0000001011110101001110111001100001111110001101000100101011011001
0000001011110101001110111001100100001111110001001010110100011011
0000001011110101001111110001001010110100011001000011101110011011
0000001011110101001111110001001010110110010000111011100110100011
0000001011110101001111110001100001110111001101000100101011011001
0000001011110101011000011111100011001101110010011101101001010001
0000001011110101011000111111000011001000100101001101110011101101
0000001011110101011001000100101001101110000110001111110011101101
0000001011110101011001101110001100001111110010011101101001010001
0000001011110101011010001001010011000011011100011111100111011001
0000001011110101011010001001010011101100001111110001101110011001
0000001011110101011010011000011011100011111100111011001001010001
0000001011110101011010011101100001111110001101110011001001010001
0000001011110101101001000100110110000111011100111111000110010101
0000001011110101101001000100110110001100111111000011101110010101
0000001011110101101001000110010101000011101110011111100010011011
0000001011110101101001000110110001001100111011100101010000111111
0000001011110101101001010100001110111001000110011011000100111111
0000001011110101101001010100001111110001001110111001100100011011
0000001011110101101001100111011100101010001101100010010000111111
0000001011110101101001101100001110111001111110001100101010001001
0000001011110101101001101100010010000111011100101010001100111111
0000001011110101101001101100011001111110000111011100101010001001
0000001011110101101001110111001100100001111110001001010100011011
0000001011110101101001111110001001010100011001000011101110011011
0000001011110101101100100001110111001101001111110001001010100011
0000001011110101101100100001111110001001010100011010011101110011
0000001011110101101100100010011101110011000011111100011010010101
0000001011110101101100100010011111100011000011101110011010010101
0000001011110101101100100011010010101000011111100010011101110011
0000001011110101101100101010000111011100111111000100110100100011
0000001011110101101100110001001010100011010011101110010000111111
0000001011110101101100110001001110111001000110100101010000111111
0000001011110101101100110100101010000111011100100011000100111111
0000001011110101101100111011100101010001101001100010010000111111
0000001011110110000111010001001010110101001111110011011100011001
0000001011110110000111111000110010101001110011011101011010001001
0000001011110110000111111000110100010010100111010101101110011001
0000001011110110000111111000110100111010101101110011001001010001
0000001011110110000111111000110101001110100010010101101110011001
0000001011110110000111111000110111001100101010011101011010001001
0000001011110110000111111001010100011001101110101101001110001001
0000001011110110000111111001101110101101001110001100101010001001
0000001011110110001001000011101000110011111100101011010100110111
0000001011110110001001000011111100101010001100110111010110100111
0000001011110110001001000011111100101011010100110011101000110111
0000001011110110001001010110101001111110010000111010001100110111
0000001011110110001001100111010000111111001010110101001000110111
0000001011110110001100101010001001000011111100110111010110100111
0000001011110110001100101010011100110111010110100010010000111111
0000001011110110001100110111000011101000100101011010100111111001
0000001011110110001100111111001010110101001000100110111000011101
0000001011110110001100111111001010110101001101110000111010001001
0000001011110110001101110000111111001010110101001000100110011101
0000001011110110001101110000111111001010110101001100111010001001
0000001011110110001101110011001010100111010110100010010000111111
0000001011110110001111110000110101001010110111001000100110011101
0000001011110110001111110000110101001100100010010101101110011101
0000001011110110010000111010011111100110101101110001001010100011
0000001011110110010001001010011000111111001110101011011100001101
0000001011110110010001001010011101010110111000011111100110001101
0000001011110110010001001010110111000011010100110001111110011101
0000001011110110010001001010110111000011111100110001101010011101
0000001011110110010001001111110011010100101011011100011000011101
0000001011110110010001001111110011010110111000110000111010010101
0000001011110110010001101010010101101110001001110100001111110011
0000001011110110010001101011011100010011101001010100001111110011
0000001011110110010010101101110001111110011101001100001101010001
0000001011110110010101000011111100111010010001101011011100010011
0000001011110110010101000110101101110001001000011111100111010011
0000001011110110010101101110001001000011111100111010001101010011
0000001011110110010101101110001101010010001001100001111110011101
0000001011110110010101101110001101010011000011111100111010001001
0000001011110110011000011111100100111010010101101110001101010001
0000001011110110011000011111100100111010101101110001101001010001
0000001011110110011000100111010000111111001000110101001010110111
0000001011110110011000100111010010101000011111100100011010110111
0000001011110110011000110101001110100010010101101110000111111001
0000001011110110011000110101101110000111111001000100111010010101
0000001011110110011010100111111001000011101000110001001010110111
0000001011110110011101000100110000110101001010110111000111111001
0000001011110110011101000110101001100010010000111111001010110111
0000001011110110011101001000100110001101011011100001111110010101
0000001011110110011101001010110111000111111001001100001101010001
0000001011110110011101001100010010000111111001010100011010110111
0000001011110110011101001100011010110111000011111100101010001001
0000001011110110011101010110111000111111001001100001101001010001
0000001011110110011111100101010000111010010001100010011010110111
0000001011110110011111100101010001100010010000111010011010110111
0000001011110110111000011000111111001000100110101001010110011101
0000001011110110111000011000111111001110101011001000100101001101
0000001011110110111000110000111111001001110100101011001101010001
0000001011110110111000110000111111001001110101011001101001010001
0000001011110110111000110000111111001101000100101001110101011001
0000001011110110111000110000111111001101001110101011001001010001
0000001011110110111000110000111111001101010011101000100101011001
0000001011110110111001000100110101001010110001111110000110011101
0000001011110110111001001110100101011000011111100011001101010001
0000001011110110111001001110101011000011111100011001101001010001
0000001011110110111001101000100101001110101011000011111100011001
0000001011110110111001101001110101011000011111100011001001010001
0000001011110110111001101010011101000100101011000011111100011001
0000001011110110111001110101011000111111000011001000100101001101
0000001011110111000011101010010001001101100011001111110010101101
0000001011110111000011101010011011000110011111100101011010001001
0000001011110111000011101011010010001001101100011001111110010101
0000001011110111000011101011010011011000110011111100101010001001
0000001011110111000011111100100010011101010010101101100110001101
0000001011110111000011111100100010011101011011001100011010010101
0000001011110111000011111100101011011001110101001000100110001101
0000001011110111000011111100101011011001110101001100011010001001
0000001011110111000100100001111110011101010011001010110100011011
0000001011110111000100100001111110011101011010011001010100011011
0000001011110111000100100001111110011101011011001010100011010011
0000001011110111000100101010001100100001110101101001111110011011
0000001011110111000100101010001101001110101101100100001111110011
0000001011110111000100101011010001100100001110101001111110011011
0000001011110111000100101011011001000011101010011111100110100011
0000001011110111000100110010101000011111100111010110100100011011
0000001011110111000100110010101101000011111100111010100100011011
0000001011110111000100111010100101011010000111111001100100011011
0000001011110111000100111010100101011011001000110100001111110011
0000001011110111000100111010110100101010000111111001100100011011
0000001011110111000100111010110110010001101001010100001111110011
0000001011110111000100111111001101000011101010010101101100100011
0000001011110111000100111111001101001010100001110101101100100011
0000001011110111000110000111010100101011011001000100111111001101
0000001011110111000110000111010100111111001101000100101011011001
0000001011110111000110000111010110110010001001111110011010010101
0000001011110111000110010001001111110011011000011101010010101101
0000001011110111000110010001001111110011011000011101011010010101
0000001011110111000110100100010011000011111100111010110110010101
0000001011110111000110100110000111111001110101101100101010001001
0000001011110111000110110000111111001100100010011101010010101101
0000001011110111000110110000111111001100100010011101011010010101
0000001011110111000110110000111111001110101001000100110010101101
0000001011110111000110110000111111001110101001100101011010001001
0000001011110111000110110000111111001110101101001000100110010101
0000001011110111001010100110011101011010001101100001111110001001
0000001011110111001010100110011101011010001101100010010000111111
0000001011110111010110100011001110010101001101100001111110001001
0000001011110111010110100011001110010101001101100010010000111111
0000001011110111010110100110110000111111001010100011001110001001
0000001011110111010110100110110000111111001110001100101010001001
0000001011110111010110100110110001001000011111100101010001100111
0000001011110111010110100110110001100101010001001000011111100111
0000001011111100001110010101101010010001001101110110001100111101
0000001011111100001110010101101010011011101100011001111010001001
0000001011111100001111010001001010110111011001100011010100111001
0000001011111100001111010010001001100011010110111011001110010101
0000001011111100001111010011000110101101110110011100101010001001
0000001011111100010010000111001111010001100101011010100110111011
0000001011111100010010000111001111010011010110111011001010100011
0000001011111100010010101000110101101110110010000111101001110011
0000001011111100010010101101010011001111010001101100001110111001
0000001011111100010010101101010011100110010000111101000110111011
0000001011111100010010101101010011110100011001000011100110111011
0000001011111100010010101101010011110100011001101110110000111001
0000001011111100010010101101110110010000111001101010011110100011
0000001011111100010010101101110110010000111101000110101001110011
0000001011111100010011010110111011001010100001110011110100100011
0000001011111100010011110100001110011010100101011011101100100011
0000001011111100010011110100101010000111001101011011101100100011
0000001011111100011000011100110101001010110111011001000100111101
0000001011111100011000011100110101001111010001001010110111011001
0000001011111100011000011100110101101110110010001001111010010101
0000001011111100011000011100110111011001001010110101001111010001
0000001011111100011000011100111101001000100110101101110110010101
0000001011111100011000011100111101001101011011101100101010001001
0000001011111100011001010100110110000111001111011101011010001001
0000001011111100011001010100111101100001110011011101011010001001
0000001011111100011001010110101001000100110111011000011100111101
0000001011111100011001010110101001101110110000111001111010001001
0000001011111100011010100101011011101100100010011100110000111101
0000001011111100011010100111001100001111010001001010110111011001
0000001011111100011010110111011001000100111001100001111010010101
0000001011111100011011000011101110011110100010010101101010011001
0000001011111100011011000011101110011110101001100101011010001001
0000001011111100011011001001010110101001100001110111001111010001
0000001011111100011011100110000111011001001010110101001111010001
0000001011111100011011100110010101001111011000011101011010001001
0000001011111100011011101100001111010001001010110101001110011001
0000001011111100100001111011001100010010101000110101101110100111
0000001011111100100001111011001100010010101101110100011010100111
0000001011111100100001111011101011011001100010010101000110100111
0000001011111100100010011100001111011001100011010100101011011101
0000001011111100100010011100001111011001100011010110111010010101
0000001011111100100010011100001111011101010010101101100110001101
0000001011111100100010011100001111011101011011001100011010010101
0000001011111100100011000100111101100110101001010110111010000111
0000001011111100100011000100111101100110101101110100101010000111
0000001011111100100011000100111101110101001010110110011010000111
0000001011111100100011000100111101110101101100110100101010000111
0000001011111100100011001101100010011110111010100101011010000111
0000001011111100100011001101100010011110111010110100101010000111
0000001011111100100011010000111101110101001010110110011000100111
0000001011111100100011010010101000011110111010110110011000100111
0000001011111100100011010100101011011101000011110110011000100111
0000001011111100100011010110111010010101000011110110011000100111
0000001011111100100101011010100011011001111010011000011101110001
0000001011111100100101011010100011011001111010011000100001110111
0000001011111100101010000111101110101101001000110110001001100111
0000001011111100101010001100110111010110100111101100001110001001
0000001011111100101010001100110111010110100111101100010010000111
0000001011111100101010001100111101110101101001101100001110001001
0000001011111100101010001101001100010010000111101110101101100111
0000001011111100101010001101011011101001100010010000111101100111
0000001011111100101010001101100001110101101001100111101110001001
0000001011111100101010001101100010010000111010110100110011110111
0000001011111100101010001101100010010000111101110101101001100111
0000001011111100101011010000111101110101001000110110001001100111
0000001011111100101011010001100111101110101001101100010010000111
0000001011111100101011010001101100010010000111101110101001100111
0000001011111100101011010011001111010100011011000011101110001001
0000001011111100101011010011001111010100011011000100100001110111
0000001011111100101011010011110101000110011011101100001110001001
0000001011111100101011010011110101000110011011101100010010000111
0000001011111100101011010100100010011001110000111101100011011101
0000001011111100101011010100100011001111011000100110111010000111
0000001011111100101011010100100011011101000011110110001001100111
0000001011111100101011010100110011100001111011000110111010001001
0000001011111100101011010100110111010001100111101100010010000111
0000001011111100101011011001110000111101110101001000100110001101
0000001011111100101011011001110000111101110101001100011010001001
0000001011111100101011011001111011101010010001100010011010000111
0000001011111100101011011001111011101010011010001100010010000111
0000001011111100101011011101000110101001100010010000111101100111
0000001011111100110000111101100100010011100011010100101011011101
0000001011111100110000111101100100010011100011010110111010010101
0000001011111100110000111101110101001010110110010001001110001101
0000001011111100110000111101110101001110001101000100101011011001
0000001011111100110000111101110101101100100010011100011010010101
0000001011111100110010000111101110101001110001001010110100011011
0000001011111100110010000111101110101101001110001001010100011011
0000001011111100110010001001110001101100001111011101010010101101
0000001011111100110010001001110001101100001111011101011010010101
0000001011111100110010101000100100001110101101001111011000110111
0000001011111100110010101101001111010100010010000111011000110111
0000001011111100110100001110001001111011101010010101101100100011
0000001011111100110100101010000111000100111101110101101100100011
0000001011111100110100111101110101101100100001110001001010100011
0000001011111100110101001010110111010000111000100111101100100011
0000001011111100110101001111011001000011100010010101101110100011
0000001011111100110101101110100101010000111000100111101100100011
0000001011111100110101101110100111101100100001110001001010100011
0000001011111100110110000111000110010001001111011101010010101101
0000001011111100110110000111000110010001001111011101011010010101
0000001011111100110111010001001010110101001111011000011100011001
0000001011111100110111010001100100001110001001010110101001111011
0000001011111100110111010110100111101100001110001100101010001001
0000001011111100110111010110100111101100011001010100010010000111
0000001011111100110111011000011100011001010110100111101010001001
0000001011111100110111011000110010101101001111010100010010000111
0000001011111100111000100100001111011001010100011010110111010011
0000001011111100111000100100001111011001010110111010001101010011
0000001011111100111000100100001111011101010011001010110100011011
0000001011111100111000100100001111011101011010011001010100011011
0000001011111100111000100100001111011101011011001010100011010011
0000001011111100111000100110010101000011110111010110100100011011
0000001011111100111000100110010101101000011110111010100100011011
0000001011111100111000100110010101101010010001101110100001111011
0000001011111100111000110100100010011000011110111010110110010101
0000001011111100111000110100110000111101110101101100101010001001
0000001011111100111000110101001000100110000111101100101011011101
0000001011111100111000110101001100001111011001010110111010001001
0000001011111100111000110101101110100100010011000011110110010101
0000001011111100111000110101101110100110000111101100101010001001
0000001011111100111000110110000111101110101001000100110010101101
0000001011111100111000110110000111101110101001100101011010001001
0000001011111100111000110110000111101110101101001000100110010101
0000001011111100111000110110000111101110101101001100101010001001
0000001011111100111101001100001110111000110110010010101101010001
0000001011111100111101001100011011001001010110101000100001110111
0000001011111100111101100001110001100101011010100100010011011101
0000001011111100111101100001110001100101011010100110111010001001
0000001011111100111101100101010000111000100110101101110100100011
0000001011111100111101100101011011101000011100010011010100100011
0000001011111100111101110001101100001110101101001100101010001001
0000001011111100111101110101001000100110110000111000110010101101
0000001011111100111101110101001000110010101101000011100010011011
0000001011111100111101110101001101100001110001100101011010001001
0000001011111100111101110101101001000100110110000111000110010101
0000001011111100111101110101101001000110010101000011100010011011
0000001011111100111101110101101001101100011001010100010010000111
0000001011111100111101110101101100101010000111000100110100100011
0000001011111101000100101011000011100110111011010100111100011001
0000001011111101000100101011000011101101010011110001101110011001
0000001011111101000100101011000011101110011110001101101010011001
0000001011111101000100101011000110010000111001101110110101001111
0000001011111101000100101011000110110101001100100001110111001111
0000001011111101000100101011000110111001100100001110110101001111
0000001011111101000110000111001001010110011011101101010011110001
0000001011111101000110001000011100100101011001101110110101001111
0000001011111101000110011011101101010011110001001010110000111001
0000001011111101000110110101001100001110111001001010110011110001
0000001011111101000110110101001100010000111011100100101011001111
0000001011111101000110110101001100111100010010101100001110111001
0000001011111101000110111001001010110011000011101101010011110001
0000001011111101000110111001001010110011000100001110110101001111
0000001011111101001111001001010110011000011101101010001101110001
0000001011111101001111001001010110011000100001110110101000110111
0000001011111101001111001001010110011011101101010001100001110001
0000001011111101001111001001010110011011101101010001100010000111
0000001011111101001111001100100001110110101000100101011000110111
0000001011111101001111001101110110101000100101011000011100011001
0000001011111101001111001101110110101000100101011000110010000111
0000001011111101010001001000011101101001111001100101011000110111
0000001011111101010001100110111011010011110010101100001110001001
0000001011111101010001100110111011010011110010101100010010000111
0000001011111101010001101101001100111100101011000011101110001001
0000001011111101010001101101001100111100101011000100100001110111
0000001011111101010011001010110000111011100111100011011010001001
0000001011111101010011001010110001101101000100100001110111001111
0000001011111101010011110001100101011000011100110111011010001001
0000001011111101010011110001101110011001010110000111011010001001
0000001011111101101000100100001110011011101011000110010101001111
0000001011111101101000100100001110101100011011100110010101001111
0000001011111101101000110011011101011000011100101010011110001001
0000001011111101101000110011011101011000100100001110010101001111
0000001011111101101001111001010100011001101110101100001110001001
0000001011111101101001111001010100011001101110101100010010000111
0000001011111101101001111001100101010001001000011101011000110111
0000001011111101101001111001101110101100001110001100101010001001
0000001011111101101001111001101110101100011001010100010010000111
0000001011111101101011000011100010010101000110011011101001111001
0000001011111101101011000011100110111010001001010100111100011001
0000001011111101101011000011101000100101010011110001101110011001
0000001011111101101011000100101010001100110111010011110010000111
0000001011111101101011000110010000111001101110100010010101001111
0000001011111101101011000110111001100100001110100010010101001111
0000001011111101101011001001010100010000111010011110011000110111
0000001011111101101011001001010100111100011000011100110111010001
0000001011111101101011001001010100111100011011100110000111010001
0000001011111101101011001100001110100011011100100101010011110001
0000001011111101101011001100001110100111100100101010001101110001
0000001011111101101011001100010000111010001101110010010101001111
0000001011111101101011001100010000111010011110010010101000110111
0000001011111101101011001101110100011000011100100101010011110001
0000001011111101101011001101110100011000100001110010010101001111
0000001011111101101011001101110100111100100101010001100001110001
0000001011111101101011001101110100111100100101010001100010000111
0000001011111101110001001010100011011010110000111010011001111001
0000001011111101110010000111010001101101011000100101010011001111
0000001011111101110010010101001100001110100011011010110011110001
0000001011111101110010010101001100010000111010001101101011001111
0000001011111101110011110001101101011000011101000100101010011001
0000001011111101110011110001101101011001001010100110000111010001
0000001011111101110100010010101001101101011000011100111100011001
0000001011111101110100010010101001101101011000110010000111001111
0000001011111101110100011000011100100101010011011010110011110001
0000001011111101110100011000100001110010010101001101101011001111
0000001011111101110100011001111000100101010011011010110000111001
0000001011111101110100110110101100001110001001010100011001111001
0000001011111101110100110110101100010010101000110011110010000111
0000001011111101110100110110101100111100100101010001100001110001
0000001011111101110100110110101100111100100101010001100010000111
0000001011111101110101100001110010101001101101000110011110001001
0000001011111101110101100001110011110001100101010011011010001001
0000001011111101110101100010010000111001010100110110100011001111
0000001011111101110101100011001010100110110100010010000111001111
0000001100001001101000111000101110101011001111110110111100101001
0000001100001001101000111111011011101010110011100010111100101001
0000001100001001101011001110100011111100101111011011100010101001
0000001100001001101011001111110110111100101110100011100010101001
0000001100001001101101000111000101100111111010101110111100101001
0000001100001001101101000111011110101011100010110011111100101001
0000001100001001101101011101111001011001111110100011100010101001
0000001100001001101101011110100011111100101100111011100010101001
0000001100001001101110001011110100011111100101011001110110101001
0000001100001001101110001011110101011001110110100011111100101001
0000001100001001101110110100011111101010110011100010111100101001
0000001100001001101111001010110011111101000111000101110110101001
0000001100001001101111001011101101011001111110100011100010101001
0000001100001001101111010001110110101100111111001011100010101001
0000001100001010100011101101011001111110010011011110100101110001
0000001100001010100011101111010010110011111100100110110101110001
0000001100001010100011111100100110101100111010010111101101110001
0000001100001010100011111100100110101111011101001011011001110001
0000001100001010100011111100100110110101111010010110011101110001
0000001100001010100011111100101101110101111011001101001001110001
0000001100001010100011111100111010011010110010010111101101110001
0000001100001010100011111100111011010110010010111101001101110001
0000001100001010100011111101001011110010011011101101011001110001
0000001100001010100011111101001101110110101100100101111001110001
0000001100001010100011111101101110100101100110101111001001110001
0000001100001010100011111101101110100101111001001101011001110001
0000001100001010100011111101101110100110101100100101111001110001
0000001100001010100011111101101110101111001011001101001001110001
0000001100001010100100110100011100101101100111101110101111110001
0000001100001010100100111001011001101000111111011011101011110001
0000001100001010100100111001011011101011110110011010001111110001
0000001100001010100100111101100101101110101111110001110011010001
0000001100001010100100111101100110100011100101101110101111110001
0000001100001010100101100100111001101011110001111110110111010001
0000001100001010100101100100111100011100110101111110110111010001
0000001100001010100101100110101111110110111010001110010011110001
0000001100001010100101100111011100010011011010111101000111111001
0000001100001010100101100111111010001110001001101101011101111001
0000001100001010100101101100100110101111110001110011110111010001
0000001100001010100101101100111001001101011110111010001111110001
0000001100001010100101101100111101110100011100100110101111110001
0000001100001010100101101110100011100100111101100110101111110001
0000001100001010100101110001001101111010001110110101100111111001
0000001100001010100101110100011100010011010110011111101101111001
0000001100001010100101110110101100111111010001110001001101111001
0000001100001010100101111011011100010011010110011101000111111001
0000001100001010100110110101110111100111111010001110001001011001
0000001100001010100110110101111010001111110011101110001001011001
0000001100001010100110111000100101111010001111110011101101011001
0000001100001010100110111100111111010001110001001011101101011001
0000001100001010111101001011011101100100111000111111001101010001
0000001100001010111101001011011101100110101000111111001001110001
0000001100001010111101010001111110010110111011001101001001110001
0000001100001010111101010010011100101101110110011010001111110001
0000001100001010111111000111001101010010110111011001001111010001
0000001100001010111111001001111010010110111011001101010001110001
0000001100001010111111001011011101100110100100111101010001110001
0000001100001011001001010111011110011111101001101101010001110001
0000001100001011001001010111101001101101010001111110011101110001
0000001100001011001001101101011110011100011111101110100101010001
0000001100001011001001110001111110100101011110011011101101010001
0000001100001011001001110001111110110101111001101110100101010001
0000001100001011001001110011011101101010010101111000111111010001
0000001100001011001001111000111001101110110101001010111111010001
0000001100001011001010100100111001101110101111000111111011010001
0000001100001011001010100100111100011100110111010111111011010001
0000001100001011001010111100011111101010010011100110111011010001
0000001100001011001010111100110111011010010011100011111101010001
0000001100001011001010111111010100100111100011100110111011010001
0000001100001011001101110100101010001111110110101111001001110001
0000001100001011001101110101111001010100011111101101001001110001
0000001100001011001101110101111110110100011100101010010011110001
0000001100001011001101110101111110110100100111100101010001110001
0000001100001011001101110110100011100101011111101010010011110001
0000001100001011001101110110100011111101010010011100101011110001
0000001100001011001101110110100100111100101011111101010001110001
0000001100001011001101110110101000111111010010101111001001110001
0000001100001011001101110110101001010111111010001110010011110001
0000001100001011001110010101001001101101000111111011101011110001
0000001100001011001110111000100110110101001010111101000111111001
0000001100001011001111001001101101011111101110100101010001110001
0000001100001011001111110010011011010010100011101111010101110001
0000001100001011001111110010011011010100011101111010010101110001
0000001100001011001111110100011100010011011010100101011101111001
0000001100001011001111110100101011101111001001101101010001110001
0000001100001011001111110101011101111001001101101001010001110001
0000001100001011010001110010101001001101100111101110101111110001
0000001100001011010001110010101001001111011001101110101111110001
0000001100001011010010011011001111011101011111100101010001110001
0000001100001011010010011100011111100110111010111101100101010001
0000001100001011010010011100011111100110111011001010111101010001
0000001100001011010010011110110011011101011111100101010001110001
0000001100001011010100101011111100011100110111011001001111010001
0000001100001011010111101100100111000111111001101110100101010001
0000001100001011010111101100110111010010101000111111001001110001
0000001100001011010111101110100101010001111110010011011001110001
0000001100001011010111111001001101100111101110100101010001110001
0000001100001011010111111001001111011001101110100101010001110001
0000001100001011100010011011110100011101101010010101100111111001
0000001100001011101000111000100110101001010110011111101101111001
0000001100001011101001010110011111101101111001001101010001110001
0000001100001011101010110011111101101111001001101001010001110001
0000001100001011101101000111000100101001101111001111110101011001
0000001100001011101101001101111001111110101011001001010001110001
0000001100001011101101010010101100111111010001110001001101111001
0000001100001011101101010011011110011111101000111000100101011001
0000001100001011110010011010010100011111101101110101011001110001
0000001100001011110010011010100011111101101110100101011001110001
0000001100001011110010011011101101001010001111110101011001110001
0000001100001011110010011011101101010001111110100101011001110001
0000001100001011110011100010010100110100011111101101110101011001
0000001100001011110011100010010100110111011010001111110101011001
0000001100001011110100011111100111011010100110111000100101011001
0000001100001011110100101011001110110101000111111001001101110001
0000001100001011110101011001001010001111110011101101001101110001
0000001100001011110101011001110110100101000111111001001101110001
0000001100001011110110111000100101001101000111111001110101011001
0000001100001011110110111000100110101001010110011101000111111001
0000001100010000101010001111110010011010111101110100101101100111
0000001100010000101010001111110010110111010111101100110100100111
0000001100010000101010001111110110111010010110011010111100100111
0000001100010000101010001111110110111010111100101100110100100111
0000001100010000101010010011010001110010110110011110111010111111
0000001100010000101010010011100101100110100011111101101110101111
0000001100010000101010010011100101101110101111011001101000111111
0000001100010000101010010011110110011010001110010110111010111111
0000001100010000101010010110011010111111011011101000111001001111
0000001100010000101010010110110011100100110101111011101000111111
0000001100010000101010010110110011110111010001110010011010111111
0000001100010000101010010110111010001110010011110110011010111111
0000001100010000101011110100101101110110011010100011111100100111
0000001100010000101011110101000111111001011011101100110100100111
0000001100010000101011110101001001110010110111011001101000111111
0000001100010000101011111100100111101001011011101100110101000111
0000001100010000101011111100101101110110011010010011110101000111
0000001100010000101100110111010010101000111111011010111100100111
0000001100010000101100110111010111100101010001111110110100100111
0000001100010000101100110111010111111011010001110010101001001111
0000001100010000101100110111010111111011010010011110010101000111
0000001100010000101100110111011010001110010101111110101001001111
0000001100010000101100110111011010001111110101001001110010101111
0000001100010000101100110111011010010011110010101111110101000111
0000001100010000101100110111011010100011111101001010111100100111
0000001100010000101100110111011010100101011111101000111001001111
0000001100010000101100111001010100100110110100011111101110101111
0000001100010000101100111100100110110101111110111010010101000111
0000001100010000101101000111001010100100110110011110111010111111
0000001100010000101101000111001010100100111101100110111010111111
0000001100010000101101001001101100111101110101111110010101000111
0000001100010000101101001001111011001101110101111110010101000111
0000001100010000101101011110110011011101001010100011111100100111
0000001100010000101101011110111010010101000111111001001101100111
0000001100010000101101011111100100110110011110111010010101000111
0000001100010000101101011111100100111101100110111010010101000111
0000001100010001110000101100100101011101111001111110100110110101
0000001100010001110000101100111111010010101110111100100110110101
0000001100010001110000101100111111010101110111100100110110100101
0000001100010001110000101110100101011001111110110111100100110101
0000001100010001110000101110101011001111110110111100100110100101
0000001100010001110000101110110100110111100111111010101100100101
0000001100010001110110101100111111001001101111010010111000010101
0000001100010001110111101001010111000010110011111100100110110101
0000001100010001110111101001011001111110010011011010111000010101
0000001100010001110111101010111000010110011111100100110110100101
0000001100010001111110010011010110011101001011110110111000010101
0000001100010001111110010011011010111101001011001110111000010101
0000001100010001111110010011011100001011110100101011001110110101
0000001100010001111110010011011100001011110101011001110110100101
0000001100010001111110011101001101011001001011110110111000010101
0000001100010001111110011101101001101110000101111010101100100101
0000001100010001111110011101101011001001011110100110111000010101
0000001100010001111110011101110000101100100101011110100110110101
0000001100010001111110100101011001110000101111001001101110110101
0000001100010001111110100101111001001101110110101100111000010101
0000001100010001111110100110111011010110010010111100111000010101
0000001100010001111110101011001110000101111001001101110110100101
0000001100010001111110110111010010101100111000010111100100110101
0000001100010001111110110111010010111100100110101100111000010101
0000001100010001111110110111010011010110010010111100111000010101
0000001100010001111110110111010101100111000010111100100110100101
0000001100010010100110111000010111101010110010001111110011101101
0000001100010010100110111100111111010101100100011100001011101101
0000001100010010101100100011100001011101101010011011110011111101
0000001100010010101100100011111100111011010100110111000010111101
0000001100010010110010001110000101010011011010111011110011111101
0000001100010010110010001111110011101110000101010011011010111101
0000001100010010111011010110010001110000101010011011110011111101
0000001100010010111100111000010101001101011001000111111011011101
0000001100010010111100111000010101001101110110101100100011111101
0000001100010010111101101110000101010011010110010001111110011101
0000001100010011010100101011001110000101111001000111111011011101
0000001100010011010100101011001111110110111100100011100001011101
0000001100010011010110011100001010100101111001000111111011011101
0000001100010011010110011111101101111001000111000010101001011101
0000001100010011011010100101011100001011001111110010001110111101
0000001100010011011010100101011101111001000111000010110011111101
0000001100010011011010111000010101001011001111110010001110111101
0000001100010011011010111011110010001110000101010010110011111101
0000001100010011011101101010010101100111000010111100100011111101
0000001100010011011101101011001110000101010010111100100011111101
0000001100010011011110010001110000101010010111011010110011111101
0000001100010011011110010001110000101110110101001010110011111101
0000001100010101001000111000010011010110011111101101111001011101
0000001100010101001000111000010011011010111011110010110011111101
0000001100010101001000111000010011011110010111011010110011111101
0000001100010101001000111011010110011111100101110000100110111101
0000001100010101001000111111001011001110111000010011011010111101
0000001100010101001000111111001011110110111000010011010110011101
0000001100010101001101011001011110011100001001000111111011011101
0000001100010101001101011001011110110111000010010001111110011101
0000001100010101001101110000100100011111100111011010110010111101
0000001100010101001101110110101100101111001110000100100011111101
0000001100010110010100011100110111010010011110110101011111100001
0000001100010110010100011100110111010101111110110100100111100001
0000001100010110010100011100111101101010111010010011011111100001
0000001100010110010101110011110110101000111010010011011111100001
0000001100010110011011100101011111101010001110110100100111100001
0000001100010110011101110000100011111100101011110100100110110101
0000001100010110011101110000100110110101001000111111001010111101
0000001100010110011111100101001000111011110101011100001001101101
0000001100010110011111100101011100001000111011110100100110110101
0000001100010110011111100101011100001001101101010010001110111101
0000001100010110011111101010111011110010100100011100001001101101
0000001100010110100101000111001001101111110101011101100111100001
0000001100010110100101000111001101110101011111101100100111100001
0000001100010110100101011100100110111111010100011101100111100001
0000001100010110100101011111101010001110110011011100100111100001
0000001100010110101000111010010101110011110110010011011111100001
0000001100010110101000111011001101110010011110100101011111100001
0000001100010110101000111011001111010010101110010011011111100001
0000001100010110101011101001010001110011110110010011011111100001
0000001100010110101011101100111101001010001110010011011111100001
0000001100010110111001001010111111010100011101100110100111100001
0000001100010110111001101010001110100111101100100101011111100001
0000001100010110111010011110110010010100011100110101011111100001
0000001100010110111010101111110110010010100011100110100111100001
0000001100010111000010001110110100100110111101010110011111100101
0000001100010111000010011011110101011001111110010100100011101101
0000001100010111001001010110111101001101010001110110011111100001
0000001100010111001001101111010010101101010001110110011111100001
0000001100010111001010110011111101010001110110100100110111100001
0000001100010111010010011011110110101011001010001110011111100001
0000001100010111010011010101101111011001001010001110011111100001
0000001100010111010101100101000111001111110110100100110111100001
0000001100010111010101100111111011011110010100100011100001001101
0000001100010111010101101001010001110011111101100100110111100001
0000001100010111011001111110101011010010100011100100110111100001
0000001100010111011010100100011100001001101111001010110011111101
0000001100010111100101001000111111010101100111000010011011101101
0000001100010111100101001000111111011011101010110011100001001101
0000001100010111100101011001110000100011111101001001101110110101
0000001100010111100101011001110000100011111101101110100100110101
0000001100010111100101011001110000100110101001000111111011011101
0000001100010111100101011001110000100110111011010100100011111101
0000001100010111100111000010010001111110101011001010011011101101
0000001100010111100111000010010001111110110111010101100101001101
0000001100010111101001001101110000100011111100101011001110110101
0000001100010111101001010110101000111011001101110010011111100001
0000001100010111101010110010100110111000010010001111110011101101
0000001100010111101010110011101101001001101110000100011111100101
0000001100010111101100100101000111001101010110111010011111100001
0000001100010111101100100101011011100110101000111010011111100001
0000001100010111101101010110010100011100110111010010011111100001
0000001100010111101101110000100011111100101011001110100100110101
0000001100010111101101110000100100011111100111010101100101001101
0000001100010111101101110000100110101001000111111001010110011101
0000001100011100110100010000101010010011110110010110111010111111
0000001100011100110101001011011101100100111101000100001010111111
0000001100011100110101111110110111010001000010101001011001001111
0000001100011100110111010111111011010001000010110010101001001111
0000001100011100110111011001001111010001000010110101001010111111
0000001100011100110111011010001000010110010101111110101001001111
0000001100011100110111011010100101011111101000100001011001001111
0000001100011100111101110100010000101010010110110010011010111111
0000001100011101001001101111011010110010101000101110011111100001
0000001100011101001010100010110101110011110110010011011111100001
0000001100011101001101011011110110010010101000101110011111100001
0000001100011101001101011100111101100100101010001011011111100001
0000001100011101001111011001001010100010110111001101011111100001
0000001100011101011001010100010111001111110110100100110111100001
0000001100011101011010010101000101110011111101100100110111100001
0000001100011101011011100110100111111011001001010100010111100001
0000001100011101011111101100100101010001011011100110100111100001
0000001100011101100110100111111010110111001001010100010111100001
0000001100011101100110101101110010010101000101111010011111100001
0000001100011101100110111001001111010010101000101101011111100001
0000001100011101100110111001001111110101101001010100010111100001
0000001100011101100111101001010100010110101110010011011111100001
0000001100011101100111101001101011100100101010001011011111100001
0000001100011101100111111010110100101010001011100100110111100001
0000001100011101101001001101111110101110010101000101100111100001
0000001100011101101001001111110101100110111001010100010111100001
0000001100011101101011001101110010101000101111010010011111100001
0000001100011101101011100101010001011001111010010011011111100001
0000001100011111100110101000100001010111101001011011101100100111
0000001100011111100110111010010101000100001011010111101100100111
0000001100011111100110111010111101100101010001000010110100100111
0000001100011111100110111011001010111101010001000010110100100111
0000001100011111101000100001011001001110011011101101010010101111
0000001100011111101001010111100110111011010100010000101100100111
0000001100011111101010001000010110010101111001101110110100100111
0000001100011111101010010011100110111011010001000010110010101111
0000001100011111101101000100001011001010100100111001101110101111
0000001100011111101101011110011011101001010100010000101100100111
0000001100011111101101110100010000101010010110010011100110101111
0000001100011111101110100101010001000010110010011011010111100111
0000001100100001001110011010101111010001010010110111011000111111
0000001100100001001111001101110110101011111101001010001011000111
0000001100100001001111010001010010110111011000111001101010111111
0000001100100001001111010010100010110101011111100110111011000111
0000001100100001010100010011010111101110100101101100011111100111
0000001100100001010100010011010111111001111011101001011011000111
0000001100100001010100010011110011010111111011011101001011000111
0000001100100001010100101100011100110101111110110111010001001111
0000001100100001010100101100011111101101110100010011100110101111
0000001100100001010100101101100011100111101110100010011010111111
0000001100100001010100101101110100010011100110101111011000111111
0000001100100001010100101101110100010011110110001110011010111111
0000001100100001010111101000100111001101010010110111011000111111
0000001100100001010111101001011011101100011111100110101000100111
0000001100100001010111111001101010001001111010010110111011000111
0000001100100001011000111001101110110101001010111111010001001111
0000001100100001011000111111010001001110011011101101010010101111
0000001100100001011000111111010010101111001101110110101000100111
0000001100100001011000111111011010111100110111010010101000100111
0000001100100001011000111111011101001010100010011011010111100111
0000001100100001011010100010011110100101011111100110111011000111
0000001100100001011010100101011110100010011100110111011000111111
0000001100100001011010111101100011111100110111010010101000100111
0000001100100001011010111101110100101010001001101100011111100111
0000001100100001011010111111001101110100101010001001111011000111
0000001100100001011010111111001111011101001010100010011011000111
0000001100100011100111111010101100010010100110111100001011101101
0000001100100011100111111010101110111100001011000100101001101101
0000001100100011100111111011011110000101010011010110001001011101
0000001100100011100111111011011110000101110101011000100101001101
0000001100100011101101011000100101110011111100001010100110111101
0000001100100011101111010101110011111100001011000100101001101101
0000001100100011111100001010100110101100010010111101101110011101
0000001100100011111100001010100110111001110110101100010010111101
0000001100100011111100001011110101011000100101001101110011101101
0000001100100011111100001011110110111001110101011000100101001101
0000001100100101000111001111110101011000010111011010011011110001
0000001100100101000111011010011011110101011000010111001111110001
0000001100100101001101000010001110001011101010110111100111111011
0000001100100101001101000010001110011111101100010111010101101111
0000001100100101001101010110111101100010111010000100011100111111
0000001100100101001101010111010000100011100010110111111001111011
0000001100100101001101010111010000100011100111101100010110111111
0000001100100101001111001101000010001110001011011101010111111011
0000001100100101001111011000101101110100001000111001101010111111
0000001100100101001111110011010101101110100001000111000101111011
0000001100100101010011010000100010110111111011000111010111001111
0000001100100101010011010000100010111000111010110111100111111011
0000001100100101010011010000100010111001111110110001110101101111
0000001100100101010011010110111101100011101000010001011100111111
0000001100100101010011010111000111010000100010110111111001111011
0000001100100101010011010111001111011000111010000100010110111111
0000001100100101010011110011010000100010110111000111010111111011
0000001100100101010011110110001110100001000101101110011010111111
0000001100100101010011111100110101101110001110100001000101111011
0000001100100101010011111101100011101011011100110100001000101111
0000001100100101011000010111010011010100011100111111011011110001
0000001100100101011000010111011010100011100111111010011011110001
0000001100100101011000010111101001101110011101101010001111110001
0000001100100101011000010111101101110011101001101010001111110001
0000001100100101011000100011100111111010011011110000101110110101
0000001100100101011000100011100111111011011110000101110100110101
0000001100100101011000100011111100001011110100110111001110110101
0000001100100101011000100011111100001011110110111001110100110101
0000001100100101011011100010111100110100001000111010100111111011
0000001100100101011011100010111100110100111111011000010001110101
0000001100100101011011100010111101100001000111010011111100110101
0000001100100101011011100110100001000111010100111111011000101111
0000001100100101011011100110100111111011000101111000010001110101
0000001100100101011011110110001011100111111000010001110100110101
0000001100100101011100010110111111001111011000010001110100110101
0000001100100101011100111101100010110111111000010001110100110101
0000001100100101011100111111000010110001000111011110100110110101
0000001100100101011101111000010110001000111001111110100110110101
0000001100100101011111100001000111010011110110001011011100110101
0000001100100101011111101100010110111001101000010001110101001111
0000001100100101011111101100010110111001101001111000010001110101
0000001100100101100001010100011100111111010011011010111011110001
0000001100100101100001010100011101111010011011010111001111110001
0000001100100101100010001110011111101001101101011101111000010101
0000001100100101100010001110111101001101101011100111111000010101
0000001100100101110100110101100001010100011100111111011011110001
0000001100100101110100110101100010001110011111101101111000010101
0000001100100101110110101100001010100011100111111010011011110001
0000001100100101110110101100010001110011111101001101111000010101
0000001100100101111010011011100111011010110000101010001111110001
0000001100100101111010011011100111011010110001000111111000010101
0000001100100101111011011100111010011010110000101010001111110001
0000001100100101111011011100111010011010110001000111111000010101
0000001100100110111100001000101110011111101100011101011010010101
0000001100100110111100001000111001111110110001011101010110100101
0000001100100110111100111111011000010001011100011101011010010101
0000001100100110111100111111011000010001110001011101010110100101
0000001100100110111101100010111001111110000100011101001010110101
0000001100100110111111000010001011010111001111011000111010010101
0000001100100110111111000010001110011110110001011010101110100101
0000001100100110111111000010001110100101011100111101100010110101
0000001100100110111111001111011000010001011010111000111010010101
0000001100100110111111001111011000010001110001011010101110100101
0000001100100110111111001111011000010001110100101011100010110101
0000001100100110111111011000101101000010001110101001010111001111
0000001100100110111111011000101101001010111001111000010001110101
0000001100100110111111011000111010111001111000010001011010010101
0000001100100111100001000111001101110101011111101100010110100101
0000001100100111100110111000101101000010001110101001010111111011
0000001100100111100110111000101101001010111111011000010001110101
0000001100100111100110111000111010111111011000010001011010010101
0000001100100111100110111010101111110110000100011100010110100101
0000001100100111101100001000101101011111100110111000111010010101
0000001100100111101100001000111000101101010111111001101110100101
0000001100100111101100001000111010010101111110011011100010110101
0000001100100111101100010110101011111100001000111001101110100101
0000001100100111111001101110001011110110000100011101001010110101
0000001100100111111011000010001011110011011100011101011010010101
0000001100100111111011000010001110001011110011011101010110100101
0000001100100111111011000101111000010001110011011101010110100101
0000001100101000101100001001110001111110101011110011011101101001
0000001100101000101100011111101010111100110111011010010000100111
0000001100101000101101001000010011110101011111100110111011000111
0000001100101001000010011100110111011010001011000111111010101111
0000001100101001001101111001111110110100001000111000101110101011
0000001100101001001101111011010101100010111010000100011100111111
0000001100101001001101111110011110110101011101000010001110001011
0000001100101001001111001101110101011111101101000010001110001011
0000001100101001001111011010101111110011011101000010001110001011
0000001100101001001111110011011101000010001110001011110110101011
0000001100101001001111110110100001000111000101111001101110101011
0000001100101001001111110110100001000111001101110101011000101111
0000001100101001101000111001111110110111100010111010101100001001
0000001100101001101000111111000101111011011100111010101100001001
0000001100101001101101000111001111110101011101111000101100001001
0000001100101001101101000111011110101011100111111000101100001001
0000001100101001101110011101101000111111000101111010101100001001
0000001100101001101111000010010001110011111101010110001011101101
0000001100101001101111000101110110100011100111111010101100001001
0000001100101001101111010101100010111001111110000100100011101101
0000001100101010001001101101001000010110001111110111010111100111
0000001100101010001001110001111110011011101011110110000101101001
0000001100101010001001111001101110101111110110100100001011000111
0000001100101010010000101100011100110111010111111011010001001111
0000001100101010010000101100011111101101000100111001101110101111
0000001100101010010000101101000100110110001110011110111010111111
0000001100101010010000101101000100111001101110101111011000111111
0000001100101010010000101101000100111101100011100110111010111111
0000001100101010010011011110011111101101000010001011100011101011
0000001100101010010011011110110101100011101000010001011100111111
0000001100101010010011011111100111101101011100011101000010001011
0000001100101010010011011111101101000010001011000111010111001111
0000001100101010010011110011011100011101011111101101000010001011
0000001100101010010011110110101111110011011100011101000010001011
0000001100101010010011111100110111000111010000100010111101101011
0000001100101010010011111101101000010001011110011011100011101011
0000001100101011000010001110100100111111001101110001011110110101
0000001100101011000101110011111100001000111010010011011110110101
0000001100101011000101110011111100001001000111011010100110111101
0000001100101011000101110011111101101000010001110101001001101111
0000001100101011000101110011111101101001001101111000010001110101
0000001100101011000101110110101001101111000010010001110011111101
0000001100101011100010110000100011101001001101111110011110110101
0000001100101011110011011101101001000010110001111110101000100111
0000001100101011110101000100111000111111001101110110000101101001
0000001100101011110101001000010110100010011100110111011000111111
0000001100101011111100011100110111011000010110100010011110101001
0000001100101011111100110111000101100001000111010010011110110101
0000001100101011111101010001001111001101110110100100001011000111
0000001100101011111101010010000101100011100110111011010001001111
0000001100101011111101101000010001110101001001111001101110001011
0000001100101011111101101001001111001101110001011000010001110101
0000001100101100001010100010011100011111101101110101111001101001
0000001100101100010101001101101011100111111000010010001110111101
0000001100101100010101001101101011101111000010010001110011111101
0000001100101100011111101101110101111001101001000010101000100111
0000001100101101110101111011000010101000100111000111111001101001
0000001100101101110101111011000111111001101001000010101000100111
0000001100101101110101111110001110011010001001111011000010101001
0000001100101101110101111110011010010000101010001001111011000111
0000001100101101110110000100111101010111111000111001101000101001
0000001100101101110110000101011110101000100111000111111001101001
0000001100101101110110000101011111100011100110100010011110101001
0000001100101101110110001110011010001001111010100100001010111111
0000001100101101110110001110011010001010010000100111101010111111
0000001100101101110110001111110011010010000101011110101000100111
0000001100101110011111100001001000111011010110001010100110111101
0000001100101110011111100010101001101111010001110110101100001001
0000001100101110100011100111111011011110001010100110101100001001
0000001100101110110101100010101001101111000010010001110011111101
0000001100101111010001111110001010100110111001110110101100001001
0000001100101111011011100111010001111110001010100110101100001001
0000001100110100001000101111001001010100111111010110111000111011
0000001100110100001000111000101111001001010011111101010110111011
0000001100110100001000111001001010011111101010110111011000101111
0000001100110100001000111011000101101110010010101111110101001111
0000001100110100011100101101110101111110001001111011000010101001
0000001100110100011100101101110110000100111101010111111000101001
0000001100110100011100101101110110000101011111100010011110101001
0000001100110100011100101101110110001001111010100100001010111111
0000001100110100011100101101110110001010010000100111101010111111
0000001100110100011111100010011100101101110101111011000010101001
0000001100110100011111100010011100101101110110000101011110101001
0000001100110100011111101101110101111000100111001011000010101001
0000001100110100100001001111010101111110010110111011000101000111
0000001100110100100001010100011111100101101110101111011000100111
0000001100110100100001010100011111101101110101111001011000100111
0000001100110100100001010111101010001111110010110111011000100111
0000001100110100100001010111111001011011101100010011110101000111
0000001100110100111100001000111011000101101110010010101111110101
0000001100110100111111010101101110110000100011100010111100100101
0000001100110100111111010101101110110001011110000100011100100101
0000001100110100111111010110111000111011000010001011110010010101
0000001100110101000111000100111101001011011101100001010111111001
0000001100110101000111111001000010101111010010110111011000100111
0000001100110101001011011101100001010111101000111111000100111001
0000001100110101001011011101100001010111111000100111101000111001
0000001100110101001011011101100010011100100001010111101000111111
0000001100110101001011011101100010011110100011100100001010111111
0000001100110101001111010000100011101100010110111001001010111111
0000001100110101001111110010010101101110001011110100001000111011
0000001100110101011011101100001000111000101111010011111100100101
0000001100110101011011101100010111101000010001110010010100111111
0000001100110101011011101100010111101001111110000100011100100101
0000001100110101011110100011111100010100101101110110000100111001
0000001100110101011110100101101110110000100111000101000111111001
0000001100110101011110100101101110110001010001111110010000100111
0000001100110101011111100010100101101110110000100111101000111001
0000001100110101011111100100001001111010010110111011000101000111
0000001100110101011111100100101001111010000100011100010110111011
0000001100110101101110001110110000100010111101001111110010010101
0000001100110101111001000010101000111111011011101001011000100111
0000001100110101111011000010101001011011101000111111000100111001
0000001100110101111011000100111001000010101001011011101000111111
0000001100110101111110001001111011000010101001011011101000111001
0000001100110101111110010010101001111010000100010110111000111011
0000001100110101111110110111010001110010000101010010110001001111
0000001100110101111110110111010010110000101010001110001001111001
0000001100110101111110110111010010110001001111001000010101000111
0000001100110111000101100001000111011010010011110010101111110101
0000001100110111000101101010010101111110010011110100001000111011
0000001100110111000101111001001111110101001010110100001000111011
0000001100110111000101111001010110000100011101101001001111110101
0000001100110111000101111010000100011101101010010011111100101011
0000001100110111000101111010010011111100101011000010001110110101
0000001100110111000111011000010001011010111111001001111010010101
0000001100110111000111011000010001011110010011111101011010010101
0000001100110111000111011010000100010111100101010010011111101011
0000001100110111000111011010010011111101011000010001011110010101
0000001100110111000111011010110000100010111101001001111110010101
0000001100110111000111011010111111001010100100111101000010001011
0000001100110111001001111000010001110110001011010010101111110101
0000001100110111001001111010000100011101100010110101001010111111
0000001100110111001001111010010101111110000100011101100010110101
0000001100110111001001111110000100011101100010111101001010110101
0000001100110111001001111110101001010110100001000111011000101111
0000001100110111001010100100111101000010001011000111011010111111
0000001100110111001010100100111111010110001110110100001000101111
0000001100110111001010110001011110000100011101101001001111110101
0000001100110111001010110001011110100001000111011010100100111111
0000001100110111001010110001011110100100111111000010001110110101
0000001100110111010010101000111000100111101100001011010111111001
0000001100110111010010101000111111001000010110101111011000100111
0000001100110111010010101000111111011010111100100001011000100111
0000001100110111010111100101010001111110110100100001011000100111
0000001100110111010111101100001011010001111110001001110010101001
0000001100110111010111101100010011100101010010000101101000111111
0000001100110111010111111000100111101100001011010001110010101001
0000001100110111010111111001010100011100010011110110000101101001
0000001100110111010111111011010001110010101001000010110001001111
0000001100110111010111111011010010000101100010011110010101000111
0000001100110111011000010001110001011010101111110010011110100101
0000001100110111011000010001110001011110010011111101010110100101
0000001100110111011000010011100010110101011110100101000111111001
0000001100110111011000010011110100101000111000101101010111111001
0000001100110111011000010011110101011111100010110100011100101001
0000001100110111011000010011110101011111100101000111000101101001
0000001100110111011000010110100011100101011111100010011110101001
0000001100110111011000010110100011111100010011100101011110101001
0000001100110111011000010110101000111000100111101001010111111001
0000001100110111011000010110101001010111101000111111000100111001
0000001100110111011000010110101001010111111000100111101000111001
0000001100110111011000100111001000010110101001010111101000111111
0000001100110111011000100111001010111101010010000101101000111111
0000001100110111011000100111101000111001000010110101001010111111
0000001100110111011000100111101001010111111001000010110101000111
0000001100110111011000100111101010010000101101000111001010111111
0000001100110111011000101101000111001010010000100111101010111111
0000001100110111011000101101001000010011110101011111100101000111
0000001100110111011000101101010111101001010001111110010000100111
0000001100110111011000101101010111111000010001110010011110100101
0000001100110111011000101101010111111001000010011110100101000111
0000001100110111011000101111000010001110010011111101010110100101
0000001100110111011010000100011100010111100101001001111110101011
0000001100110111011010000100011100101001001111110101011000101111
0000001100110111011010001110010101111110101001000010110001001111
0000001100110111011010001111110101001000010110001001110010101111
0000001100110111011010001111110101011110001011000010011100101001
0000001100110111011010010000101100010011110010101111110101000111
0000001100110111011010010011111101010110000100011100010111100101
0000001100110111011010010011111101010110001011110000100011100101
0000001100110111011010100011111101001010111100100001011000100111
0000001100110111011010100101011111101000111001000010110001001111
0000001100110111011010101100001000111000101111010010011111100101
0000001100110111011010101100010111101000010001110010100100111111
0000001100110111011010101100010111101001001111110000100011100101
0000001100110111011010101111110010100100111101000010001110001011
0000001100110111011010101111110100101000111000101100001001111001
0000001100111000100110101111011101001011011000010101000111111001
0000001100111000100110110000101101011110111010010101000111111001
0000001100111001000010101001011011000100110101111011101000111111
0000001100111001001101001010001111110110111010101100001011110001
0000001100111001001101010001111110110111010010101100001011110001
0000001100111001001101011000010101000111111011011101001011110001
0000001100111001001101011000100011111101101110100101111000010101
0000001100111001001101110110100101000111111010101100001011110001
0000001100111001001101110110101000111111010010101100001011110001
0000001100111001001101110110101100001010100011111101001011110001
0000001100111001001101110110101100010001111110100101111000010101
0000001100111001010010001111110101011000101111000010011011101101
0000001100111001010010001111110110111010101100010111100001001101
0000001100111001010100100001011000100110110100011111101110101111
0000001100111001010110001011110000100011111101001001101110110101
0000001100111001010110001011110000100011111101101110100100110101
0000001100111001010110001011110000100110101001000111111011011101
0000001100111001010110001011110000100110111011010100100011111101
0000001100111001011110000100011111101001001101110110101100010101
0000001100111001011110000100011111101101110100100110101100010101
0000001100111001011110000100110101100010101001000111111011011101
0000001100111001011110000100110111011010110001010100100011111101
0000001100111001011110001010100011111101001001101110110101100001
0000001100111001011110001010100011111101101110100100110101100001
0000001100111010001111110001001101010010101100001011110110111001
0000001100111010001111110001001101011000010101001011110110111001
0000001100111010001111110001011110110111001010110000100110101001
0000001100111010010011010100011111100010111101101110010101100001
0000001100111010010101100001011110110111001001101010001111110001
0000001100111010010101100010001111110000101111011011100100110101
0000001100111010010111101101110010011010110000101010001111110001
0000001100111010010111101101110010011010110001000111111000010101
0000001100111010101100001001101000111111000101111011011100101001
0000001100111010101100001011110110111001001101001010001111110001
0000001100111010101100010001111110000101111011011100100110100101
0000001100111010101100010111101101110010100100011111100001001101
0000001100111011010001111110001011110101011000010011011100101001
0000001100111011010010011011100101000111111000101111010101100001
0000001100111011010100011111100010111101001001101110010101100001
0000001100111011010100100011111100001001101110010101100010111101
0000001100111011010100101011000010111101000111111000100110111001
0000001100111011010100101011000100110111001000111111000010111101
0000001100111011010110000100110111001011110100011111100010101001
0000001100111011010110000101010010111101000111111000100110111001
0000001100111011010110001001101110010001111110000101010010111101
0000001100111011010110001010100100011111100001001101110010111101
0000001100111011100100011111100001010100101100010011011010111101
0000001100111011100100011111100001011000100110110101001010111101
0000001100111011100100110110101111010010110000101010001111110001
0000001100111011100100110110101111010010110001000111111000010101
0000001100111011100101011110100011111100010110000100110110101001
0000001100111011100101011110100100110110101000111111000101100001
0000001100111011100101100001001101101011110100011111100010101001
0000001100111011100101100010101001000111111000010011011010111101
0000001100111100001000101100011101101001001101111110101110010101
0000001100111100001000111001001101111110101011101100010110100101
0000001100111100001000111011000101101001010111001001101111110101
0000001100111100100001011000100110110101111110111010010101000111
0000001100111100100101001101000010001110001011011111101010111011
0000001100111100100101010011010000100010110111111010111000111011
0000001100111100100101011100010110111111010100110100001000111011
0000001100111100100110111111010100101011100010110100001000111011
0000001100111100100110111111010101110110000100011100010110100101
0000001100111100100110111111010111000111011000010001011010010101
0000001100111100101001001101111110101011101101000010001110001011
0000001100111100101010010011011111101011100011101101000010001011
0000001100111100101011100010110000100011101101001001101111110101
0000001100111101000010001011000111011010111001010100100110111111
0000001100111101000010001011011111100100101010011010111000111011
0000001100111101000010001110001011011111100100101001101010111011
0000001100111101000010001110010010100110101011101100010110111111
0000001100111101000010001110110001011010100101011100100110111111
0000001100111101000010001110110101001001101111110010101110001011
0000001100111101001001101111110000100010110001110110101110010101
0000001100111101001001101111110010101110001011000010001110110101
0000001100111101001010111001001101111110000100011101100010110101
0000001100111101001101010111011000010001110001011011111100100101
0000001100111101001101010111011000101101111110000100011100100101
0000001100111101001101011100011101100001000101101111110010010101
0000001100111101110100011100100001010100101101100010011010111111
0000001100111101110100101010001110001001101100001011010111111001
0000001100111101110100101101100001010100011100010011010111111001
0000001100111101110100101101100010011010111111001000010101000111
0000001100111101110101111110001001101000111001011011000010101001
0000001100111101110101111110001001101100001011010001110010101001
0000001100111101110101111110010101000111000100110110000101101001
0000001100111101110101111110010110110000101010001110001001101001
0000001100111101110101111110010110110001001101001000010101000111
0000001100111111000010001110110001011100100101011011110100110101
0000001100111111000010001110110001011100100110111101001010110101
0000001100111111000010001110110100100110111101010110001011100101
0000001100111111000010001110111101001001101101011100101100010101
0000001100111111000010011011010111001011000101010010001110111101
0000001100111111000010011011110101011000101110010100100011101101
0000001100111111000010101001011000100110110101110010001110111101
0000001100111111000010101001011100100011101101011000100110111101
0000001100111111000010110001000111011110100101011100100110110101
0000001100111111000010110001000111011110101011100100110110100101
0000001100111111000010110001001101101010010101110010001110111101
0000001100111111000010111001000111011010100101011000100110111101
0000001100111111000010111001001101111010010101100010001110110101
0000001100111111000010111001001101111010101100010001110110100101
0000001100111111000100110111101000111011010100101011000010111001
0000001100111111000100110111101000111011010110000101010010111001
0000001100111111000101010001110111101001001101101011100101100001
0000001100111111000101100001001101101000111011110101011100101001
0000001100111111000101110010100011101101001001101111010101100001
0000001100111111000101110010101100001001101111010001110110101001
0000001100111111001001010011010101101111010000100011100010111011
0000001100111111001001010100110101101111010000100010111000111011
0000001100111111001010010011011110100001000111000101110110101011
0000001100111111001010100100110111101000010001011100011101101011
0000001100111111010001110010101100001001101111000101110110101001
0000001100111111010001110010101110111100010110000100110110101001
0000001100111111010001110010110000100110110101110111100010101001
0000001100111111010001110010111011010110000100110111100010101001
0000001100111111010010011011010100011100101011101111000101100001
0000001100111111010010011011010111011110000100011100101100010101
0000001100111111010010011011010111011110001010100011100101100001
0000001100111111010010011011110000100011100101011000101110110101
0000001100111111010010011011110000100011100101110110101100010101
0000001100111111010010011011110001010100011100101110110101100001
0000001100111111010010011011110001011101101010001110010101100001
0000001100111111010010101100001011101101010001110010011011110001
0000001100111111010010101100010001110010011011110000101110110101
0000001100111111010010101110111100001011000100011100100110110101
0000001100111111010010110000101010001110010011011010111011110001
0000001100111111010010110001000111001001101101011101111000010101
0000001100111111010010111011010110000101010001110010011011110001
0000001100111111010010111011010110001000111001001101111000010101
0000001100111111010100101011010000100011101100010111001001101111
0000001100111111010100110100001000111011000101110010010101101111
0000001100111111010101100001000111000101110110100100110111100101
0000001100111111010101100001001101111000101110110100011100101001
0000001100111111010101100001011101101001010001110010011011110001
0000001100111111010101100010001110010011011110000101110110100101
0000001100111111010101100010111011010000100011100101001001101111
0000001100111111010101101111001001010011010000100011100010111011
0000001100111111010101110111100001011000100011100100110110100101
0000001100111111010101110111100010110000100110110100011100101001
0000001100111111010110000100010111000111011010010011011110010101
0000001100111111010110001110110100001000101110010101001001101111
0000001100111111010110001110110100100110111100001000101110010101
0000001100111111010110111100100101010011010000100010111000111011
0000001100111111011011110000100011100101011000101110100100110101
0000001100111111011011110000100011100101110100100110101100010101
0000001100111111011011110000100110101001000111001010110001011101
0000001100111111011011110000100110101100010101001000111001011101
0000001100111111011011110000101110100101011000100011100100110101
0000001100111111011011110000101110101011000100011100100110100101
0000001100111111011011110001001101010010101100001011101000111001
0000001100111111011011110001001101011000010101001011101000111001
0000001100111111011011110001010100011100101110100100110101100001
0000001100111111011011110001011101000111001010110000100110101001
0000001100111111011011110001011101001001101010001110010101100001
0000001100111111011011110001011101010110000100110100011100101001
0000001101000010110111000100011101010011110011001001010111111011
0000001101000010110111001100100101011111101100010001110101001111
0000001101000010110111010101111110110001000111001100100101001111
0000001101000010110111111010100110011110010010101110001000111011
0000001101000010110111111010101110110001000111001001010011001111
0000001101000010110111111011000100011101010011001001010111001111
0000001101000010111000100011101010011001001010110111100111111011
0000001101000010111001111110110001000111010100110010010101101111
0000001101000010111011000100011100100101001100111111010101101111
0000001101000010111100110010010101101110001000111010100111111011
0000001101000100001010100100111010111101100101101110011000111111
0000001101000100001010100100111101100101101110011000111010111111
0000001101000100001010111101010010011101100101101110011000111111
0000001101000100001011011100011101011111101100100101010011110011
0000001101000100001011011100110001110101111110110010010101001111
0000001101000100001011011111101011100011101100111100100101010011
0000001101000100001011011111101011100100101010011000111011001111
0000001101000100001011011111101100100101010011000111010111001111
0000001101000100001011100011101011011110011111101100100101010011
0000001101000100001011100011101100111111010110111100100101010011
0000001101000100001011100100101010011000111011001111110101101111
0000001101000100001011100111111011001001010100110001110101101111
0000001101000100001011110010010101001111110101101110001110110011
0000001101000100110010110110000101011111100011101110011110101001
0000001101000100110010110110001110111001111010100100001010111111
0000001101000100111010111100011111101101110011001011000010101001
0000001101000100111011011100110010110000101011110001111110101001
0000001101000100111011011100110010110001111110101001000010101111
0000001101000100111100011101011111101101110011001011000010101001
0000001101000100111100011101101110011001011000010101111110101001
0000001101000101001000010011001011011000111011100111101010111111
0000001101000101001000010011101101110011001011000111111010101111
0000001101000101001001111010101111110001110110010110111001100001
0000001101000111000100001011011101010111111011001001010011110011
0000001101000111000100001011011111101010111011001111001001010011
0000001101000111000100001011101010110111100111111011001001010011
0000001101000111000100001011101100111111010101101111001001010011
0000001101000111000100001011110010010100111111010101101110110011
0000001101000111000100101001100001011101010110111100111111011001
0000001101000111000101110101011011110011111101100101001100001001
0000001101000111001001010011000100001011011111101010111011001111
0000001101000111001001010011000100001011101100111111010101101111
0000001101000111001001010011111101010110111011001100010000101111
0000001101000111001100010000101101110101011111101100100101001111
0000001101000111001111110110000101110101011011110001001010011001
0000001101000111001111110110010010100110001000010111010101101111
0000001101000111010100110001000010110111111011001001010111001111
0000001101000111010100110001000010111001111110110010010101101111
0000001101000111010100111111011001001010110111000100001011110011
0000001101000111010100111111011001001010110111001100010000101111
0000001101000111010101101111011000010011001111110001011100101001
0000001101000111010101101111011000010111001111110001001010011001
0000001101000111010111111000100110011110111001011011000010101001
0000001101000111010111111011011100101100110000101010010011110001
0000001101000111010111111011011100101100110001000010101001001111
0000001101000111011001100010000101101110010010101111110101001111
0000001101000111011001111001001010111000100001011011111101010011
0000001101000111011001111110101001100010000101110010010101101111
0000001101000111011011100101100110000101011111101010010011110001
0000001101000111011011100101100110001000010101111110101001001111
0000001101000111011100101101100001001100111101010111111000101001
0000001101000111011100101101100001010111111000100110011110101001
0000001101000111011100101101100010011001111010100100001010111111
0000001101000111011100101101100010100100001001100111101010111111
0000001101000111011100101101100111101010010011000010101111110001
0000001101000111011100101101100111101010010011000100001010111111
0000001101000111011100101101100111101010111111000101001001100001
0000001101000111111000100110011101011110111001011011000010101001
0000001101000111111000100110011101110010110110000101011110101001
0000001101000111111000101101100001001100111010101111011100101001
0000001101000111111000101111011000010011001110101011011100101001
0000001101000111111001110101011011100010010100110000101111011001
0000001101000111111001110101011011100010111101100101001100001001
0000001101000111111001110101011110111000100101001100001011011001
0000001101000111111001110101011110111000101101100101001100001001
0000001101000111111010100100111011011100101100110000101011110001
0000001101000111111010100100111011011100101100110001000010101111
0000001101000111111010101111000101001001110110111001011001100001
0000001101000111111011011100101100110000101010010011101011110001
0000001101000111111011011100101100110001000010101001001110101111
0000001101000111111011101010111100010110110000100110011100101001
0000001101000111111011101010111100111000100101001100001011011001
0000001101000111111011101010111100111000101101100101001100001001
0000001101001000010011001111010101111110010110110001010001110111
0000001101001000010101000100110010110110001110101111110011110111
0000001101001000010101000100110010110110001111110011101011110111
0000001101001000010101000100111010111100110010110001111110110111
0000001101001000010101000100111010111101100011111100110010110111
0000001101001000010101000100111100110010110001110101111110110111
0000001101001000010101000100111101100011101011111100110010110111
0000001101001000010101000111010111111001011011000100110011110111
0000001101001000010101000111111001011011000100110011101011110111
0000001101001000010101111001100101100011111101010001001110110111
0000001101001000010101111010100010011001011011000111111001110111
0000001101001000010101111010100010011101100011111100110010110111
0000001101001000010101111010100011111100101101100010011001110111
0000001101001000010101111110010110110001001100111101010001110111
0000001101001000010101111110011110101000100110010110110001110111
0000001101001000010101111110101000100111100110010110001110110111
0000001101001001100001010100011101011111100101101100111101110001
0000001101001001100001010100011111100101101100111010111101110001
0000001101001001100001010111101010001111110010110110011101110001
0000001101001001100001010111111001011011001111010100011101110001
0000001101001001100010000101010001110101111110010110110011110111
0000001101001001100010000101010001111110010110110011101011110111
0000001101001001100010000101011110101000111111001011011001110111
0000001101001001100010000101011111100101101100111101010001110111
0000001101001001100010110110011100001000111111011101010111100101
0000001101001001100010110110011101010111101110000100011111100101
0000001101001001100010111000010001110101011011110110011111100101
0000001101001001100010111101100111010101101110000100011111100101
0000001101001001100111001010001111110111010101111000101101100001
0000001101001001100111010101101110010100011111100010111101100001
0000001101001001100111010101111011100101000111111000101101100001
0000001101001001100111111000010001110101011011110110001011100101
0000001101001001100111111000101110010100011101010110111101100001
0000001101001001100111111011000101110101011011110000100011100101
0000001101001001110101111001011001100001010100011111101101110001
0000001101001001110101111001011001100010000101010001111110110111
0000001101001001110101111011001011011100011111100110000101010001
0000001101001001110101111011001100001010100011111100101101110001
0000001101001001110101111011001100010000101010001111110010110111
0000001101001001110110010110111000111111001100001010111101010001
0000001101001001110110011000010101111010100011111100101101110001
0000001101001001110110011000100001010111101010001111110010110111
0000001101001001110110111000101000111111010101111001011001100001
0000001101001001111001011001100001010100011101011111101101110001
0000001101001001111001011001100001010111111010100011101101110001
0000001101001001111001011001100010000101010001110101111110110111
0000001101001001111001011001100010000101011111101010001110110111
0000001101001001111010100010000101011111100110001110110010110111
0000001101001001111010100011101100110000101011111100101101110001
0000001101001001111010100011101100110001000010101111110010110111
0000001101001001111010101111110010110111000101000111011001100001
0000001101001001111011001011011100011101011111100110000101010001
0000001101001001111011001100001010100011101011111100101101110001
0000001101001001111011001100010000101010001110101111110010110111
0000001101001010001110010011001111110110000101110101011011110001
0000001101001010001110101011011110110000101110010011001111110001
0000001101001010001110101011011110110011111100100110000101110001
0000001101001010001111110010011000010110110011101010111101110001
0000001101001010001111110010011000010111101100111010101101110001
0000001101001010001111110111010101111001001100001011011001110001
0000001101001100001011011001001010001111110011101010111101110001
0000001101001100001011011001001010001111110111010101111001110001
0000001101001100001011011111101010001110110011110010010101110001
0000001101001100001011011111101010111011001111001001010001110001
0000001101001100001011011111101011100011101100111100100101010001
0000001101001100001011100011101011011110011111101100100101010001
0000001101001100001011100011101100111111010110111100100101010001
0000001101001100001011101100111111010101101111001001010001110001
0000001101001100001011110110010010100011111100111010101101110001
0000001101001100010001110000101110101011011110011111101100100101
0000001101001100010001111110011101010110111000010111101100100101
0000001101001100010001111110011101010111101110000101101100100101
0000001101001100010001111110111010101111001110000101101100100101
0000001101001100011101011011110000101110011111101100100101010001
0000001101001100011101011100111100001011011111101100100101010001
0000001101001100011101100111100001011011111101011100100101010001
0000001101001100011101100111111010110111100001011100100101010001
0000001101001100100101000111001111110110000101110101011011110001
0000001101001100100101000111010101101111011000010111001111110001
0000001101001100100101011011110000101110011111101100010001110101
0000001101001100100101011011110011111101100001011100010001110101
0000001101001100100101011100111100001011011111101100010001110101
0000001101001100111100001011011111101010111011000100011100100101
0000001101001100111100100101011100010001110110000101101111110101
0000001101001100111111010101101111000010111011000100011100100101
0000001101001111000010110111001001010111111010100011101100110001
0000001101001111000010110111001100011101011111101100100101010001
0000001101001111000010110111001100100101011111101100010001110101
0000001101001111000010110111010101111110110001000111001100100101
0000001101001111000010110111010101111110110010010100011100110001
0000001101001111001001010111111010100011101100110000101101110001
0000001101001111001100001011011100011101011111101100100101010001
0000001101001111001100001011011101010111111011001001010001110001
0000001101001111001100100101011111101100001011011100010001110101
0000001101001111110101000111011001100001011110010010101101110001
0000001101001111110101011011101100110000101111001001010001110001
0000001101001111110101101110001110110011000010111100100101010001
0000001101001111110110000101111001100100101011011100010001110101
0000001101010001000010101111001100011111101001011001001110110111
0000001101010001000010101111010010110110010011000111111001110111
0000001101010001000010101111110011000111011001001111010010110111
0000001101010001000010101111110011110100101101100100110001110111
0000001101010001000010101111110100101100100111100110001110110111
0000001101010001001100100001010111101001011011000111111001110111
0000001101010001001100100001010111111001111010010110110001110111
0000001101010001001110110000101011110100101101110001111110011001
0000001101010001001110110001111110011001000010101111010010110111
0000001101010001001110110111000111111010010110000101011110011001
0000001101010001001111001100100001010111111010010110001110110111
0000001101010001001111010010110111000111011000010101111110011001
0000001101010001110001011011001111110111100101011101001001100001
0000001101010001110010011001111110110000101110100101011011110001
0000001101010001110010101101111000101110100100110011111101100001
0000001101010001110010101110100100110011111101111000101101100001
0000001101010001110011111101100001011101001100100101011011110001
0000001101010001110100100110011111100010111001010110111101100001
0000001101010001110100101011011110110000101110010011001111110001
0000001101010001110100101011011110110011111100100110000101110001
0000001101010001110100110000101101111110011110110010010101110001
0000001101010001110100110010010101101111011000010111001111110001
0000001101010001110100111101100100101011111100001011011100110001
0000001101010001110100111101100100101011111100110000101101110001
0000001101010001110100111111000010111101100100101011011100110001
0000001101010001110100111111001100001011110110010010101101110001
0000001101010001110110011000010101111110010011110100101101110001
0000001101010001110110011000010111101001111110010010101101110001
0000001101010001110110011000100001010111111001001111010010110111
0000001101010001110110011110100110000101101111110010010101110001
0000001101010001110110011111100001011100100101011011110100110001
0000001101010001110110011111100100101011011110100110000101110001
0000001101010001110111000100110011110100101101100001010111111001
0000001101010001111110010000101011110100101101100010011001110111
0000001101010001111110010011000010101111010010110110011101110001
0000001101010001111110010011000010110110011101001010111101110001
0000001101010001111110010011000010111101100111010010101101110001
0000001101010001111110010011000100001010111101001011011001110111
0000001101010001111110010011101100110000101011110100101101110001
0000001101010001111110010011101100110001000010101111010010110111
0000001101010001111110010101101110001011110110011101001001100001
0000001101010001111110010101111011100010110110011101001001100001
0000001101010001111110011101001100001011011001001010111101110001
0000001101010001111110011101001100001011110110010010101101110001
0000001101010001111110100101100110000101011110010011101101110001
0000001101010001111110100101100110001000010101111001001110110111
0000001101010001111110110010010101101110100110000101111001110001
0000001101010001111110110011100010111100101011011101001001100001
0000001101010001111110111010010011001110010101111000101101100001
0000001101010001111110111010010101111001001100001011011001110001
0000001101010001111110111010011000010110110010010101111001110001
0000001101010010001110000100110001011011001111110111100101011101
0000001101010010001110010101101111000010011001111110110001011101
0000001101010010001111110010101101110000100110001011110110011101
0000001101010010001111110010101111011100001001100010110110011101
0000001101010010001111110110001011110000100110011100101011011101
0000001101010010001111110110011100001001100010111100101011011101
0000001101010010101101110001001100001011110110011101000111111001
0000001101010010101101110010001111110000101111011000100110011101
0000001101010010101101110100011111101100001011110001001100111001
0000001101010010101101110100011111101100111000100110000101111001
0000001101010010101101111000100110011111101100001011101000111001
0000001101010010101101111011000100110011111100001011100100011101
0000001101010010101110100011100010011000010110110011111101111001
0000001101010010101111000010110110001001100111001000111111011101
0000001101010010101111011100010011000010110110011101000111111001
0000001101010010101111011100100011111100001011011000100110011101
0000001101010010110000101011110001111110100010011101101110011001
0000001101010010110000101011111101000100111100011101101110011001
0000001101010010110001110110111001100100001010111111010001001111
0000001101010010110001111110100010011101101110011001000010101111
0000001101010010110010011101101110011000010101111000111111010001
0000001101010010110010011101101110011000111111010001000010101111
0000001101010010110010011110001110110111001100001010111111010001
0000001101010010110011000010101111110100011101101110010011110001
0000001101010010110011000100001010111111010001110110111001001111
0000001101010010110110000101011110100011111100010011001110111001
0000001101010010110110000101011111100010011001111010001110111001
0000001101010010110110000101011111100011101110011110100010011001
0000001101010010110110001001100111011100100001010111101000111111
0000001101010010110110001001100111101000111011100100001010111111
0000001101010010110110001110111001111010001001100100001010111111
0000001101010010110110010011000010101111110001110111001111010001
0000001101010010110110010011000111011100111101000100001010111111
0000001101010010110110011101110010011000010101111010001111110001
0000001101010010110110011101110010011000100001010111101000111111
0000001101010010110110011110100011101110010011000010101111110001
0000001101010010110110011110100011101110010011000100001010111111
0000001101010010110111001001110110011000010101111010001111110001
0000001101010010110111001001110110011000100001010111101000111111
0000001101010010110111001001111010001110110011000010101111110001
0000001101010010110111001001111010001110110011000100001010111111
0000001101010010110111001100001010111111000111011001001111010001
0000001101010010110111001100011101100100111101000100001010111111
0000001101010010110111001100100001010111101000100111011000111111
0000001101010011000010111010001110001001010110111100111111011001
0000001101010011000010111100111000100101011011101000111111011001
0000001101010011000100001011100100101011011110100011101100111111
0000001101010011000100101011011100001011110110010001111110011101
0000001101010011000100101011011110011111101100100011100001011101
0000001101010011000100101011110011100001011011001000111111011101
0000001101010011000100101011110111000010110110010001111110011101
0000001101010011000101101100101011110011100001001000111111011101
0000001101010011000101101100101011110111000010010001111110011101
0000001101010011000101111001110000100100011111101100101011011101
0000001101010011000101111011001010110111000010010001111110011101
0000001101010011001000111001111110110001001010110111100001011101
0000001101010011001000111001111110111100001011011000100101011101
0000001101010011001000111111000010110110001001010111101110011101
0000001101010011001000111111000010111101100010010101101110011101
0000001101010011001001010110111101100010001110100001011100111111
0000001101010011001001010111000100011101000010110111111001111011
0000001101010011001001010111001111011000100011101000010110111111
0000001101010011001010110111001110100011111100010111101100001001
0000001101010011001010110111100001001000111001111110110001011101
0000001101010011001010110111100010111010001110011111101100001001
0000001101010011001010110111101100010111001111110000100100011101
0000001101010011001010111010001110011111101111000101101100001001
0000001101010011001010111101110011101000111111000101101100001001
0000001101010011001111010000101101111110010010101110001000111011
0000001101010011001111110010010101101111010000101110001000111011
0000001101010011110100011101100110001000010110111001001010111111
0000001101010011110110001000111010000101101110011001001010111111
0000001101010011111100100101011011100010000101111010001110110011
0000001101010011111100110010010101101110001000111010000101111011
0000001101010110111010000101111011000100011100110010010100111111
0000001101010110111010001110001000010111101100100101001111110011
0000001101010110111010001110011000100001011110110010010100111111
0000001101010110111010011111100001011110110001000111001100100101
0000001101010110111010011111100001011110110010010100011100110001
0000001101010110111010011111100110000101111011001001010001110001
0000001101010110111011001100001011110100111111001001010001110001
0000001101010110111011001100010000101111010001110010010100111111
0000001101010110111101000010111011000100011100100101001100111111
0000001101010110111101000111000100001011101100111111001001010011
0000001101010110111101000111001001010011000100001011101100111111
0000001101010110111101001100001011101100111111001001010001110001
0000001101010110111101001100111111000010111011000100011100100101
0000001101010110111101100010001110011111100001011101001100100101
0000001101010110111101100100101000111001111110000101110100110001
0000001101010110111101100100101001100010000101110100011100111111
0000001101010111010001110001000010110111111001111011001001010011
0000001101010111010001110011110110010010100110001000010110111111
0000001101010111010011000010110111111001111011001001010001110001
0000001101010111011000100011100100101001100111101000010110111111
0000001101010111011001111010001110001000010110111111001001010011
0000001101010111011001111010001110010010100110001000010110111111
0000001101010111011001111010011000010110111111001001010001110001
0000001101010111100011111101000101001011000010011101101110011001
0000001101010111100011111101000101001011001001110110111001100001
0000001101010111100100111011011100010100011111101001011001100001
0000001101010111101000101001011011100110010000100111011000111111
0000001101010111101000111111000101001011011000010011001110111001
0000001101010111101000111111000101001011011001110111001001100001
0000001101010111101000111111000101001011011100100111011001100001
0000001101010111101001011011000010011001110111000101000111111001
0000001101010111101001011011000101000111111001000010011001110111
0000001101010111101001011011001110111000101000111111001001100001
0000001101010111101001011011100010100011111100100111011001100001
0000001101010111111000010110111010011110110001000111001100100101
0000001101010111111000010110111010011110110010010100011100110001
0000001101010111111000101001011011000010011001111010001110111001
0000001101010111111000101001011011001111010001110111001001100001
0000001101010111111000101001011011100100111101000111011001100001
0000001101010111111000111011000010011110100010100101101110011001
0000001101010111111000111011001001111010001010010110111001100001
0000001101010111111000111011100111101000101001011011000010011001
0000001101010111111000111011100111101000101001011011001001100001
0000001101010111111001000010011001111010010110110001010001110111
0000001101010111111001001010011110100011100010000101101110110011
0000001101010111111001001111010010110111000101000111011001100001
0000001101010111111001100001011011101001111011001001010001110001
0000001101010111111010001010010110000100111100011101101110011001
0000001101010111111010001010010110001110110111001100100001001111
0000001101010111111010001010010110010011110001110110111001100001
0000001101010111111010001110110111001001111000101001011001100001
0000001101011011100001000111111001011110110011101001001100010101
0000001101011011100001001100010101001000111111001011110110011101
0000001101011011100001010100110001001011110110010001111110011101
0000001101011011100010011000010101001011110110011101000111111001
0000001101011011100010101000111111001011110110011101001001100001
0000001101011011100011101000100001011110110010010101001111110011
0000001101011011100011101001111110011000010111101100100101010001
0000001101011011100011101100110000101111010011111100100101010001
0000001101011011100100011111100001010100101111011000100110011101
0000001101011011100100110011101001011110110000101010001111110001
0000001101011011100100110011101001011110110001000111111000010101
0000001101011011100101111011000010011001110100011111100010101001
0000001101011011100101111011000101010010001111110000100110011101
0000001101011011100110001110100010000101111011001001010100111111
0000001101011011100110001110100111111000010111101100100101010001
0000001101011011100111010001111110001001011110110000101010011001
0000001101011011100111010001111110001010100110010111101100001001
0000001101011011100111010011001001011110110000101010001111110001
0000001101011011100111010011001001011110110001000111111000010101
0000001101011011101000111111011000010011001110010111100010101001
0000001101011011101000111111011000010101001011110001001100111001
0000001101011011101000111111011001011110011100010101001100001001
0000001101011011101000111111011001110001001100001010100101111001
0000001101011011101001001100111001011110000100011111101100010101
0000001101011011101001001100111001011110001010100011111101100001
0000001101011011101001011110010011000010101000111111011001110001
0000001101011011101001011110010011000100011111101100111000010101
0000001101011011101001100001010100011111101100100101111001110001
0000001101011011101001100010001111110110010010111100111000010101
0000001101011011110000100011100101110100100110011111101100010101
0000001101011011110000100100011100111111011000101010011001011101
0000001101011011110000100110011111101100010101001000111001011101
0000001101011011110000101010011001000111001111110110001001011101
0000001101011011110001001011101000111001111110110000101010011001
0000001101011011110001001100111111011000010101001011101000111001
0000001101011011110001010100011100101110100100110011111101100001
0000001101011011110001010100110010111010001110011111101100001001
0000001101011011110011111101100100011100001010100110001001011101
0000001101011011110011111101100100101110100110000101010001110001
0000001101011011110011111101100100101110100110001000111000010101
0000001101011011110011111101100101110100011100010101001100001001
0000001101011011110100010000101110001110110011111100100101010011
0000001101011011110100010000101110010010101001100011101100111111
0000001101011011110100110000101110001110110011111100100101010001
0000001101011011110100110001110110011111100001011100100101010001
0000001101011011110110000101010001110100101110010011001111110001
0000001101011011110110000101010001110100110010010111001111110001
0000001101011011110110001000111010010111001001100111111000010101
0000001101011011110110001000111010011001001011100111111000010101
0000001101011011110110001001011100111111000010101001100100011101
0000001101011011110110001001100111111000010101001011100100011101
0000001101011011110110001010100110010111001111110000100100011101
0000001101011011110110010010101001100011101000100001011100111111
0000001101011011110110011111100100110000101010001110100101110001
0000001101011011110110011111100100110001000111010010111000010101
0000001101011011110110011111100101110000100011101001001100010101
0000001101011011110110011111100101110000100110001010100100011101
0000001101011011110110011111100101110001010100011101001001100001
0000001101011100011101000100001011011111100111101100100101010011
0000001101011100011101001100001011011111100111101100100101010001
0000001101011100011101100111101000100001011011111100100101010011
0000001101011100011101100111101001100001011011111100100101010001
0000001101011100100101010011000111011001111010001000010110111111
0000001101011100111101100100101010011000111010001000010110111111
0000001101011101000111000100110000101010010110110011111101111001
0000001101011101000111001011011000010011001111110111100010101001
0000001101011101000111001111110111100010010110110000101010011001
0000001101011101000111001111110111100010101001100101101100001001
0000001101011101001001100111111011110000100011100101101100010101
0000001101011101001001100111111011110001010100011100101101100001
0000001101011101001011011000010101000111001001100111111011110001
0000001101011101001011011000100011100100110011111101111000010101
0000001101011101001011011001111110111100100110000101010001110001
0000001101011101001011011001111110111100100110001000111000010101
0000001101011101001100100101101100001010100011100111111011110001
0000001101011101001100100101101100010001110011111101111000010101
0000001101011110000100011111101110100100110011100101101100010101
0000001101011110000100110011100101101100010101001000111111011101
0000001101011110000101010010110110001001100111001000111111011101
0000001101011110001010100011111101110100100110011100101101100001
0000001101011110001111110110111001100001010100101100100111010001
0000001101011110010011000010101000111111011101001011011001110001
0000001101011110010011000100011111101110100101101100111000010101
0000001101011110010011101001011001100001010100011111101101110001
0000001101011110010011101001011001100010000101010001111110110111
0000001101011110010110110011100001000111111011101001001100010101
0000001101011110010110110011100001001100010101001000111111011101
0000001101011110010110110011100010101000111111011101001001100001
0000001101011110011001000010101000100111010010110001111110110111
0000001101011110011100001010100110001001011011001000111111011101
0000001101011110110000101010001001110100101101110001111110011001
0000001101011110110001111110011001000010101000100111010010110111
0000001101011110110010011101000100001010100101101110011000111111
0000001101011110110010011101001011011100011111100110000101010001
0000001101011110110011000010101000111111001001110100101101110001
0000001101011110110011000010101001011011100100111010001111110001
0000001101011110110011000100001010100011111100100111010010110111
0000001101011110110011000100001010100101101110010011101000111111
0000001101011110111000010001111110010110110011101001001100010101
0000001101011110111000010011000101010010001111110010110110011101
0000001101011110111000010101001100010010110110010001111110011101
0000001101011110111000100110000101010010110110011101000111111001
0000001101011110111000100110011101001011011000010101000111111001
0000001101011110111000101010001111110010110110011101001001100001
0000001101011110111000111111001110100101101100001010100010011001
0000001101011110111000111111001110100101101100100110000101010001
0000001101011110111001000010101001011011000100110011101000111111
0000001101011110111001000111111000010101001011011000100110011101
0000001101011110111001001100001010100101101100111010001111110001
0000001101011110111001001100010000101010010110110011101000111111
0000001101011110111001001100111010010110110000101010001111110001
0000001101011110111001001100111010010110110001000111111000010101
0000001101011110111001011011000010011001110100011111100010101001
0000001101011110111001011011000101010010001111110000100110011101
0000001101011110111001110100010000101010010110110010011000111111
0000001101011110111001110100010011001000010101001011011000111111
0000001101011110111001110100011111100010010110110000101010011001
0000001101011110111001110100011111100010101001100101101100001001
0000001101011110111001110100110010010110110000101010001111110001
0000001101011110111001110100110010010110110001000111111000010101
0000001101011111100001011011100110001110100111101100100101010001
0000001101011111100011101000100111101100001010100101101110011001
0000001101011111100100001010100011101001011011000100110011110111
0000001101011111100100101010011110100010000101101110001110110011
0000001101011111100100110000101010001110100101101100111101110001
0000001101011111100100110001000010101000111010010110110011110111
0000001101011111100100111101100110000101010001110100101101110001
0000001101011111100100111101100110001000010101000111010010110111
0000001101011111100110000101101110001110100111101100100101010001
0000001101011111100110010000101010001001111011000111010010110111
0000001101011111100111101110001110100101101100001010100010011001
0000001101011111100111101110001110100101101100100110000101010001
0000001101011111101101110001110100101100001010100010011110011001
0000001101011111101101110001110100101100100111100110000101010001
0000001101011111101101110011000010101001011001001111000111010001
0000001101011111101101110011000111010001000010101001011001001111
0000001101011111101101110011001000010101001011000111010001001111
0000001101100001001100111011100010110101011110100101000111111001
0000001101100001001100111011100101011110100011111100010110101001
0000001101100001001100111011100101101011110100011111100010101001
0000001101100001001100111101001010001110111000101101010111111001
0000001101100001001100111101010111111000101101000111011100101001
0000001101100001001100111101010111111001010001110111000101101001
0000001101100001001100111111000101101000111011110101011100101001
0000001101100001001100111111010001110010101110111100010110101001
0000001101100001001100111111010001110010110101110111100010101001
0000001101100001001100111111010101110111100010110100011100101001
0000001101100001010100011100100110011111101001011010111011110001
0000001101100001010100011100111111010011001001011010111011110001
0000001101100001010100011101111010010110101110010011001111110001
0000001101100001010100011101111010011001001011010111001111110001
0000001101100001010100101101011101111000100110011111101000111001
0000001101100001010100101101011110100011111100010011001110111001
0000001101100001011010001001100101011111100011101110011110101001
0000001101100001011010001110011111101010111011110001001010011001
0000001101100001011010001110101111110001001100111101110010101001
0000001101100001011010001110111001010111111000100110011110101001
0000001101100001011010001110111101010111001111110001001010011001
0000001101100001011010001111110001001100111010111101110010101001
0000001101100001011010001111110001001100111011100101011110101001
0000001101100001011010010100011100100110011111101010111011110001
0000001101100001011010010100011101111010101110010011001111110001
0000001101100001011010011001001010001110011111101010111011110001
0000001101100001011010011001001010001110111101010111001111110001
0000001101100001011010100011100100110011111101001010111011110001
0000001101100001011010100011100111111010011001001010111011110001
0000001101100001011010100011101110001001100111101001010111111001
0000001101100001011010100011101111010010101110010011001111110001
0000001101100001011010100011101111010011001001010111001111110001
0000001101100001011010100101011101111000100110011111101000111001
0000001101100001011010100101011111100010011001111010001110111001
0000001101100001011010100101011111100011101110011110100010011001
0000001101100001011010111101110001001100111010010101000111111001
0000001101100001011010111101110001111110011101001010100010011001
0000001101100001011010111111001111011100011101001010100010011001
0000001101100010001110010011001111110100101011101111000010110101
0000001101100010001110010011001111110100101101011101111000010101
0000001101100010001110010011001111110101011101111000010110100101
0000001101100010001110011111101001100100101011101111000010110101
0000001101100010001110011111101001100100101101011101111000010101
0000001101100010001110011111101010111011110000101101001100100101
0000001101100010001110111101001010111001001100111111000010110101
0000001101100010001110111101001011010111001001100111111000010101
0000001101100010001110111101001100100101011100111111000010110101
0000001101100010001110111101001100100101101011100111111000010101
0000001101100010001110111101010111001001100111111000010110100101
0000001101100010001110111101010111001111110000101101001100100101
0000001101100010010100110010001110011111101010111011110000101101
0000001101100010010100110010001110111101010111001111110000101101
0000001101100010010101110011111100001011010100110010001110111101
0000001101100010010101110111100001011010100110010001110011111101
0000001101100010010110101110011111100001010100110010001110111101
0000001101100010010110101110111100001010100110010001110011111101
0000001101100010011001110100101010001111110010000101101011110111
0000001101100010011001110101111011100101010010000101101000111111
0000001101100010011001110111001000010110101001010111101000111111
0000001101100010011001110111001000111111000010101001011010111101
0000001101100010011001110111001000111111000010110101001010111101
0000001101100010011001110111001010111101010010000101101000111111
0000001101100010011001111010001110111001000010110101001010111111
0000001101100010011001111010010101111110010000101101010001110111
0000001101100010011001111010100100001011010001110111001010111111
0000001101100010011001111011100101010010000101101000111010111111
0000001101100010011001111110000101010010110101110010001110111101
0000001101100010011001111110000101101010010101110010001110111101
0000001101100010101001000111001011010111011110000100110011111101
0000001101100010101001000111111000010011001110111001011010111101
0000001101100010101001100101101011100111111000010010001110111101
0000001101100010101001100101101011101111000010010001110011111101
0000001101100010110100011101110010100100001001100111101010111111
0000001101100010110100100001001100111101010111111001010001110111
0000001101100010110100100110011111100001000111011110101011100101
0000001101100010110100100110011111101010111011110000100011100101
0000001101100010110101001000111001010111011110000100110011111101
0000001101100010110101001000111111000010011001110111001010111101
0000001101100010110101001100101011100111111000010010001110111101
0000001101100010110101001100101011101111000010010001110011111101
0000001101100010110101011110100101000111111001000010011001110111
0000001101100010110101011111100100001001100111101001010001110111
0000001101100011101001010100010011001000010110101111110011110111
0000001101100011101110011110100010011001000010110101001010111111
0000001101100011101110011110101001000010110100010011001010111111
0000001101100011111100111010010101000100110010000101101011110111
0000001101100100011100001010100110001001011010111011110011111101
0000001101100100011100001011010100110001001010111011110011111101
0000001101100100011111100111011100001010100110001001011010111101
0000001101100100011111100111011100001011010100110001001010111101
0000001101100100101011101111001111110100110000101101010001110001
0000001101100100101011101111001111110100110001000111000010110101
0000001101100100101011110100110000101101010001111110011101110001
0000001101100100101011110100110001000111111001110111000010110101
0000001101100100101101011101111001111110100110000101010001110001
0000001101100100101101011101111001111110100110001000111000010101
0000001101100100101101011110100110000101010001111110011101110001
0000001101100100101101011110100110001000111111001110111000010101
0000001101100100110000101101010010101111110001110111001111010001
0000001101100100110000101101011110111000111111001110100101010001
0000001101100100110000101101011111100111101110001110100101010001
0000001101100100110001110100101010001000010110101111110011110111
0000001101100100110001110111001111010001000010110101001010111111
0000001101100100110001111110011101001010100010000101101011110111
0000001101100101010001000010110100100110001110101111110011110111
0000001101100101010001000010110100100110001111110011101011110111
0000001101100101011101111001111110100011100010110101001100001001
0000001101100101011110100011111100111011100010110101001100001001
0000001101100101011110101000100001011010010011000111111001110111
0000001101100101011111100011101110011110101001001100001011010001
0000001101100101011111100111101010001000010110100100110001110111
0000001101100101101011101111001111110100011100010101001100001001
0000001101100101101011110100011111100111011100010101001100001001
0000001101100111010010101000111111001001100001011010111101110001
0000001101100111010010101000111111001001100010000101101011110111
0000001101100111010111101110010101001001100001011010001111110001
0000001101100111010111101110010101001001100010000101101000111111
0000001101100111011100001000111111001010111101001001100010110101
0000001101100111011100001000111111001011010111101001001100010101
0000001101100111011100001001100010101001000111111001011010111101
0000001101100111011100001001100010110101001000111111001010111101
0000001101100111011100010011000010101001011010111101000111111001
0000001101100111011100010011000010110101001010111101000111111001
0000001101100111011100010101000111111001011010111101001001100001
0000001101100111011100010110101000111111001010111101001001100001
0000001101100111011100010110101011110100101000111111001001100001
0000001101100111011100100110000101101010010101111010001111110001
0000001101100111011100100110001000010110101001010111101000111111
0000001101100111011100101011110101001001100001011010001111110001
0000001101100111011100101011110101001001100010000101101000111111
0000001101100111101000111011100100110000101101010010101111110001
0000001101100111101000111011100100110001000010110101001010111111
0000001101100111101001010001110111000101101010111111001001100001
0000001101100111101001010111111001001100001011010100011101110001
0000001101100111101001010111111001001100010000101101010001110111
0000001101100111101010010011000010110100011101110010101111110001
0000001101100111101010010011000100001011010001110111001010111111
0000001101100111101010111111000101101000111011100101001001100001
0000001101100111101010111111001010001110111000101101001001100001
0000001101100111101110010101001001100001011010001110101111110001
0000001101100111101110010101001001100010000101101000111010111111
0000001101100111111001001100001010100011101111010010110101110001
0000001101100111111001001100001011010010100011101111010101110001
0000001101100111111001001100001011010100011101111010010101110001
0000001101100111111001001100010001110111101001010111000010110101
0000001101100111111001001100010001110111101001011010111000010101
0000001101100111111001001100010001110111101010111000010110100101
0000001101100111111001010001110111101010111000101101001001100001
0000001101100111111001010010001110111101010111000010011000101101
0000001101100111111001010111000010001110111101001001100010110101
0000001101100111111001010111000010011000101101010010001110111101
0000001101100111111001010111000101101010001110111101001001100001
0000001101100111111001011010111000010001110111101001001100010101
0000001101100111111001011010111000010011000101010010001110111101
0000001101100111111001011010111000101010001110111101001001100001
0000001101100111111010001110001001100001010100101101011101111001
0000001101100111111010001110001001100001011010100101011101111001
0000001101100111111010010101110111100100110000101101010001110001
0000001101100111111010010101110111100100110001000111000010110101
0000001101100111111010010110101110111100100110000101010001110001
0000001101100111111010010110101110111100100110001000111000010101
0000001101100111111010101110111100100110000101101001010001110001
0000001101100111111010101110111100100110001000111000010110100101
0000001101100111111010101110111100101000111000101101001001100001
0000001101100111111010101110111100101001000111000010011000101101
0000001101101000100001011001010100100110001110101111110111001111
0000001101101000100001011001010100100110001111110111001110101111
0000001101101000100001011001010111111010100100110001110111001111
0000001101101000100110010101001000010110001110101111110111001111
0000001101101000100110010101001000010110001111110111001110101111
0000001101101000100110010101111110101001000010110001110111001111
0000001101101000111010111111011100101010010000101100010011001111
0000001101101000111010111111011100101010010011000010110011110001
0000001101101000111010111111011100101010010011000100001011001111
0000001101101000111011100101011111101010010000101100010011001111
0000001101101000111011100101011111101010010011000010110011110001
0000001101101000111011100101011111101010010011000100001011001111
0000001101101000111111010100100001011000100110011101110010101111
0000001101101000111111010100100110000101100111011100101011110001
0000001101101000111111010100100110001000010110011101110010101111
0000001101101000111111010101111000101100001001100111011100101001
0000001101101000111111010101111000101100111011100101001001100001
0000001101101000111111011100101010010000101100010011001110101111
0000001101101000111111011100101010010011000010110011101011110001
0000001101101000111111011100101010010011000100001011001110101111
0000001101101001000010011001010001011000111111010101111001110111
0000001101101001000010110001001100111010111100101010001111110111
0000001101101001000010110001001100111100101010001110101111110111
0000001101101001000010110001001100111100101011111101010001110111
0000001101101001000010110001111110101000100110010101111001110111
0000001101101001001100001011001010111100111011100011111101010001
0000001101101001001100001011001110101111001010100011111101110001
0000001101101001001100001011001111001010100011101011111101110001
0000001101101001001100001011001111001010111111010100011101110001
0000001101101001001100010000101100111010111100101010001111110111
0000001101101001001100010000101100111100101010001110101111110111
0000001101101001001100010000101100111100101011111101010001110111
0000001101101001001100011111101010001000010110010101111001110111
0000001101101010001000010110010011000111111010010101111001110111
0000001101101010001001100100001011000111111010010101111001110111
0000001101101010001111110100101011110010000101100010011001110111
0000001101101010001111110100101011110010011000010110011101110001
0000001101101010001111110100101011110010011000100001011001110111
0000001101101010010101111110100010000101100100110001110111001111
0000001101101010010101111110100010011001000010110001110111001111
0000001101101010010101111110100011101110010000101100010011001111
0000001101101010010101111110100011101110010011000010110011110001
0000001101101010010101111110100011101110010011000100001011001111
0000001101101010111100111011100011111101001010001011000010011001
0000001101101010111100111011100011111101001010001011001001100001
0000001101101010111111010010100011101110001011000010011001111001
0000001101101010111111010010100011101110001011001111001001100001
0000001101101011110010000101100010011001110100101010001111110111
0000001101101011110010011000010110011101001010100011111101110001
0000001101101011110010011000100001011001110100101010001111110111
0000001101101011110011101001010100010000101100100110001111110111
0000001101101011110011101001010100010011001000010110001111110111
0000001101110000100100011111100111011001010011000101111010101101
0000001101110000100100011111100111011001010110101001100010111101
0000001101110000101111010011000100011111100111011001001010110101
0000001101110000101111010101101001100010001111110011101100100101
0000001101110001000010110010101111110110100011101010010011110011
0000001101110001000010110100011101010010101111110110010011110011
0000001101110001000010110101001010111111001001111010001110110011
0000001101110001000010111100100111111010100101011010001110110011
0000001101110001000010111101000111011010100100111111001010110011
0000001101110001000111010000101101010010101111110011001001111011
0000001101110001000111010000101111011010100100111111001100101011
0000001101110001000111010010011111100110010101100001011110110101
0000001101110001000111010010101111110011001001111011000010110101
0000001101110001000111010100100111100110010101111110110100001011
0000001101110001000111010100100111111011010000101111001100101011
0000001101110001000111010100101011010000101111001100100111111011
0000001101110001001010011000010111101010110100011111100111011001
0000001101110001001010110101001100001011110100011111100111011001
0000001101110001011010010011110101011111100101000111011001100001
0000001101110001011010101111010010100011111100100111011001100001
0000001101110001011010101111110010011110100101000111011001100001
0000001101110001011110100011111100111011001010110101001100001001
0000001101110001011110101011010001111110011101100101001100001001
0000001101110001110100010000101100101010010011110110101111110011
0000001101110001110100010000101111011010110010101001001111110011
0000001101110001110100100111101101011111100110000101100101010001
0000001101110001110100100111111001100001011110110101100101010001
0000001101110001110100101010001001111011000010110101111110011001
0000001101110001110101100101010010011111101101000100001011110011
0000001101110001110101111110011000010110100100111101100101010001
0000001101110001110101111110011001010100010011110110000101101001
0000001101110001110101111110110010011110011000010110100101010001
0000001101110001110101111110110100010000101100101010010011110011
0000001101110001110110000100111101001010001011010101111110011001
0000001101110001110110000100111101010111111001100101000101101001
0000001101110001110110000101101010001001111010010101111110011001
0000001101110001110110010011110100101000101101010111111001100001
0000001101110001110110010011110100101011111100110000101101010001
0000001101110001110110010100010110100100111101010111111001100001
0000001101110001110110010101111110011000010110100100111101010001
0000001101110001110110011000010110101111110010011110100101010001
0000001101110001110110011000010111100100111111010110100101010001
0000001101110001110110100010000101111001010100100111111010110011
0000001101110001110110100100111100110000101100101011111101010001
0000001101110001110110100100111111010110011000010111100101010001
0000001101110001110110101011111101001010001011000010011110011001
0000001101110001110110101011111101001010001011001001111001100001
0000001101110001110110101100110000101111010010011111100101010001
0000001101110001110110101111110010101001001111010001000010110011
0000001101110001111110011000010110100100111010111101100101010001
0000001101110001111110011000010110100100111011001010111101010001
0000001101110001111110011000010110101111011001001110100101010001
0000001101110001111110011001010100010011101011110110000101101001
0000001101110001111110011001010111101010001001110110000101101001
0000001101110001111110100101000101100001001110110101011110011001
0000001101110001111110100101000101100100111011010101111001100001
0000001101110001111110100101011110011000010110010011101101010001
0000001101110001111110101011110011001010001011000010011101101001
0000001101110001111110110100100111010111100110000101100101010001
0000001101110001111110110101111001100001011001001110100101010001
0000001101110010011001110110000101111010010101101010001111110001
0000001101110010011001110110000101111010101101001010001111110001
0000001101110010011001110110001000111111000010111101001010110101
0000001101110010011001110110001000111111000010111101010110100101
0000001101110010011101100110000101101010010101111010001111110001
0000001101110010011101100110001000010110101001010111101000111111
0000001101110010011110000101101001010111111010100011101100110001
0000001101110010011110100011101100110000101101010010101111110001
0000001101110010011110100101011111100001011010100011101100110001
0000001101110010011111100001011110100101011010100011101100110001
0000001101110010011111101010010101101000111011001100010000101111
0000001101110010100011111100010111101010110100100110011101100001
0000001101110010100100011111100001001100111011000101111010101101
0000001101110010100100111011010001111110101011110001011001100001
0000001101110010100100111101010111111000101101000111011001100001
0000001101110010101001001110101111011001100001011010001111110001
0000001101110010101001001110101111011001100010000101101000111111
0000001101110010101001001111010001000010110011000111011010111111
0000001101110010101001001111011001100001011010001110101111110001
0000001101110010101001001111011001100010000101101000111010111111
0000001101110010101001001111110101100110001110110100010000101111
0000001101110010101100110001000010111101000111011010100100111111
0000001101110010101101010001111110001011110100100110011101100001
0000001101110010101101010010001111110000100110011101100010111101
0000001101110010101111010100100111011001100001011010001111110001
0000001101110010101111010100100111011001100010000101101000111111
0000001101110010101111110101000111011010010011110000101100110001
0000001101110011000010110010011101101010010101111000111111010001
0000001101110011000010110010011110001110110101001010111111010001
0000001101110011000010110010101001001110101111000111111011010001
0000001101110011000010110010101001001111000111010111111011010001
0000001101110011000010110010101111000111111010100100111011010001
0000001101110011000010110010101111110101001001111000111011010001
0000001101110011000010110101001010111111000111011001001111010001
0000001101110011000100001011001010111111011010001110101001001111
0000001101110011000100001011010001110101001010111111011001001111
0000001101110011000111010001000010110010101001001111011010111111
0000001101110011000111010001000010111101101011001010100100111111
0000001101110011000111010010011110110101111110000101100101010001
0000001101110011000111010010011111100001011110110101100101010001
0000001101110011000111010110010101001001111110110100010000101111
0000001101110011000111010111111011001001111000010110100101010001
0000001101110011000111010111111011010010011110000101100101010001
0000001101110011000111011001001111010001000010110101001010111111
0000001101110011000111011010001000010110010101111110101001001111
0000001101110011000111011010100101011111101000100001011001001111
0000001101110011000111111010001000010110010011101101010010101111
0000001101110011000111111010100100111011010001000010110010101111
0000001101110011000111111011010001000010110010101001001110101111
0000001101110011001000010110001110110101001010111111010001001111
0000001101110011001000010110001111110100010011101101010010101111
0000001101110011001000010110101001010111101000100111011000111111
0000001101110011001001111000010110100101011111101100010001110101
0000001101110011001001111011000100011101000010110101001010111111
0000001101110011001001111011000100011101001010111111000010110101
0000001101110011001001111110000101111011000100011101001010110101
0000001101110011001001111110110001000111010100101011010000101111
0000001101110011001010010000100111011010001011000111111010101111
0000001101110011001010100100001011000111010111111011010001001111
0000001101110011001010100100001011000111111011010001001110101111
0000001101110011001010100100001011010001001110101111011000111111
0000001101110011001010100100001011010001001111011000111010111111
0000001101110011001010110001000111010000101111011010100100111111
0000001101110011001010110001000111010010011111100001011110110101
0000001101110011001010110001000111010100100111111011010000101111
0000001101110011001010111101010010000101101000100111011000111111
0000001101110011001010111111000010110001000111010010011110110101
0000001101110011001010111111000111011000010110100010011110101001
0000001101110011001010111111010100100001011000111011010001001111
0000001101110011001010111111011010000101100010001110101001001111
0000001101110011001010111111011010010011110000101100010001110101
0000001101110011101100001011110100011111100010010101101010011001
0000001101110011101100001011110100110010010101101010001111110001
0000001101110011101100001011110101011010001111110001001010011001
0000001101110011101100001011110101011010011001001010001111110001
0000001101110011101100010001111110000101111010011001001010110101
0000001101110011101100010001111110000101111010101101001100100101
0000001101110011101100010010100110010001111110000101111010101101
0000001101110011101100010010101101010011001000111111000010111101
0000001101110100001011000100011100110010100100111101101010111111
0000001101110100001011110110101011000100011100110010100100111111
0000001101110100011100010000101100101001001111011010101111110011
0000001101110100011100010000101111011010101100101001001111110011
0000001101110100011100110001000010110010100100111101101010111111
0000001101110100011100110001000010111101101010110010100100111111
0000001101110100100111101101010111111000010110001000111001100101
0000001101110100100111101101010111111000010110010100011100110001
0000001101110100100111101101010111111001100001011001010001110001
0000001101110100100111111000010111101101010110001000111001100101
0000001101110100100111111000010111101101010110010100011100110001
0000001101110100100111111001100001011110110101011001010001110001
0000001101110101011000100011100110010100100111111011010000101111
0000001101110101011001010010011111101101000111000100001011110011
0000001101110101011001010010011111101101000111001100010000101111
0000001101110101011111101100010001110011001001111000010110100101
0000001101110101011111101100100111100001011010010100011100110001
0000001101110101011111101100100111100110000101101001010001110001
0000001101110101011111101101000010110001000111001100101001001111
0000001101110101011111101101000111000100001011001010010011110011
0000001101110101011111101101000111001100010000101100101001001111
0000001101110101011111101101001001111000010110001000111001100101
0000001101110101011111101101001001111000010110010100011100110001
0000001101110101011111101101001001111001100001011001010001110001
0000001101110110001011110000100011111101001001100111001010110101
0000001101110110001011110000100011111101010110100100110011100101
0000001101110110001011110000100110011100101001000111111010101101
0000001101110110001011110000100110011100101011010100100011111101
0000001101110110010010100011111101010110100110000101111001110001
0000001101110110010010101101010001111110100110000101111001110001
0000001101110110010100110001011110011100001001000111111010101101
0000001101110110010101101010011000101111001110000100100011111101
0000001101110110011000010110101011111100100111101001010001110001
0000001101110110011000010111100100111111010101101001010001110001
0000001101110110011100001000111111010010011000101111001010110101
0000001101110110011100001000111111010101101001001100010111100101
0000001101110110011100001001100010111100101001000111111010101101
0000001101110110011100001001100010111100101011010100100011111101
0000001101110110011100001011110010011000100011111101001010110101
0000001101110110011100001011110010011000100011111101010110100101
0000001101110110011100010111100101000111111010101101001001100001
0000001101110110011100010111100101011010100011111101001001100001
0000001101110110100011100010000101111001010010011111101010110011
0000001101110110100011100101001001111110101011001100010000101111
0000001101110110100100111111010101100110000101111001010001110001
0000001101110110101011001100001011110100100111111001010001110001
0000001101110110101011001100010000101111010001110010100100111111
0000001101110110101011111100101001001111010001110001000010110011
0000001101111000010111001001100011101100111111010110100101010001
0000001101111000010111001010110001000111011010010011001111110101
0000001101111000010111001010110011111101010001110110100100110001
0000001101111000010111001111110110010011000111010110100101010001
0000001101111000010111001111110110100100110001110101100101010001
0000001101111000010111001111110110100100110010101100010001110101
0000001101111000010111010101100010001110011111101101001001100101
0000001101111000010111010101100101000111001111110110100100110001
0000001101111000010111010101101001010001110011111101100100110001
0000001101111000010111011000100011100100110011111101001010110101
0000001101111000010111011000100011100111111010011001001010110101
0000001101111000010111011000100011100111111010101101001100100101
0000001101111000010111011000100101001100100011100111111010101101
0000001101111000010111011000100101011010100110010001110011111101
0000001101111000010111011001111110101011010010100011100100110001
0000001101111000010111011010010011001111110101011000100011100101
0000001101111000101110110000100110011111101000111001010110101001
0000001101111000101110110000100110011111101010110100011100101001
0000001101111001001100001011100011101100111111010110100101010001
0000001101111001001100001011101100111111010010101101010001110001
0000001101111001001100010001110000101110110011111101001010110101
0000001101111001001100010001110000101110110011111101010110100101
0000001101111001001100111111010100101011010000101110001000111011
0000001101111001010001110001011101100111111010101101001001100001
0000001101111001010010001110000100110001011101100111111010101101
0000001101111001010110000101110001000111011010010011001111110101
0000001101111001010110011111101010001110110100100110000101110001
0000001101111001010110101000111000101110110011111101001001100001
0000001101111001010110101001000111000010011000101110110011111101
0000001101111001111110100011100010010101101010011000010111011001
0000001101111001111110100011100010111011001010110101001100001001
0000001101111001111110100110000101110110010010101101010001110001
0000001101111001111110100110001000111000010111011001001010110101
0000001101111001111110101011010001110001001010011000010111011001
0000001101111001111110101011010001110001011101100101001100001001
0000001101111001111110101011010011000010111011001001010001110001
0000001101111001111110101011010011000100011100001011101100100101
0000001101111001111110110010011000010111000111010110100101010001
0000001101111001111110110010011000010111010101101001010001110001
0000001101111001111110110100001011100010001110101001001100101011
0000001101111001111110110100010000101110001110101100101010010011
0000001101111001111110110100011100010000101110101011001010010011
0000001101111001111110110100100110000101110001110101100101010001
0000001101111001111110110100100110000101110101011001010001110001
0000001101111001111110110100100110010101100001011100010001110101
0000001101111010000101110001000111011010100100110011111100101011
0000001101111010000101110010101100010001110110101001001100111111
0000001101111010000101110110101011000100011100101001001100111111
0000001101111010001000010111000111011010110011111100101010010011
0000001101111010001000010111001010100100110001110110101100111111
0000001101111010001110001000010111011010101100111111001010010011
0000001101111010001110010100100110001000010111011010101100111111
0000001101111010001110110000100110011111100010111001010110101001
0000001101111010001110110000101110011111100010010101101010011001
0000001101111010001110110101001001100010000101110010101100111111
0000001101111010010011000010111000111011010110011111100101010001
0000001101111010010011000010111011010101100111111001010001110001
0000001101111010010011000101110000100011101100111111001010110101
0000001101111010010011000111011010110011111100001011100101010001
0000001101111010010011001111110000100011101100010111001010110101
0000001101111010010011001111110000101110010101100010001110110101
0000001101111010010011001111110000101110110101011000100011100101
0000001101111010010011001111110001011100101011010100011101100001
0000001101111010010011001111110010101100001011100010001110110101
0000001101111010010101101010001110110000101110010011001111110001
0000001101111010010101101010001110110011111100001011100100110001
0000001101111010011001001010110101000111011000010111001111110001
0000001101111010101101000111011000010011001111110001011100101001
0000001101111010101101000111011000010111001111110001001010011001
0000001101111010101101001001100010111000010001110110011111100101
0000001101111010101101001001100111111000010001110110001011100101
0000001101111010101101001001100111111000101110010100011101100001
0000001101111010101101001010001110110000101110010011001111110001
0000001101111010101101001010001110110011111100100110000101110001
0000001101111010101101001100100101000111011000010111001111110001
0000001101111011010100100110010101100010001110100001011100111111
0000001101111011010101100010001110011111100001011101001001100101
0000001101111011010101100101000111001111110000101110100100110001
0000001101111011010101100101001001100010000101110100011100111111
0000001101111011010110010101001001100011101000100001011100111111
0000001101111110000101100010001110011110110101011101001001100101
0000001101111110000101100010001110100100110010101110011110110101
0000001101111110000101100101000111001111011010101110100100110001
0000001101111110000101100101011100111101101010001110100100110001
0000001101111110000101100111101001001100011101101011100101010001
0000001101111110000101101010001110100101011100111101100100110001
0000001101111110000101101010001110110011110100101011100100110001
0000001101111110000101101010111010010100011100111101100100110001
0000001101111110000101101010111011000100011100100110011110100101
0000001101111110000101101010111011001111010010100011100100110001
0000001101111110000101101011100100110001110110011110100101010001
0000001101111110000101101011100111101100100110001110100101010001
0000001101111110010011000010110101000111011001111010010101110001
0000001101111110010011000010110101011101100111101001010001110001
0000001101111110010011000010110101110001110110011110100101010001
0000001101111110010011001111010000101101010010101110001000111011
0000001101111110010011001111010010101110001000111011000010110101
0000001101111110010101110001000010110011110100011101101010010011
0000001101111110010101110001000111011010100100110011110100001011
0000001101111110011110110010011000010110101000111010010101110001
0000001101111110011110110010011000010110101011101001010001110001
0000001101111110011110110010011000010110101110001110100101010001
0000001101111110011110110101000111010010011000010110010101110001
0000001101111110011110110101001001100101011100010001110100001011
0000001101111110011110110101011101000111000100001011001010010011
0000001101111110011110110101011101001001100001011001010001110001
0000001101111110011110110101110001110100010000101100101010010011
0000001101111110011110110101110001110100100110000101100101010001
0000001101111110101000111011001111000010110100101011100100110001
0000001101111110101000111011001111001001100001011010010101110001
0000001101111110101000111011010010011000010110011110010101110001
0000001101111110101001001100111100101011100010001110110100001011
0000001101111110101001010111000100001011010001110110011110010011
0000001101111110101001010111001001100010000101101000111011001111
0000001101111110101011101100010001110010011001111000010110100101
0000001101111110101011101100111100001011010010100011100100110001
0000001101111110101011101100111100100110000101101001010001110001
0000001101111110101011101101000010110001000111001010010011001111
0000001101111110101011101101000111000100001011001111001010010011
0000001101111110101011101101000111001010010011000100001011001111
0000001101111110101011101101001001100001011001111001010001110001
0000001101111110101011101101001001100111100001011000100011100101
0000001101111110101110001110110011110010011000010110100101010001
0000001101111110101110001110110100010000101100111100101010010011
0000001101111110101110001110110100100110000101100111100101010001
0000001101111110101110010011000111011001111000010110100101010001
0000001101111110101110010101001001100011101101000100001011001111
0000001101111110110010011000100001011010001110101001010111001111
0000001101111110110010011000111010111001111000010110100101010001
0000001101111110110100001011000100011101010010011001010111001111
0000001101111110110100010000101100101010010011000111010111001111
0000001101111110110100011101010010011000100001011001010111001111
0000001101111110110100100110001110101110011110000101100101010001
0000001101111110110100100110010101110011110000101100010001110101
0000001110000100011000101010010011110010111011001101011011111101
0000001110000100011000101010010011110011010110110010111011111101
0000001110000100011000101011011101100110101001001111001011111101
0000001110000100011000101100110110100100111111010101110111100101
0000001110000100011000101110100100111111011011110010101100110101
0000001110000100011000101110101011001101001001111110110111100101
0000001110000100011000101110110100100111111010101100110111100101
0000001110000100011010010011111101100110001011101010110111100101
0000001110000100011010110111100101110100100111111011001100010101
0000001110000100011010111010010011111101111001011011001100010101
0000001110000100011011001100010110100100111111010101110111100101
0000001110000100100010101001100011010111011001111001011011111101
0000001110000100100010101001100011011001011010111011110011111101
0000001110000100100010101001100011011110010110101110110011111101
0000001110000100100010101111001011001111110100110001101110110101
0000001110000100100010101111001011010100110001101110110011111101
0000001110000100100011000101010011111101101111001101011001011101
0000001110000100100011000101100101001111110101011101111001101101
0000001110000100100011000101100101011101111001101101010011111101
0000001110000100100011000101110101011001010011111101101111001101
0000001110000100100011010100111100101101110110011000101011111101
0000001110000100100011010100111111011001010110111100110001011101
0000001110000100100011010100111111011110011000101101100101011101
0000001110000100100011010110111100110001010100111111011001011101
0000001110000100100011010111011001100010101001111001011011111101
0000001110000100100011010111011011111101001111001011001100010101
0000001110000100100011011001010011111101010111011110011000101101
0000001110000100100011011001010111011110011000101101010011111101
0000001110000100100011011101100110001010111100101101010011111101
0000001110000100100011011110010110101110110011000101010011111101
0000001110000100100011011110011000101110110010100111111010101101
0000001110000100100011011110011000101110110010101101010011111101
0000001110000100110001101010010001010110111011001111001011111101
0000001110000100110001101010110111011001111001011111101000101001
0000001110000100110001101011001111001011101101111110100100010101
0000001110000100110001101101011001011101111001111110100100010101
0000001110000100110001101111001011101101011001111110100100010101
0000001110000100111100101110110011000101010010001101011011111101
0000001110000100111100101110110111111010010001101011001100010101
0000001110000100111100101111110100011010101101110110011000101001
0000001110000100111100110001010100100011010110110010111011111101
0000001110000100111111010010001101101011001011101111001100010101
0000001110000100111111010010001101111001011101101011001100010101
0000001110000100111111010101100110111100101001000110001011101101
0000001110000100111111010101110111100101001000110001011001101101
0000001110000100111111010101110111100101001000110110011000101101
0000001110000100111111011001100010101001000110101101111001011101
0000001110000100111111011001100010111010101101111001010010001101
0000001110000100111111011011110010100100011000101110101011001101
0000001110000100111111011011110010101100110101001000110001011101
0000001110000100111111011110010110110011000101010010001101011101
0000001110000101010010110011011010111011110010001100010011111101
0000001110000101010010110101110111100100011011001100010011111101
0000001110000101010010110110011000100111111011110010001101011101
0000001110000101010010111011010110011011110010001100010011111101
0000001110000101010011111101100100011010110111100110001001011101
0000001110000101010011111101101111001101011001000110001001011101
0000001110000101010011111101111001100010010110110010001101011101
0000001110000101100100011000100101001111110101011101111001101101
0000001110000101100100011000100101011101111001101101010011111101
0000001110000101100110110101001010111011110010001100010011111101
0000001110000101101001111110101011101111001100010001101100100101
0000001110000101101010010101110111100100011011001100010011111101
0000001110000101101100100011010100111111011110011000100101011101
0000001110000101101100100101011101001111110111100110001000110101
0000001110000101101100110001001111110111100100011010100101011101
0000001110000101110100101011011110010011111101100110001000110101
0000001110000101110100111111011001001010110111100110001000110101
0000001110000101110101011001000110001001010011111101101111001101
0000001110000101110101011011110010011111101100110001000110100101
0000001110000101110101011011110011000100011010011111101100100101
0000001110000101110101011011110011000100101001111110110010001101
0000001110000101110110010001101111001100010010100111111010101101
0000001110000101110110010001101111001100010010101101010011111101
0000001110000101110110011000100011011110010011111101001010110101
0000001110000101110110011000100011011110010011111101010110100101
0000001110000101110110101001010110011011110010001100010011111101
0000001110001001010011111101010110100011011110011000010111011001
0000001110001001010011111101010111011110011000010110100011011001
0000001110001001010011111101010111011110011011010001100001011001
0000001110001001010011111101101111001101000110000101110101011001
0000001110001001010110101001111110100011011110011000010111011001
0000001110001001010110111100110000101110100011010100111111011001
0000001110001001010111010001101010011111101111001100001011011001
0000001110001001010111011110011000010110101001111110100011011001
0000001110001001010111011110011011010100111111010001100001011001
0000001110001001011010111011110011000010101001111110100011011001
0000001110001001011101000110000101010011111101101111001101011001
0000001110001001011101000110101101111001100001010100111111011001
0000001110001001101011011000010101000110011110111010010111111001
0000001110001001101100001011111100101010001100111101110101101001
0000001110001001101101011000010111111011101001010100011001111001
0000001110001001111001010100011001101110101100001011111101101001
0000001110001001111001010110000101111110101000110011011101101001
0000001110001001111001011111101101110101100001010100011001101001
0000001110001001111010010101101010001100110111011000010111111001
0000001110001001111010100011001101110110000101111110010101101001
0000001110001001111011000010101000110011010110111010010111111001
0000001110001001111011000010111111001010100011001101110101101001
0000001110001001111110100011000010101001011001101101011101111001
0000001110001001111110100011000010101001011101101011001101111001
0000001110001001111110100011000010110011011010100101011101111001
0000001110001001111110100011000010111011010100101011001101111001
0000001110001001111110100011011001100001010100101101011101111001
0000001110001001111110100011011001100001011010100101011101111001
0000001110001001111110110011000010101001011101000110101101111001
0000001110001001111110110011000010111010001101010010101101111001
0000001110001010001100110101011011101100001001111010010111111001
0000001110001010001101110110100101111001000010011111101010110011
0000001110001010001101110110100111111010101111001000010010110011
0000001110001010001101110110100111111010101111001011001100001001
0000001110001010010011110010111111010101101110110011010001100001
0000001110001010010111100100001001111110101011010001101110110011
0000001110001010011111101010111100100001001011010001101110110011
0000001110001010011111101010111100101101000110111011001100001001
0000001110001010100001001011001000110110100111111010111011110011
0000001110001010100001001111001000110100101110110111111010110011
0000001110001010100001001111110101100100011011010010111011110011
0000001110001010100011010110111100101110100100111111011001100001
0000001110001010100011010111010010011111101111001011011001100001
0000001110001010100100011011001011101111001100001001111110101101
0000001110001010100100011011110010111011001100001001111110101101
0000001110001010100101110110011011110010011111101011010000100011
0000001110001010100101110111100110110010011111101011010000100011
0000001110001010100101110111111010110110010001101000010011110011
0000001110001010100101110111111010110110010011110011010000100011
0000001110001010100111100100011010000100101101111110101110110011
0000001110001010100111100100101101111110101110110011010000100011
0000001110001010100111100101101111110101110110011000010010001101
0000001110001010100111111010001101100101101011101111001100001001
0000001110001010100111111010111011001100001001000110111100101101
0000001110001010100111111010111011001101111001001011010000100011
0000001110001010100111111010111011110011000010010001101100101101
0000001110001010100111111010111011110011011001001011010000100011
0000001110001010100111111011001011101000110101101111001100001001
0000001110001010100111111011011110011010110010111010001100001001
0000001110001010110011011101101001011110010011111101010000100011
0000001110001010110100001001111110101001011110010001101110110011
0000001110001010110111011001100001001111001011111101010010001101
0000001110001010111100100011011101101001111110101000010010110011
0000001110001010111100100101100110111011010011111101010000100011
0000001110001010111100101100110000100100011011101101001111110101
0000001110001010111111010100111100100011010000100101101110110011
0000001110001010111111010100111100100101101110110011010000100011
0000001110001010111111010100111100101101110110011000010010001101
0000001110001011001010011111101010111011110011011010001100001001
0000001110001011001010111011110011011010100111111010001100001001
0000001110001011001101101000110000100111111010101110111100101001
0000001110001011001101101001001111110101011101111001010001100001
0000001110001011010001101100101001111110101011101111001100001001
0000001110001011010001101100110000100111111010101110111100101001
0000001110001011010010011111101010111011110010100011011001100001
0000001110001011010100111111010001101100101011101111001100001001
0000001110001011011001010111010001101010011111101111001100001001
0000001110001011011001100001001111110111100101011101000110101001
0000001110001011101000110000100111111011011110010101100110101001
0000001110001011101000110101001111110110010101101111001100001001
0000001110001011101001001111110110111100101011001101010001100001
0000001110001011101010110010100111111011011110011010001100001001
0000001110001011101010110011010001100001001111110110111100101001
0000001110001011101010110011010010011111101101111001010001100001
0000001110001011101010110111100101000110100100111111011001100001
0000001110001011101100101001111110101011010001101111001100001001
0000001110001011101100101011010100111111010001101111001100001001
0000001110001011101100110000100111111010001101111001010110101001
0000001110001011101100110000100111111010101101000110111100101001
0000001110001011101101000110000100111111010101100110111100101001
0000001110001011101101001001111110101011001101111001010001100001
0000001110001011111100101000110011011101100001001111010101101001
0000001110001011111101001010001100110111011010101100001001111001
0000001110001011111101010110000100111100101000110011011101101001
0000001110001011111101010110011011101101001001111001010001100001
0000001110001100001000101010010011011001011101111001111110101101
0000001110001100001000101010010011011110010111011001111110101101
0000001110001100001000101011011101100111100101111110101001001101
0000001110001100001010110111011001001111010010111111001101010001
0000001110001100001010110111011001011111100110100100111101010001
0000001110001100001011111100110111010110100100111101100101010001
0000001110001100001011111100110111011001001111010010101101010001
0000001110001100001011111100110111011001010110100100111101010001
0000001110001100001011111100111101110101101001001101100101010001
0000001110001100001011111101001010110010011110011011101101010001
0000001110001100001011111101101001001111001101110101100101010001
0000001110001100001011111101101011001001111001101110100101010001
0000001110001100101000101111110011011101100001001111010101101001
0000001110001100101000101111110101011000010011110011011101101001
0000001110001100101010001001101100001011111100111101110101101001
0000001110001100101010001001111001101110101100001011111101101001
0000001110001100101010001001111011000010111111001101110101101001
0000001110001100101011000010111111010100010011110011011101101001
0000001110001100101111110011110111010110110000101010001001101001
0000001110001100101111110110111010110000101010001001111001101001
0000001110001101000010010110111011001111001000101011111101010011
0000001110001101000010010110111111010111011001111001000101010011
0000001110001101000101001011111101010110111011001111001000010011
0000001110001101001011101101111110101100111100100010101000010011
0000001110001101100100010101001011101111001111110101101000010011
0000001110001101101001011101111001111110101100100010101000010011
0000001110001101110110011111101010010111100100010101101000010011
0000001110001101110110011111101010011000010010001010111100101101
0000001110001101110110011111101010110100010100101111001000010011
0000001110001101110110011111101010111100100001001011010001010011
0000001110001101110110011111101010111100101101000101001100001001
0000001110001101110110100101111001000101011001111110101000010011
0000001110001101110110100110000100100010101111001011001111110101
0000001110001101111001000101010000100101100111111010111011010011
0000001110001101111001000101010010111011001111110101101000010011
0000001110001101111001011001111110101110110100110000100100010101
0000001110010000100101100110001010001101110110101011110100111111
0000001110010000100101101010111101000101001100011011101100111111
0000001110010000100101101010111101000110111011001100010100111111
0000001110010000100101101110110011000101001111010001101010111111
0000001110010000100101101110110011110100010100110001101010111111
0000001110010000100101101110110011110101011111100011010001010011
0000001110010000100110001101010110111011001111010001010010111111
0000001110010000100111101000110011010101101110110001010010111111
0000001110010000100111101000110101011011101100110001010010111111
0000001110010000100111111000101000110111011010010111101010110011
0000001110010000100111111000101001011110101011010001101110110011
0000001110010000101010010111111011011101000110011010110001001111
0000001110010000101011011101100010011110100011001101010010111111
0000001110010000101111110100011001101110110101001010110001001111
0000001110010001010100001001011001111010011000110101110110111111
0000001110010001010100001001011001111010111011011111100011010011
0000001110010001010100001001011001111110001101111010111011010011
0000001110010001010100001001100011010110011110100101110110111111
0000001110010001010100001001100011011110100101110110101100111111
0000001110010001010100101110110011110100001001100011010110111111
0000001110010001010100101110110011110101101111110001101000010011
0000001110010001010100101110110011111100011011110101101000010011
0000001110010001010100110001101011101100111101000010010110111111
0000001110010001010100110001101111010000100101101011101100111111
0000001110010001010110011111100011011101101001011110101000010011
0000001110010001010110101001011110100001001100011011101100111111
0000001110010001010110111011001111010000100110001101010010111111
0000001110010001010110111011001111010100101111110001101000010011
0000001110010001010111101000010010110101001100011011101100111111
0000001110010001010111101001100011011101101010000100101100111111
0000001110010001010111101010000100101100111111000110111011010011
0000001110010001010111111000110100001001011011101100111101010011
0000001110010001100110101001010110001001111110110111100001011101
0000001110010001100110101100010011111101101111000010101001011101
0000001110010001100110110101001010111011110000101100010011111101
0000001110010001100110110101110111100001010100101100010011111101
0000001110010001100110111100001010100101110110101100010011111101
0000001110010001100110111100001011101101010010101100010011111101
0000001110010001101000010010110111111000101010011110101110110011
0000001110010001101000010011110101001011111100010101101110110011
0000001110010001101000010011110101101111110001010100101110110011
0000001110010001101001011101101111110001010100001001111010110011
0000001110010001101001111010111011011111100010101000010010110011
0000001110010001101010011110100001001011011101100110001010111111
0000001110010001101011001100010101000010011110100101110110111111
0000001110010001101011101100110001010100111101000010010110111111
0000001110010001101110110011000101011010100101111010000100111111
0000001110010001101110110011000101011110100001001011010100111111
0000001110010001101110110100101111010100001001111110001010110011
0000001110010001101110110100111111000101011110101000010010110011
0000001110010001101110110101000010010110011000101011110100111111
0000001110010001101111010000100101101011101100110001010100111111
0000001110010001101111010010111011010110011000101010000100111111
0000001110010001101111010110100001001111110001010100101110110011
0000001110010001101111010111011010011111100010101000010010110011
0000001110010010110011010011110101110110111111000101010000100011
0000001110010010110011011101101001111110001010111101010000100011
0000001110010010110011011101101010000100011000101011110100111111
0000001110010010110011011110101110110100111111000101010000100011
0000001110010010110100001000101010011011110101110110011111100011
0000001110010010110100001000101011110101001101110110011111100011
0000001110010010110101110110011011110100001000110001010100111111
0000001110010010110111011001101010011110100001000110001010111111
0000001110010010110111011001111010100110100001000101011111100011
0000001110010010110111111000101010011110101110110011010000100011
0000001110010011010000100010101001011101100111101011011111100011
0000001110010011010000100010101101110110011110101001011111100011
0000001110010011010110110011110111010001100001010100101111110001
0000001110010011010110110011110111010001100010000101010010111111
0000001110010011011101101001011110101000010001010110011111100011
0000001110010011011110101101000010001010100101110110011111100011
0000001110010011110100001000110001010100101110110011010110111111
0000001110010011110100001000110001010110111011001101010010111111
0000001110010011110100011000010101101110110011010100101111110001
0000001110010011110100011000100001010110111011001101010010111111
0000001110010011110101001011111100010101101110110011010000100011
0000001110010011110101100110100101110110111111000101010000100011
0000001110010011110101101111110001010100101110110011010000100011
0000001110010011110110011010110111010001100001010100101111110001
0000001110010011110110011010110111010001100010000101010010111111
0000001110010011111100010101001011101100110111101011010000100011
0000001110010011111100010101100110111011010010111101010000100011
0000001110010011111101001010110000101110110101000110011011110001
0000001110010011111101001010110001000110011011110000101110110101
0000001110010011111101001010111011110000101100010001100110110101
0000001110010011111101001011000010101000110011011010111011110001
0000001110010011111101001011000100011001101101011101111000010101
0000001110010011111101001011101101011000010101000110011011110001
0000001110010011111101001011101101011000100011001101111000010101
0000001110010011111101010110000101110110100101000110011011110001
0000001110010011111101010110001000110011011110000101110110100101
0000001110010011111101010111011110000101100010001100110110100101
0000001110010011111101101111000010111010010101100010001100110101
0000001110010011111101101111000010111010101100010001100110100101
0000001110010100011001101001001111110110111100010111010101100001
0000001110010100011001101101001001111110101011101111000101100001
0000001110010100011001101111000101110110100100111111010101100001
0000001110010100100001001111010101101000110011011101100010111111
0000001110010100100011001101111000010011111101010110001011101101
0000001110010100100111100010111111010101100110111011010001100001
0000001110010101001000010111111011010001100110111010110001001111
0000001110010101001000010111111011101011000100110110100011001111
0000001110010101001001101100111101110101101000110000101111110001
0000001110010101001001101100111101110101101000110001000010111111
0000001110010101001001101101000110000101111110111010110011110001
0000001110010101001001101101000110001000010111111011101011001111
0000001110010101001001111011001101110101101000110000101111110001
0000001110010101001001111011001101110101101000110001000010111111
0000001110010101100001001111110100011001101111000101110110101001
0000001110010101100001001111110110111100010111010001100110101001
0000001110010101100010111010010011111101101111000010001100110101
0000001110010101100010111011010100100011001101111000010011111101
0000001110010101100110111011010001100001011111101010010011110001
0000001110010101100110111011010001100010000101111110101001001111
0000001110010101101000110011011101100001011111100010011110101001
0000001110010101101000110011011101100010011110101001000010111111
0000001110010101110111100010110000100111111010001100110110101001
0000001110010110000100111111010001100110110101110111100010101001
0000001110010110001010100100011001101101011101111000010011111101
0000001110010110011000010010001101001111010111011011111100010101
0000001110010110011000010010001101110110100111111000101011110101
0000001110010110011000010010001101111010111011010011111100010101
0000001110010110011000101000110111011010101111010011111100001001
0000001110010110011000101011110100111111000010010001101110110101
0000001110010110011110100110001101011101101111110000100100010101
0000001110010110011110101110110111111000110100110000100100010101
0000001110010110011111100001001000101011110100110001101110110101
0000001110010110011111100011011101101001100001001000101011110101
0000001110010110011111100011011110101110110100110000100100010101
0000001110010110101001100011011101100111111000010010001010111101
0000001110010110101001111110000100100011011101100110001010111101
0000001110010110101011110100010100110001101110110011111100001001
0000001110010110101011110100011011101100110001010011111100001001
0000001110010110101110110011000101010011111100001001000110111101
0000001110010110101110110011111100001001000101010011000110111101
0000001110010110111011001100010100111101000110101011111100001001
0000001110010110111011001100010101111110000100100011010100111101
0000001110010110111011001111010001010011000110101011111100001001
0000001110010110111011001111010100110000100100010101111110001101
0000001110010110111011001111010101111110001101000101001100001001
0000001110010110111111000010010001010100110001101011101100111101
0000001110010110111111000010010001101011101100110001010100111101
0000001110010110111111000101010011110101110110011000010010001101
0000001110010111010001100110101100001001111110110111100010101001
0000001110010111010010011111101101111000010001100110101100010101
0000001110010111010010011111101101111000101010001100110101100001
0000001110010111011001100001001111010110111111000101010010001101
0000001110010111011001100001001111110001010100100011011110101101
0000001110010111011001100010101001000110101101111110000100111101
0000001110010111011001101011011111100001000110001010100100111101
0000001110010111011001111010110111111000110000100010101001001101
0000001110010111011001111110001100001000101010010011011110101101
0000001110010111011010010001101111010110011000010011111100010101
0000001110010111011010010011011110101100111111000110000100010101
0000001110010111011010110000100111111010001100110111100010101001
0000001110010111011010110001010100100011001101111000010011111101
0000001110010111011010110011011110100100111111000010001100010101
0000001110010111011010110011111100001001100011011110100100010101
0000001110010111011011111100001001100011010110011110100100010101
0000001110010111011011111100001001111010010001101011001100010101
0000001110010111101001000101011001111110000100110001101110110101
0000001110010111101001001111110000100011000101011001101110110101
0000001110010111101010010001101110110011000010011111100010101101
0000001110010111101010010011011101100111111000110000100010101101
0000001110010111101010110011000010011111100010100011011101101001
0000001110010111101010110011011101101001001111110001010001100001
0000001110010111101010110100010100100110111011001111110001100001
0000001110010111101010110100011011101100110000100111111000101001
0000001110010111111000010001100010101101110110011010100100111101
0000001110010111111000010011000110101001000101011011101100111101
0000001110010111111000010011000110101011011101100111101000101001
0000001110010111111000010011110100011010101101110110011000101001
0000001110010111111000100110100011001111011101011011000010101001
0000001110010111111000101011011101100110000100111101010010001101
0000001110010111111000110000100010101101110110011110101001001101
0000001110010111111011011101011001101000110000101010010011110001
0000001110010111111011011101011001101000110001000010101001001111
0000001110011000010011110101101100101110111111000101010010001101
0000001110011000010011111100010101001000110110010111011110101101
0000001110011000101010000100101100100011011010111011110100111111
0000001110011000101010010001101011011001011101111110000100111101
0000001110011000101010011110100001001011011001000110101110111111
0000001110011000101010011111100001001000110110010110101110111101
0000001110011001000110101001111110110001001010110111100001011101
0000001110011001000110101001111110111100001011011000100101011101
0000001110011001000110101101111000010101001111110110001001011101
0000001110011001000110110001001010011111101010111011110000101101
0000001110011001000110110001001010111011110000101101010011111101
0000001110011001000110110001001011010111011110000101010011111101
0000001110011001000110111100001011101100010010100111111010101101
0000001110011001000110111100001011101100010010101101010011111101
0000001110011001001010001101001111110110000101110101011011110001
0000001110011001001010001101100001011010011111101010111011110001
0000001110011001001010110111100001011101001111110110001000110101
0000001110011001001010111010011111101111000010110110001000110101
0000001110011001001011011000010101000110101110100111111011110001
0000001110011001001011011000100011010111010011111101111000010101
0000001110011001001011101001111110110000101010001101011011110001
0000001110011001001011101001111110110001000110101101111000010101
0000001110011001010011111101010110100011011110001011101100001001
0000001110011001010011111101010111011110000100100011011000101101
0000001110011001010011111101010111011110001011010001101100001001
0000001110011001010011111101100010111010101101111000010010001101
0000001110011001010110101001111110100011011110001011101100001001
0000001110011001010110111100001001000110101001111110110001011101
0000001110011001010110111100010111010001101010011111101100001001
0000001110011001010111010001101010011111101111000101101100001001
0000001110011001010111011110000100100011011000101101010011111101
0000001110011001010111011110001011010100111111010001101100001001
0000001110011001011010111011110000100100011011000101010011111101
0000001110011001011010111011110001010100111111010001101100001001
0000001110011001011011000101010011111101111000010010001101011101
0000001110011001011101000110101101111000101010011111101100001001
0000001110011010001001111000110010111111011011101011000010101001
0000001110011010001001111010100100001010110111011000110010111111
0000001110011010001010010000100111101010110111011000110010111111
0000001110011010001010010011110101011011101100101111110001100001
0000001110011010001100101001111110110111100010111010101100001001
0000001110011010011111101101111000010111010101100010001100100101
0000001110011010100011001001010110000101110100111111011011110001
0000001110011010100101111110001100001010110111011001001111010001
0000001110011010100111111011011110000100100011001010110001011101
0000001110011010100111111011011110001001010110000101110100011001
0000001110011010100111111011011110001011101000110010101100001001
0000001110011010101101110110000100111101000101001011111100011001
0000001110011010101101110110001100100001001111010001010010111111
0000001110011010101101110110010011110100010100101111110001100001
0000001110011010110000101010001100100101110100111111011011110001
0000001110011010110000101010010111111011011101000100111100011001
0000001110011010110000101010011111101101111000100101110100011001
0000001110011010110001000110010010111010011111101101111000010101
0000001110011010110001010100111111011011110000100100011001011101
0000001110011010110001100100001010100101111110110111010001001111
0000001110011010110010011110001100001010100101111110110111010001
0000001110011010110110010011110100001000110001010100101110111111
0000001110011010110110010111011111100001000110001010100100111101
0000001110011010110111010001001111011000010101001011111100011001
0000001110011010110111010001001111011000110010000101010010111111
0000001110011011001001011010111011110100001000110001010100111111
0000001110011011001001111110001010100101110111101011010000100011
0000001110011011010001100101001111110101011101111000101100001001
0000001110011011010010111011110101100100111111000101010000100011
0000001110011011010011111101010111011110000101100010001100100101
0000001110011011010100111111010001100101011101111000101100001001
0000001110011011010110010111011110100100111111000010001100010101
0000001110011011010111011110000100100011001011000101010011111101
0000001110011011010111011110001001011000010101001111110100011001
0000001110011011010111011110001010100111111010001100101100001001
0000001110011011101011000010111111011010001001111000110010101001
0000001110011011101011000110010101001000010111111011010001001111
0000001110011011101011001010100100111100011000010111111011010001
0000001110011011101011010001001111011000010111111000110010101001
0000001110011011101011010001001111011000110010101001000010111111
0000001110011011101100001001111010101101000101111110001100101001
0000001110011011101100001011111100011001010110100010011110101001
0000001110011011101100011001010010000100111101010110100010111111
0000001110011011101100011001010110100010011110101001000010111111
0000001110011011101100101001001111010101101000101111110001100001
0000001110011011101101000100111100011001010110000101111110101001
0000001110011011101101000101111110101011000010011110001100101001
0000001110011011101101000101111110101011000110010100100001001111
0000001110011011101101000101111110101011001010010011110001100001
0000001110011011101101010010101100001011111101000100111100011001
0000001110011011101101010010101100011001000010111111010001001111
0000001110011011101101010010101100100111100011000010111111010001
0000001110011011110000100100011001010011111101010110001011101101
0000001110011011110000100100011001010110001011101101010011111101
0000001110011011110000100100011001011101101011000101010011111101
0000001110011011110000101110110100111111010101100010001100100101
0000001110011011110001001010011111101010110000101110110100011001
0000001110011011110001001010110000101110110101001111110100011001
0000001110011011110001001011101101011000010101001111110100011001
0000001110011011110001010100111111010001100101110110101100001001
0000001110011011110001011101101000110010100111111010101100001001
0000001110011011110001011101101010011111101000110010101100001001
0000001110011110001100001011111101110101100101010010011011010001
0000001110011110100001001011011001000101010011000110101110111111
0000001110011110100001001100011010110110010001010100101110111111
0000001110011110101101100100010101001011101111110001101000010011
0000001110011110101101100100110100001000101010010111011111100011
0000001110011110101101100101110111111000110000100010101001001101
0000001110011110101110111111000110100001001011011001000101010011
0000001110011110111010001001101011011000010101001011111100011001
0000001110011110111010001001101011011000110010000101010010111111
0000001110011110111010110100010011011000010111111000110010101001
0000001110011110111010110100010011011000110010101001000010111111
0000001110011110111010110110010111111000110000101010010011010001
0000001110011111100001001000101010011000110110010110101110111101
0000001110011111100001001100011011010110010111011110100100010101
0000001110011111100011000010001010100100110110010111011110101101
0000001110011111100011011001000101010010111011110101101000010011
0000001110011111100011011010010111011110101100100010101000010011
0000001110100010000101010010111111011011100110001101011001001111
0000001110100010011110001101011000010101001011111101101110011001
0000001110100010011110110000101010010111111000110101101110011001
0000001110100010011110110001101011011100110010000101010010111111
0000001110100011010100101011011110110011000010111000100111111001
0000001110100011010100111111000100101011011110110000101110011001
0000001110100011010100111111000101110011001010110111101100001001
0000001110100011010100111111001100001011100010010101101111011001
0000001110100011010110011000010101001011111101101110010011110001
0000001110100011010110011000100001010100101111110110111001001111
0000001110100011010110110000101010010111111000100110011110111001
0000001110100011010110110001001100111101110010000101010010111111
0000001110100011010110110011110111001001100001010100101111110001
0000001110100011010110110011110111001001100010000101010010111111
0000001110100011010110111001001111011001100001010100101111110001
0000001110100011010110111001001111011001100010000101010010111111
0000001110100011010110111101100001010100111111000100101110011001
0000001110100011010110111101100101110001010100111111001100001001
0000001110100011010110111101100110000100111111001011100010101001
0000001110100011010110111101100110000101010010111000100111111001
0000001110100100111111001010110111101100110001011100001000110101
0000001110100100111111001011100001000110101101111011001100010101
0000001110100100111111001011100010101000110101101111011001100001
0000001110100101010001000010111111011010110010011110011000110111
0000001110100101010001001111001100100001011111101101011000110111
0000001110100101010001101101011000010111111011100010011001111001
0000001110100101010001101101011000100110011110010000101111110111
0000001110100101010001101101011001111001001100001011111101110001
0000001110100101010001101101011001111001001100010000101111110111
0000001110100101111110010000101010001101011011000100110011110111
0000001110100101111110010011000010101000110101101100111101110001
0000001110100101111110010011000100001010100011010110110011110111
0000001110100101111110010011110110011000010101000110101101110001
0000001110100101111110010011110110011000100001010100011010110111
0000001110100101111110011001000010101000100111101100011010110111
0000001110100101111110011110111000110101101100001010100010011001
0000001110100101111110011110111000110101101100100110000101010001
0000001110100101111110110111000110101100001010100010011110011001
0000001110100101111110110111000110101100100111100110000101010001
0000001110100111111000010111001100100101011011110110001000110101
0000001110100111111001100001010100011010110111101100100101110001
0000001110100111111001100010001101011011110110010010111000010101
0000001110101011011110110000101110011001001010001101001111110001
0000001110101011011110110001000110100111111000010111001100100101
0000001110101011011110110001001010011111100001011100110010001101
0000001110101011011110110001011100110010100111111000010010001101
0000001110101011011110110010010100011010011111100110000101110001
0000001110101011011110110010100111111001100010111000010010001101
0000001110101011011110110011000101110000100011010010011111100101
0000001110101011011110110011000101110000100111111001010010001101
0000001110101100001010100010011110011001011111101101110001101001
0000001110101100001011111101101000100111100011011100110010101001
0000001110101100001011111101110001001100111100101010001101101001
0000001110101100001011111101110011110001101101000100110010101001
0000001110101100010011001111001010100011011010010000101111110111
0000001110101100011010010000101010001001111001100101111110110111
0000001110101100011011010001001100101010010000101111110111001111
0000001110101100011011100110010101001000010111111011010001001111
0000001110101100101010001000010111111011010010011110011000110111
0000001110101100101010010011000010111111011100111100011011010001
0000001110101100101010010011000110110100010000101111110111001111
0000001110101100101010010011110001101110011000010111111011010001
0000001110101100101111110110111000110100100111100110000101010001
0000001110101100101111110110111001100001010100100111100011010001
0000001110101100101111110110111001100011010001000010101001001111
0000001110101100110000101010001101001001111001011111101101110001
0000001110101100110000101111110110100011011100101010010011110001
0000001110101100110000101111110110100100111100101010001101110001
0000001110101100110001000010101000110100100111100101111110110111
0000001110101100110001000010111111011010001101110010101001001111
0000001110101100110001000010111111011010010011110010101000110111
0000001110101100111100101010001101101001001100001011111101110001
0000001110101100111100101010001101101001001100010000101111110111
0000001110101101000100111101100001011111100011011100110010101001
0000001110101101000100111101100011011100110010101001000010111111
0000001110101101000110110000101111110001001100111101110010101001
0000001110101101000110110001001100111101110010101001000010111111
0000001110101101000110110011110111001010100100110000101111110001
0000001110101101000110110011110111001010100100110001000010111111
0000001110101101000110111001010100100111101100110000101111110001
0000001110101101000110111001010100100111101100110001000010111111
0000001110101101001000010111111001010100011011000100110011110111
0000001110101101001000010111111001100101010001001111011000110111
0000001110101101001001100001011111100101010001101100111101110001
0000001110101101001001100001011111100111101110001101100101010001
0000001110101101001001100010000101111110010101000110110011110111
0000001110101101001001100011011001010100010000101111110011110111
0000001110101101001001111011001010100010000101111110011000110111
0000001110101101001001111011001100001011111100101010001101110001
0000001110101101001001111011001100010000101111110010101000110111
0000001110101101100001010100010011001011111100111101110001101001
0000001110101101100011010010000101010001001100101111110011110111
0000001110101101100101111110011110111000110100100110000101010001
0000001110101101110001101001001111011001011111100110000101010001
0000001110101101110011000010101001001111011001011111100011010001
0000001110101101110011000110100010000101010010011110110010111111
0000001110101101110011001011111100011010001001111011000010101001
0000001110110000100010101001001101111001011100011001111110101101
0000001110110000100010101101110001100111100101111110101001001101
0000001110110000100010101101110010111111000110011110101001001101
0000001110110000100011001101110010111101010010011111100010101101
0000001110110000100011001101111001011100010101001001111110101101
0000001110110000100100010101001100111100101101111110101110001101
0000001110110000100100010101001100111101011100101101111110001101
0000001110110000100100010101001100111111000110111101011100101101
0000001110110000100100010101001100111111010111000110111100101101
0000001110110000100100010101111010100110011111100011011100101101
0000001110110000100100010101111110101001100111100101101110001101
0000001110110000100110011110010111111010100100010101101110001101
0000001110110000100110011110010111111010101101110001101000101001
0000001110110000100110011110101001000101011011100101111110001101
0000001110110000100110011110101011011100101111110001101000101001
0000001110110000100110011111100011011100101111010100100010101101
0000001110110000100110011111100011011100101111010101101000101001
0000001110110000100111101000101001011111100011010101101110011001
0000001110110000100111101010110100010111111000110111001100101001
0000001110110000100111101010110111001100101111110001101000101001
0000001110110000101011011100011010100010011110100101111110011001
0000001110110000101011011100110010111111000110100010011110101001
0000001110110000101110011001001010001101111010101101001111110001
0000001110110000101110011001001010110101000110111101001111110001
0000001110110000101111110001101110011001010110100010011110101001
0000001110110001000110111101001111110000101110011001001010110101
0000001110110001000110111101010110100111111000010111001100100101
0000001110110001001010011111100001011100110010001101111010101101
0000001110110001001010110101001111110000101110011001000110111101
0000001110110001010010011110010111111010001100110101011011100001
0000001110110001010010011110100011001101010110111001011111100001
0000001110110001010100100111100101110000100011001101011011111101
0000001110110001010100101110010011110100001000110011010110111111
0000001110110001010100111100100101101111110100001000110011010111
0000001110110001010100111101000010001100110101110010010110111111
0000001110110001010100111111010000100011001101111001001011010111
0000001110110001010110101001001111110000100011001101110010111101
0000001110110001010110101001011110010011111101000010001100110111
0000001110110001010110101001011110100001000110011011100100111111
0000001110110001010110111000010001100110101001001111001011111101
0000001110110001010110111001001111010000100011001101010010111111
0000001110110001010110111001011111100001000110011010100100111101
0000001110110001010111100100101101010011111101000010001100110111
0000001110110001010111101000010001100110111001001011010100111111
0000001110110001010111111010000100011001101010011110010010110111
0000001110110001011100110010100111111000010010001101111010101101
0000001110110001011100110010101101010011111100001001000110111101
0000001110110001100111100100101101111110100001000101010011010111
0000001110110001100111100100110101001011111101000010001010110111
0000001110110001100111100100110101101111110100001000101010010111
0000001110110001100111100101110000100010101001001101011011111101
0000001110110001100111100101111110100010100100110101011011100001
0000001110110001100111101000010001010100101110010011010110111111
0000001110110001100111101000010001010100110101110010010110111111
0000001110110001100111101000010001010110111001001101010010111111
0000001110110001100111101000101001001101010110111001011111100001
0000001110110001100111111000010001010110101001001101110010111101
0000001110110001100111111010000100010101001101111001001011010111
0000001110110001100111111010000100010101101010010111100100110111
0000001110110001100111111010000100010101111001001011010100110111
0000001110110001101000100111101010010000101011011100110010111111
0000001110110001101000101001000010011110101011011100110010111111
0000001110110001101010001001111010010111111001100100001010110111
0000001110110001101010010001010110111000010011001111001011111101
0000001110110001101010010001010110111001011111100001001100111101
0000001110110001101010010111111010000100110011110010001010110111
0000001110110001101010011001111001000101011111101000010010110111
0000001110110001101010011001111001011011100001001000101011111101
0000001110110001101010011001111010000100101101110010001010111111
0000001110110001101010110111000010011001111001011111101000101001
0000001110110001101010110111001000010011001111010001010010111111
0000001110110001101010110111001011111100001001100111101000101001
0000001110110001101010110111001100100001001111010001010010111111
0000001110110001101010111111010001010011001111001000010010110111
0000001110110001101010111111010001010011001111001011011100001001
0000001110110001101011011111101000010011001111001000101010010111
0000001110110001101011100001001000101010011001111001011011111101
0000001110110001101011100100010101001100111101000010010110111111
0000001110110001101011100101101111110000100100010101001100111101
0000001110110001101110000100100010101111001011010100110011111101
0000001110110001101110010000100101101010111101000101001100111111
0000001110110001101110010001010110101001011110100001001100111111
0000001110110001101110010001010111101000010010110101001100111111
0000001110110001101110010110101001100111111000010010001010111101
0000001110110001101110010110101011110100010100110011111100001001
0000001110110001101110011001010010000100111101010110100010111111
0000001110110001101110011001010110100010011110101001000010111111
0000001110110001101111001000101010011001111110100001001011010111
0000001110110001101111001011010111000010010001010100110011111101
0000001110110001101111010000100101101011100100010101001100111111
0000001110110010010100011011110101011010011111100110000101110001
0000001110110010010101101010001101111010011111100110000101110001
0000001110110010011110100010000101011011100110001101010010111111
0000001110110010011110100010100101111110001101010110111001100001
0000001110110010011110100101011010100010000101111110011000110111
0000001110110010011110100101111110011000010101101110001101010001
0000001110110010011110100101111110011000110101000100001010110111
0000001110110010100100111101010110100010111111000110111001100001
0000001110110010100111111001100010111000010010001101111010101101
0000001110110010101101001001111010100010000101111110011000110111
0000001110110010101101010011111100110001011100001001000110111101
0000001110110010111111000110100010100100111101010110111001100001
0000001110110010111111001100001010110111000110100100111101010001
0000001110110010111111001100011010010011110101000100001010110111
0000001110110011000010101101110010011110100011010100101111110001
0000001110110011000010111111001001111010010101101010001101110001
0000001110110011000010111111001010110100100111101010001101110001
0000001110110011000100001010110111001001111010001101010010111111
0000001110110011000100001011111100100111101001010110101000110111
0000001110110011000100001011111100101011010010011110101000110111
0000001110110011000101110000100011011110100100111111001010110101
0000001110110011000101110000100011011110101011010010011111100101
0000001110110011000101110000100111111001010010001101111010101101
0000001110110011000101110000100111111001010110101001000110111101
0000001110110100010011110001101110011001010110000101111110101001
0000001110110100010111111010101100001001111000110111001100101001
0000001110110100010111111010101100011011100110010100100001001111
0000001110110100010111111010101100101001001111000110111001100001
0000001110110100011000010111000100101001111110011011110101011001
0000001110110100011001010011111100010111001101111010101100001001
0000001110110100011001101111010101100001001111110001011100101001
0000001110110100011011100101001001111000101111110101011001100001
0000001110110100011011100101011001100001011111101010010011110001
0000001110110100011011100101011001100010000101111110101001001111
0000001110110100100001001111001100101000101111110101011000110111
0000001110110100100001011111101010001001111001100101011000110111
0000001110110100100010101100001001100111111000110111001011110101
0000001110110100100110111100101110001100111111010110000100010101
0000001110110100100111100101000110111000101111110101011001100001
0000001110110100100111100101011001100001011111101010001101110001
0000001110110100100111100101011001100010000101111110101000110111
0000001110110100100111111000010001100110111101010110001011100101
0000001110110100100111111000101000110011011100101111010101100001
0000001110110100100111111000101011000010001100110111001011110101
0000001110110100100111111000101110010100011001101111010101100001
0000001110110100100111111010110000100011001101111001011100010101
0000001110110100101000110011011110101011000010111001001111110001
0000001110110100101110001010100001000110011011110010011111101011
0000001110110100101110001101111001000101010000100110011111101011
0000001110110100101110010001010100001001100111111000110111101011
0000001110110100101110010011111100010101000010001100110111101011
0000001110110100101111001001101110001100111111010100001000101011
0000001110110100101111001001111110101000010001100110111000101011
0000001110110100101111010100001000110011011100100111111000101011
0000001110110100101111010100001001100111111000110111001000101011
0000001110110100110011111100011011100100010101111010100001001011
0000001110110100110011111100011011100101100001001000101011110101
0000001110110100110011111100011011110101110010001010100001001011
0000001110110100110011111100011011110101110010110000100100010101
0000001110110100110011111101011100011011110010001010100001001011
0000001110110100110011111101011100011011110010110000100100010101
0000001110110100110111000110011111101010000100010101111001001011
0000001110110100111111000010111001101111010101100010001100100101
0000001110110100111111000101010000100011001101111010111001001011
0000001110110100111111000101011110101000010001100110111001001011
0000001110110100111111001101111010101100100101000110000101110001
0000001110110100111111010100001000110011011100010101111001001011
0000001110110100111111010111000101010000100011001101111001001011
0000001110110101000010001010110001100111111010010111100100110111
0000001110110101000010001010111100100101100011001111110100110111
0000001110110101000010001010111101001101110010010110001100111111
0000001110110101000010001100110111001001011000101011110100111111
0000001110110101000010010110001101110010001010111101001100111111
0000001110110101000010011001111110100101111001000101011000110111
0000001110110101000100001011111101001010110010011110011000110111
0000001110110101000100111100110010000101111110100101011000110111
0000001110110101000110010010101100001011100110111101001111110001
0000001110110101000110011011110100100111111000101110010101100001
0000001110110101000110011011110100101011000010111001001111110001
0000001110110101001000110001011100001001111110010101100110111101
0000001110110101001010110000101111110100010011110001101110011001
0000001110110101001010110001001111110000101110010001100110111101
0000001110110101001010110001101110011001000010111111010001001111
0000001110110101001010110010011110001101110011000010111111010001
0000001110110101001010110011000010111111010001101110010011110001
0000001110110101001010110011000100001011111101000110111001001111
0000001110110101001010110011011110100011000010111000100111111001
0000001110110101001111110000100100011001010110001011100110111101
0000001110110101001111110001001010110000101110011011110100011001
0000001110110101001111110001011100110111101000110010101100001001
0000001110110101001111110011011110100011000010111000100101011001
0000001110110101011000101000110011011100101111010010011111100001
0000001110110101100001010100011001001011100110111101001111110001
0000001110110101100001010100011001101111010010111001001111110001
0000001110110101100001010100111111000100101110011011110100011001
0000001110110101100010001100100101110011011110100111111000010101
0000001110110101100010001100110111101001011100100111111000010101
0000001110110101100010011111100001010100101110010001100110111101
0000001110110101100010101000010001100110111100100111111010010111
0000001110110101100010101000010001100110111101001011100100111111
0000001110110101100010101001111110000100100011001011100110111101
0000001110110101100011001111110100100110111100101110000100010101
0000001110110101100011011110010001010100001001100111111010010111
0000001110110101100011011110010111000010011001111110100100010101
0000001110110101100011011110100101110010001010100001001100111111
0000001110110101100100011000100101110000101010011111100110111101
0000001110110101100101110000100100011000101010011111100110111101
0000001110110101100101110001010100111111001101111010001100001001
0000001110110101100110111101000110000100111111001011100010101001
0000001110110101100110111101000110000101010010111000100111111001
0000001110110101100110111101001001111110010111000010001100010101
0000001110110101100110111101001001111110010111000101010001100001
0000001110110101110010001010100001001011000110111101001100111111
0000001110110101110010010110001010100001000110011011110100111111
0000001110110101110010110001101111010011001111110000100100010101
0000001110110111000010001010110001100111100101111110100100110101
0000001110110111000010010001010111111010011001111001011000110101
0000001110110111000010011001111001011111101001000101011000110101
0000001110110111000101000110011010010011110010111111010101100001
0000001110110111000101000110100100111100101111110101011001100001
0000001110110111000101011000010001100110100100111100101111110101
0000001110110111000101011111101010000100011001101001111001001011
0000001110110111000110011110010011010010111111010100001000101011
0000001110110111000110100100010101100001001100111100101111110101
0000001110110111000110100100111100110000101011001011111101010001
0000001110110111000110100101111110101000010011001111001000101011
0000001110110111000110100110011110010001010111111010100001001011
0000001110110111000110100110011110010110000100100010101111110101
0000001110110111001000101011000110101000010011001111010010111111
0000001110110111001000101011111100011010011001111010100001001011
0000001110110111001001011000110011110100110101000010001010111111
0000001110110111001001101001011111100011001111010100001000101011
0000001110110111001001101010000100010101100011001111010010111111
0000001110110111001001111000101001011111101000110101011001100001
0000001110110111001001111010100001000110011010010111111000101011
0000001110110111001011000010010001010111111000110100110011110101
0000001110110111001011111100001000101011000110011110100100110101
0000001110110111001011111100001001100111101001000101011000110101
0000001110110111001011111100010100011001101001001111010101100001
0000001110110111001011111100010101100001000110011010010011110101
0000001110110111001011111100011010010001010110000100110011110101
0000001110110111001100001010110010011110001101010010111111010001
0000001110110111001100001010110010111111010100100111100011010001
0000001110110111001100011010001000010101100101111110101001001111
0000001110110111001100011010100101111110100010000101011001001111
0000001110110111001100100001010110001101010010111111010001001111
0000001110110111001100101111110101001000010101100011010001001111
0000001110110111001100101111110101011000010011110001101000101001
0000001110110111001100101111110101011000110100010100100001001111
0000001110110111111000101010000100011001101001011100100111101011
0000001110110111111000101010000100011001101001111010111001001011
0000001110110111111000110100101110010001010100001001100111101011
0000001110110111111000110100110011110101110010001010100001001011
0000001110110111111000110100110011110101110010110000100100010101
0000001110110111111010010011010110001100111100101110000100010101
0000001110110111111010010011110010111000010001100110101100010101
0000001110110111111010011001111001000101010000100101100011010111
0000001110110111111010011001111001011000110101110000100100010101
0000001110110111111010011110010010110001010100001000110011010111
0000001110110111111010110000100011001101001001111001011100010101
0000001110110111111010110000100110011110010111000110100100010101
0000001110110111111010111000101010000100011001101001111001001011
0000001110110111111010111000110100110011110010001010100001001011
0000001110110111111010111000110100110011110010110000100100010101
0000001110111000010001010110001100101111001111110100100110110101
0000001110111000010001010110101001001101100011001011110011111101
0000001110111000010001100101111001101100010101101010010011111101
0000001110111000010010001010111100111111010011001011000110110101
0000001110111000010010001101010011110011001011011000101011111101
0000001110111000010010001101100010101111001100101101010011111101
0000001110111000010011001011110011111101001000101011000110110101
0000001110111000010011110011001011111101000110101011011000101001
0000001110111000100110011110010101100001011111101010001101101001
0000001110111000100110011110100101011010100011011000010111111001
0000001110111000100110011110101000110110000101111110010101101001
0000001110111000101000110010111100110110100100111111010101100001
0000001110111000101000110101011011000010011001111010010111111001
0000001110111000101000110101011011001111010010111111001001100001
0000001110111000101000110110100101111001100100001001111110101011
0000001110111000101000110110100111111010101111001100100001001011
0000001110111000101000110110100111111010101111001100101100001001
0000001110111000101001001111001101000110010111111010101101100001
0000001110111000101001001111110101011010001100101111001101100001
0000001110111000101001011110011001000010011111101010110100011011
0000001110111000101001111110101011110011001000010010110100011011
0000001110111000101001111110101011110011001011010001101100001001
0000001110111000101011000010001100101111001101101001001111110101
0000001110111000101011010000100011001001111110101001011110011011
0000001110111000101011010000100111111010100101111001100100011011
0000001110111000101011011000010001100101111110101001001111001101
0000001110111000101011011000010011110011001011111101010010001101
0000001110111000101011110011001000110110100111111010100001001011
0000001110111000101011110011001011000010010001101101001111110101
0000001110111000101011110011011010011111101010000100011001001011
0000001110111000101011111101010011110011001000110100001001011011
0000001110111000101011111101010011110011001011011000010010001101
0000001110111000101011111101010011110011010000100011001001011011
0000001110111000101111110010100011011000010011001111010101101001
0000001110111000101111110010100011011001111010101101001001100001
0000001110111000101111110100101000110110101011000010011001111001
0000001110111000101111110100101000110110101011001111001001100001
0000001110111000101111110101011000010011001111001010001101101001
0000001110111000101111110101011001111001010001101101001001100001
0000001110111000110010010110100001000101011110011111101010011011
0000001110111000110010011011010010111100111111010100001000101011
0000001110111000110010111100111111010100100110110000100010101101
0000001110111000110010111100111111010101101000101001001101100001
0000001110111000110100100110000101011011001011111100111101010001
0000001110111000110110000100100010101111001111110101001100101101
0000001110111000110110000100110010100010111111001111010101101001
0000001110111000110110000100110010111100111111010100100010101101
0000001110111000110110000100110010111100111111010101101000101001
0000001110111000110110000101111110011110100101011010100010011001
0000001110111000110110000101111110011110101000100110010101101001
0000001110111000110110010011000010111111001111010010101101010001
0000001110111000110110010100010111111001111010101101001001100001
0000001110111000110110010101101001001100001011111100111101010001
0000001110111000110110100100010101100001001100101111001111110101
0000001110111000110110100101111001111110101000010011001000101011
0000001110111000110110100110010001010111100111111010100001001011
0000001110111000110110100110010110000100100010101111001111110101
0000001110111001000010011001111010001101010110110001010010111111
0000001110111001000010101101100010011001111010001101010010111111
0000001110111001000010111111010001101101010010101100010011001111
0000001110111001001100001010110110011110100011010100101111110001
0000001110111001001100001011111101000110110101001010110011110001
0000001110111001001100010000101011011001111010001101010010111111
0000001110111001001100010000101111110100011011010100101011001111
0000001110111001010010000100110011110101011010001101100010111111
0000001110111001010110100011011000010111111000100110011110101001
0000001110111001010110100011011000100110011110101001000010111111
0000001110111001010110100011011001111010100100110000101111110001
0000001110111001010110100011011001111010100100110001000010111111
0000001110111001100100001001011000101000110110101011110100111111
0000001110111001100100001001011010101111010001101100010100111111
0000001110111001100100001001011011000101001111010001101010111111
0000001110111001100100001001111010001101010110110001010010111111
0000001110111001100100001001111110001010001101101001011110101011
0000001110111001100100001001111110001010010111101010110100011011
0000001110111001100100011010000100111101010010111111000101011011
0000001110111001100100011010100111101000010010110110001010111111
0000001110111001100100011011000101011010100101111010000100111111
0000001110111001100100011011000101011110100001001011010100111111
0000001110111001100100011011010010111101010000100111111000101011
0000001110111001100100011011010011111100010101111010100001001011
0000001110111001100100011011010100001001011000101011110100111111
0000001110111001100101100001001000110110100111111000101011110101
0000001110111001100101100010100011011010101111010011111100001001
0000001110111001100101100010101111010011111100001001000110110101
0000001110111001100101101010011111100001001000110110001010111101
0000001110111001100101101010111101000110110001010011111100001001
0000001110111001100101101100010100111101000110101011111100001001
0000001110111001100101101100010101111110000100100011010100111101
0000001110111001100101111010100100011011000010011111100010101101
0000001110111001100101111010101100001001111110001010001101101001
0000001110111001100101111010101101000110110000100111111000101001
0000001110111001100101111110000100111101000110101011011000101001
0000001110111001100101111110001010110110000100111101010010001101
0000001110111001101000010001100100111101010010111111000101011011
0000001110111001101000110010111111000101001001111010101101100001
0000001110111001101010011110100001000110010010110110001010111111
0000001110111001101010110110001010010011110100011001011111100001
0000001110111001101100001000110010111101010010011111100010101101
0000001110111001101100010101101010010011111100001000110010111101
0000001110111001101100010101101010010111101000010001100100111111
0000001110111001101100010101111010000100011001001011010100111111
0000001110111001101101001001111110001010001100101111010101100001
0000001110111001101101001001111110001010110000100011001011110101
0000001110111001101101001011110101000010001100100111111000101011
0000001110111001101101001111110001010111101010000100011001001011
0000001110111001101101010000100011001001011000101011110100111111
0000001110111001101101010110001010001100101111010010011111100001
0000001110111001111000110110100010011001010110000101111110101001
0000001110111001111000110110100010111111010101100001001100101001
0000001110111001111000110110100010111111010101100101001001100001
0000001110111001111000110110101001010110000101111110100010011001
0000001110111001111000110110101001010110010011000010111111010001
0000001110111001111010000100010101101100011001001101010010111111
0000001110111001111010000100101101100011010100110010001010111111
0000001110111001111010000100110010001010110110001101010010111111
0000001110111001111010001000010101101100100110001101010010111111
0000001110111001111010001001100100001010110110001101010010111111
0000001110111001111010001010010011010101101100011001011111100001
0000001110111001111010001010010111111000110101011011000010011001
0000001110111001111010001010010111111000110101011011001001100001
0000001110111001111010001010011001000010010110110001101010111111
0000001110111001111010001010011001011011000110101011111100001001
0000001110111001111010100100001010110110001101000100110010111111
0000001110111001111010100100010101101100001001100101111110001101
0000001110111001111010100100110000101011011001011111100011010001
0000001110111001111010100100110000101111110001101100101011010001
0000001110111001111010100100110001101000100001010110110010111111
0000001110111001111010100100110001101100101011010001000010111111
0000001110111001111010100101111110001100100110100001000101011011
0000001110111001111010100101111110001101000010011001000101011011
0000001110111001111010100110010001010111111000110100001001011011
0000001110111001111010100110010110110000100100010101111110001101
0000001110111001111010100110100001000101011111100011001001011011
0000001110111001111010101101000101111110001101100001001100101001
0000001110111001111010101101000101111110001101100101001001100001
0000001110111001111010101101100011010001010010000100110010111111
0000001110111001111010101101100101111110001101000101001001100001
0000001110111001111010101111110001101000101001100100001001011011
0000001110111001111010101111110001101000101001100101101100001001
0000001110111001111110000100010101100011001011110100100110110101
0000001110111001111110000100010101101010010011011000110010111101
0000001110111001111110000100100010101111010011001011000110110101
0000001110111001111110000100110010111101001000101011000110110101
0000001110111001111110001100100101101000010001010111101010011011
0000001110111001111110001100100110110100101111010100001000101011
0000001110111001111110001100101111010100100110110000100010101101
0000001110111001111110001100101111010101101000101001001101100001
0000001110111001111110001101100001001000101011110101001100101101
0000001110111001111110001101100001001100101111010100100010101101
0000001110111001111110001101100001001100101111010101101000101001
0000001110111001111110001101101001000101011000010011001011110101
0000001110111001111110001101101001011110101000010011001000101011
0000001110111001111110001101101001100100010101111010100001001011
0000001110111001111110001101101001100101100001001000101011110101
0000001110111100110010001101100010101001111110100001001011010111
0000001110111100110010001101101001011100010101000010011111101011
0000001110111100110010001101101001111110101110001010100001001011
0000001110111100110010001101101011000101010000100111111010010111
0000001110111100110010110000100100011011010011111101011100010101
0000001110111100110010110101110000100100011011000101010011111101
0000001110111100110010111000010011111101001000110110101100010101
0000001110111100110010111000101010010001101100001001111110101101
0000001110111100110110000100011001011100010101001001111110101101
0000001110111100110110001010100111111010000100011001001011010111
0000001110111100110110100100111111010110000100011001011100010101
0000001110111100110110100101110001010100001000110010011111101011
0000001110111100110110100111111010111000101010000100011001001011
0000001110111100110110101100010101000010001100100111111010010111
0000001110111100111111010000100010101001101100011001001011010111
0000001110111100111111010010011011010110001100101110000100010101
0000001110111100111111010011001000101010000100101100011011010111
0000001110111100111111010011001011000110110101110000100100010101
0000001110111100111111010110000100110010111000110110100100010101
0000001110111100111111010110100001000101010010111000110010011011
0000001110111100111111010110100001001100100010101001011100011011
0000001110111100111111010111000110010010110100001000101010011011
0000001110111100111111010111000110110000100100010101001100101101
0000001110111100111111010111000110110100110010001010100001001011
0000001110111100111111010111000110110100110010110000100100010101
0000001110111101000010001010100110110001100100101101011100111111
0000001110111101000010001100100101101011100110110001010100111111
0000001110111101000010010110101110011001000110110001010100111111
0000001110111101000110000100111111001010111000101100110110101001
0000001110111101000110000100111111001011001101101011100010101001
0000001110111101000110000101010010110011011010111000100111111001
0000001110111101000110000101010011111100110110101110001001011001
0000001110111101000110000101100110110101001010111000100111111001
0000001110111101000110010101110011011010100111111000101100001001
0000001110111101000110011011010111001011000010011111100010101001
0000001110111101000110110000101010011111100010010110101110011001
0000001110111101000110110000101101010011111100010010101110011001
0000001110111101000110110010101110001011010100111111001100001001
0000001110111101000110110010110101110001010100111111001100001001
0000001110111101000110110011000010011111100101011100010110101001
0000001110111101000110110011000010011111100101101011100010101001
0000001110111101000110110011000010101001011010111000100111111001
0000001110111101000110110011000010110101001010111000100111111001
0000001110111101001001101101011000110010111001111110000100010101
0000001110111101001001111110000100011001011100110110101100010101
0000001110111101001001111110000100011001101101011100101100010101
0000001110111101001001111110001010100011001101101011100101100001
0000001110111101001001111110010101110000100011000101100110110101
0000001110111101001001111110010101110000100011011001100010110101
0000001110111101001001111110010101110001011001101101010001100001
0000001110111101001001111110010101110001011010100011011001100001
0000001110111101001001111110010110011011010111000010001100010101
0000001110111101001001111110010110011011010111000101010001100001
0000001110111101001001111110010110101110000100011011001100010101
0000001110111101001001111110010110101110001010100011011001100001
0000001110111101001010111001001111110000101100010001100110110101
0000001110111101001011000010101000110011011010111001001111110001
0000001110111101001011000100011001101101011100100111111000010101
0000001110111101001011100110010001101101011000101010000100111111
0000001110111101001011100110110101100010101000010001100100111111
0000001110111101001100100010101000010010110001101101011100111111
0000001110111101001100101100011011010111001111110000100100010101
0000001110111101001111110000100100011011010111001100101100010101
0000001110111101001111110000101100010001100100101011100110110101
0000001110111101001111110011000010101000110110010010110101110001
0000001110111101001111110011000010110101000110110010010101110001
0000001110111101001111110011000100011011001001010111000010110101
0000001110111101001111110011000100011011001001011010111000010101
0000001110111101001111110011011010100011000010110010010101110001
0000001110111101010111000010001100010110011011010010011111100101
0000001110111101010111000010001101100110001011010010011111100101
0000001110111101010111000010010001100010110010100111111001101101
0000001110111101010111000010010001101100101001111110011000101101
0000001110111101010111000010011111100101001000110001011001101101
0000001110111101010111000010011111100101001000110110011000101101
0000001110111101010111000010110010001100010010100111111001101101
0000001110111101010111000010110100111111001100010001101100100101
0000001110111101010111000100101001111110011000010110100011011001
0000001110111101010111000100101001111110011011010001100001011001
0000001110111101010111000101100101001111110011011010001100001001
0000001110111101010111000101100110110100011000010011111100101001
0000001110111101010111000101100110110100100111111001010001100001
0000001110111101010111000101101000110110010100111111001100001001
0000001110111101010111000101101000110110011000010011111100101001
0000001110111101010111000101101001001111110010100011011001100001
0000001110111101010111001001111110000101100010001100110110100101
0000001110111101010111001010001100110110100100111111000101100001
0000001110111101010111001100100011011000100101001111110000101101
0000001110111101010111001100100101000110110000101101001111110001
0000001110111101010111001100101001111110000100100011011000101101
0000001110111101010111001100101001111110001011010001101100001001
0000001110111101010111001101101000110010100111111000101100001001
0000001110111101010111001101101001111110000101100010001100100101
0000001110111101011000010001100101110011011010010011111100010101
0000001110111101011000010011001011100111111000110110100100010101
0000001110111101011010000100010101001011100111111000110010011011
0000001110111101011010000100011001001111110001010100101110011011
0000001110111101011010000100110010001010100101110011111100011011
0000001110111101011010000100111111000101010010111001100100011011
0000001110111101011100110010001101101001111110001010100001001011
0000001110111101011100110010110000100100011011010011111100010101
0000001110111101011100110110100111111000101010000100011001001011
0000001110111101011100111111000110010010110100001000101010011011
0000001110111101011100111111000110110000100100010101001100101101
0000001110111101011100111111000110110100110010001010100001001011
0000001110111101011100111111000110110100110010110000100100010101
0000001110111111000010001010100100110101101100011001011100111101
0000001110111111000010001100101110011010110110001010100100111101
0000001110111111000010010001010100110010110110001101011100111101
0000001110111111000010010001101011100110010110110001010100111101
0000001110111111000101010010011110101101100001000110010111001101
0000001110111111000101010010111001100100011010000100111101011011
0000001110111111000101010010111001101000010001100100111101011011
0000001110111111000101010011110101110011001000110100001001011011
0000001110111111000101010011110101110011001011011000010010001101
0000001110111111000101010011110101110011010000100011001001011011
0000001110111111000110010011010000100010101001011100111101011011
0000001110111111000110010111001111010110110000100010101001001101
0000001110111111000110100001001100100010101001011100111101011011
0000001110111111010000100011001001011011000101010011110011010111
0000001110111111010000100011001001111001101011011000101010010111
0000001110111111010000100101101100010101001111001100100011010111
0000001110111111010000100111100110010001101011011000101010010111
0000001110111111010110110000100011001011100010101001001111001101
0000001110111111010110110000100111100110010111000101010010001101
0000001110111111010111000101010011110011001000110100001001011011
0000001110111111010111000101010011110011001011011000010010001101
0000001110111111010111000101010011110011010000100011001001011011
0000001111000010001011000110011101101001001101111110101110010101
0000001111000010001011011100110100111010111111011000110010010101
0000001111000010001100100101011111101100010110111001101001110101
0000001111000010001100100110111111011000101101001010111001110101
0000001111000010001100100111001101110101011111101100010110100101
0000001111000010001100110100111011000101101110010010101111110101
0000001111000010001100110111001001110110001011010010101111110101
0000001111000010001100111001001101111110101011101100010110100101
0000001111000010001100111011000101101001010111001001101111110101
0000001111000010110001000110111001100101011111101101001001110101
0000001111000010110001000110111010101111110110100100111001100101
0000001111000010110001000110111111010101110110100100110011100101
0000001111000010110001000110111111011010010011001010111001110101
0000001111000010110010100011011101010111111011010010011100110001
0000001111000010110010101110011101010001101111110110100100110001
0000001111000010110010101111110110100100111010100011011100110001
0000001111000010110011100101000110111111010101110110100100110001
0000001111000010110011101101001001100011011111101011100101010001
0000001111000010110100101000110111010101111110110010011100110001
0000001111000010110100101000110111111010101110110011100100110001
0000001111000010110100101011100100110011101100010001101111110101
0000001111000010110100101011100111010100011011111101100100110001
0000001111000010110100101011111101010001101110010011101100110001
0000001111000010110100101011111101100010001101110011001001110101
0000001111000010110100101011111101100100111010100011011100110001
0000001111000010110111001001010111111010100011010011101100110001
0000001111000010110111001100011010011101011111101100100101010001
0000001111000010110111001100100101011111101100010001101001110101
0000001111000010110111010101111110110001000110100111001100100101
0000001111000010110111010101111110110010010100011010011100110001
0000001111000010110111111010101110110001000110100110011100100101
0000001111000010110111111010101110110011100100101000110100110001
0000001111000010110111111011000100011010011001001010111001110101
0000001111000010110111111011001001010111001110101000110100110001
0000001111001000010010100010110001101010111111010011001110110111
0000001111001000010010100110001101010111111010001011011101100111
0000001111001000010010100110011101100011010101111110100010110111
0000001111001000010011001110110111000110100101000101111110101011
0000001111001000101100011010100001001010111111010011001110110111
0000001111001000101101110001101000010010101111110101001100111011
0000001111001000101101110110011100011010000100101011111101010011
0000001111001000101101111110100001001010100110001101011101100111
0000001111001000101101111110100001001010100110011101100011010111
0000001111001000101101111110101110001101000010010101001100111011
0000001111001000101101111110101110110011100011010000100101010011
0000001111001000101110001101001010100001001100111011011111101011
0000001111001000101110110111111010010101000010011000110101100111
0000001111001000101110110111111010110011100011010010101000010011
0000001111001000101111110100001001100011010100101011011101100111
0000001111001000101111110100001001100111011000110101001010110111
0000001111001000101111110100101011000110101000010011001110110111
0000001111001000101111110101000010011001110110111000110100101011
0000001111001000101111110101001010110111000110100001001100111011
0000001111001000101111110101001010110111011001110001101000010011
0000001111001000110100001001010100111000101101111110101110110011
0000001111001000110100001001010111111010100111000101101110110011
0000001111001000110100001001110001011111101010010101101110110011
0000001111001000110100101010000100111000101110110111111010110011
0000001111001000110101001010110111011001100010111111010000100111
0000001111001000110101100110001011101101111110100101010000100111
0000001111001000110101110110011000101101111110100001001010100111
0000001111001001010001101001100001011011111101010111011001110001
0000001111001001010011001110001000110100001011011111101010111011
0000001111001001010011010000100011001110001011011111101010111011
0000001111001001010100001000101100011001110110111111010011010111
0000001111001001010100001000110001011001101011101101111110100111
0000001111001001010100001000110011010011101101111110101110001011
0000001111001001010100110100001000101101111110101110110011100011
0000001111001001010100111000101101111110101110110011010000100011
0000001111001001010100111011000101101111110100001000110011010111
0000001111001001010111000100011010000101101111110101001100111011
0000001111001001010111000100011010011001110110000101101111110101
0000001111001001010111000101101111110101001101000010001100111011
0000001111001001010111111010000100011000101101110110011010100111
0000001111001001010111111010000100011001101010011101100010110111
0000001111001001010111111010011010100001000101100011001110110111
0000001111001001010111111010100001000110011010011101101110001011
0000001111001001010111111010100011010011101100110000101101110001
0000001111001001010111111010100110100001000101101110001100111011
0000001111001001010111111010100110100001000101101110110011100011
0000001111001001010111111010100111000101101110110011010000100011
0000001111001001100001011010010100011011111101010111011001110001
0000001111001001100111000100011011111101010111011000010110100101
0000001111001001100111011000010110100101011100010001101111110101
0000001111001001101000010001011111101010010101101110001100111011
0000001111001001101000010001011111101010010101101110110011100011
0000001111001001101001010100001000101110001100111011011111101011
0000001111001001101001010100001000101110110111111010110011100011
0000001111001001101010000100010111111010010101100011001110110111
0000001111001001101011000110011101101111110100101010000100010111
0000001111001001101111110101001010111000101101000010001100111011
0000001111001001101111110101011101100001000110011100010110100101
0000001111001001101111110101011101100111000101101001010001100001
0000001111001001101111110101110001100111011000010001011010010101
0000001111001001110001011101101111110101100110100101010000100011
0000001111001001110001011111101010010101101110110011010000100011
0000001111001001110110000100011001101110001011010010101111110101
0000001111001001110110001011111101000010001100110101001010110111
0000001111001001110110011000010110100101011111101010001101110001
0000001111001001110110011011100010110100101011111101010001100001
0000001111001001110110111000101111110101000010001100110100101011
0000001111001001110110111111010010101000010001100110101100010111
0000001111001010001011000110101011111101001100111011011100001001
0000001111001010001011111101001001101010110001100111011011100001
0000001111001010001011111101010110000100110011101101110001101001
0000001111001010001100110100100111011011100010111111010101100001
0000001111001010001100110101011000101111110100100111011011100001
0000001111001010001101111110101011101101001001100001011001110001
0000001111001010010011001110001000110111111010101110110100001011
0000001111001010010011010001011111101010110111000110011101100001
0000001111001010010011010001011111101010110111011001110001100001
0000001111001010010011011111101010111011010000100011001110001011
0000001111001010010011100010111111010101101110110011010001100001
0000001111001010010011101100010111111010001100110101011011100001
0000001111001010011000110101011111101000101101110110011100001001
0000001111001010011001110110001101010111111010001011011100001001
0000001111001010100010110011101101001001101111110101110001100001
0000001111001010100100010111000010011001110110001101011011111101
0000001111001010100100010111011001110000100110001101011011111101
0000001111001010100100110111111010111000110011101101000010001011
0000001111001010100100111000010001100010111011001101011011111101
0000001111001010100100111011000101110000100011001101011011111101
0000001111001010100110000100100010110111111010111011001110001101
0000001111001010100110001101011101100111000010010001011011111101
0000001111001010100110011101100001001000101101111110101110001101
0000001111001010100110011101100011010111000010010001011011111101
0000001111001010100111000010010001101011101100110001011011111101
0000001111001010100111000101101111110101110110011000010010001101
0000001111001010110000100011001101001001110110111000101111110101
0000001111001010110000100110011101101110001101001000101111110101
0000001111001010110001011111101001001110110111000010001100110101
0000001111001010110001100111011011100001000101111110100100110101
0000001111001010110111000010001100110101001001110110001011111101
0000001111001010110111000010011001110110001101010010001011111101
0000001111001010110111000101111110101001001110110000100011001101
0000001111001010110111000110011101100001000101111110101001001101
0000001111001010110111011001100001001110001011111101010010001101
0000001111001010110111011001101010010011100001000110001011111101
0000001111001010110111011001110000100110001101010010001011111101
0000001111001010110111011001110001100001000101111110101001001101
0000001111001010111000100001011001110110100011011111101010010011
0000001111001010111000100011011111101010010011001110110100001011
0000001111001010111000101100001000110011101101001001101111110101
0000001111001010111000101100111011010010011011111101010001100001
0000001111001010111111010011001110110111000010010001011000110101
0000001111001010111111010100100111011010000100011001101110001011
0000001111001010111111010100100111011010001101110001000010110011
0000001111001010111111010100110000100100010110111011001110001101
0000001111001010111111010100110011101100001001000101101110001101
0000001111001010111111010100111000101101110110011000010010001101
0000001111001100001001110001011101111110101101100101010010001101
0000001111001100001011001010001101110101011111101101001001110001
0000001111001100001011001010111111011010010011101010001101110001
0000001111001100001011010010100011011101010111111011001001110001
0000001111001100001011010010101111110110010011101010001101110001
0000001111001100001011011100011010011101011111101100100101010001
0000001111001100001011011101010111111011001001010001101001110001
0000001111001100010110110010001101011101111110100001001010100111
0000001111001100010110110010101001110000100100011010111011111101
0000001111001100100011010000100101010011101111110101110001011011
0000001111001100100011010000100101011111101010011101110001011011
0000001111001100100011010000100111011100010111111010100101011011
0000001111001100100011010100101011011000101111110100001001110111
0000001111001100100101001110001000110100001011011101010111111011
0000001111001100100101011111101100001011011100010001101001110101
0000001111001100100111000100011011101010111111011000010110100101
0000001111001100101001001110001000110111010101111110110100001011
0000001111001100101010010001101011011000101110000100111011111101
0000001111001100101010011101111110101110001011011000010010001101
0000001111001100101011011000010011101110001011111101010010001101
0000001111001100101011111101010011101110001011011000010010001101
0000001111001101000010001011011100011001001010100111010111111011
0000001111001101000010001100100101001110001011011101010111111011
0000001111001101000010001100100101010011101111110101110001011011
0000001111001101000010001100100101011111101010011101110001011011
0000001111001101000010001100100111011100010111111010100101011011
0000001111001101000110010100100111011100010111111010101101100001
0000001111001101001110001011011101010111111011000010001100100101
0000001111001101001110001011011101010111111011001001010001100001
0000001111001101001110101111110110000100010110111000110010010101
0000001111001101001110101111110110010010101000101101110001100001
0000001111001101010010011101110000100011001010110110001011111101
0000001111001101010010101101100010111111010000100011001001110111
0000001111001101010110110001011111101000110010100100111011100001
0000001111001101011011000101110000100011001010100100111011111101
0000001111001101011011001010100100111000010001100010111011111101
0000001111001101011101111110100001000110001011011001001010100111
0000001111001101110001011000010001100101011111101101001001110101
0000001111001101110001011001010111111011010010011101010001100001
0000001111001101110001011010000100011001001110101001010111111011
0000001111001101110001011010010101111110110000100011001001110101
0000001111001101110001011010010101111110110010011101010001100001
0000001111001101110001100100111010111111011000010001011010010101
0000001111001101110001100101010010011101011111101101000010001011
0000001111001101110101011111101100001000110010011100010110100101
0000001111001101110101011111101100100111000101101001010001100001
0000001111001101110101011111101101000010001100101001001110001011
0000001111001101110101011111101101001001110001011000010001100101
0000001111001101110101011111101101001001110001011001010001100001
0000001111001110000100100010110110010101001100011010111011111101
0000001111001110000100110001101011011001010100100010111011111101
0000001111001110001100001000101110111111010110110010101001001101
0000001111001110101000110100110000101101111110110010010101110001
0000001111001110101000110111111011001001100001011010010101110001
0000001111001110101000110111111011010010011000010110010101110001
0000001111001110101001001100101011100010001101111110110100001011
0000001111001110101001001101111110110100001000110010101110001011
0000001111001110101001010111000100001011010001101111110110010011
0000001111001110101001010111000101101000010001100100110111111011
0000001111001110101001100100101011100010001101000010110111111011
0000001111001110101001101000010001100100101011100010110111111011
0000001111001110101110001100100101010011010000100010110111111011
0000001111001110101110001100100110111111011000010001011010010101
0000001111001110101110001100101010010011011111101101000010001011
0000001111001110101110001101000100001011011111101100100101010011
0000001111001110101110001101001100001011011111101100100101010001
0000001111001110101110001101111110110010011000010110100101010001
0000001111001110101110001101111110110100010000101100101010010011
0000001111001110101110001101111110110100100110000101100101010001
0000001111001110111000010010001011011000110101001100101011111101
0000001111001110111000010011001010110110001101010010001011111101
0000001111001110111000110010010101111110101001101000010001011011
0000001111001110111000110010011010000100010111111010100101011011
0000001111001110111000110010100100110100010111111010101101100001
0000001111001110111000110010101101100001000101111110101001001101
0000001111001110111000110100001001010111111010100110010001011011
0000001111001110111000110100001001100100010111111010100101011011
0000001111001110111000110100010111111010101101100001001100101001
0000001111001110111111010000100010110110001100100101010011010111
0000001111001110111111010000100101010011001000101101100011010111
0000001111001110111111010110110000100010111000110010101001001101
0000001111001110111111010110110000100110010101001000101110001101
0000001111001110111111010111000110010010101001101000010001011011
0000001111001110111111010111000110100001001010100110010001011011
0000001111010000100010110001100110111001010100100111011010111111
0000001111010000100010110001100111011010111001010100100110111111
0000001111010000100010110110001100100101010011010111001110111111
0000001111010000100010110111000110011010111111001001010100111011
0000001111010000100010110111001001010100111011000110011010111111
0000001111010000100010110111111001001010100110101110001100111011
0000001111010000100011000101101100100101010011100110101110111111
0000001111010000100011000101101110110011010100111001001010111111
0000001111010000100011001001110111001101010010101101100010111111
0000001111010000100011001101010010101101110010011101100010111111
0000001111010000100011001101010111111001001010011100010110111011
0000001111010000100011001101011100100101010011101100010110111111
0000001111010000100011001101110001011010100101011111100100111011
0000001111010000100011001101110010011101100010110101001010111111
0000001111010000100011001101110110101011111100101001001110001011
0000001111010000100011001110001011011111100100101001101010111011
0000001111010000100011001110010010100110101011101100010110111111
0000001111010000100011001110110001011010100101011100100110111111
0000001111010000100011001110110101001001101111110010101110001011
0000001111010000100101010011000110101110110011100100010110111111
0000001111010000100101010011001000101101100011010111001110111111
0000001111010000100101010011001110110001101011100100010110111111
0000001111010000100101010011100100011010111011001100010110111111
0000001111010000100101010011100110001011011001000110101110111111
0000001111010000100110001101010010101101110110011100100010111111
0000001111010000100110011101100011010100101011011100100010111111
0000001111010000100111001000110101001010110111011001100010111111
0000001111010000100111011100110010001101010010101101100010111111
0000001111010000101101010010101110001000110111111001001100111011
0000001111010000101101010010101110010011001110110001000110111111
0000001111010000101101111110010010100110011100010001101010111011
0000001111010000101101111110010010101110001000110101001100111011
0000001111010001000010110011000110111001010100100111011010111111
0000001111010001000010110011101101011100011011111100101010010011
0000001111010001000010110011101101011100101010010011000110111111
0000001111010001000010110111000110101111110010010101001110110011
0000001111010001000010110111001001010100111011001100011010111111
0000001111010001011011100100001001010011001110110001101010111111
0000001111010001011011100101001100111011000110101011111100001001
0000001111010001011011101100111001000010010100110001101010111111
0000001111010001011011101100111001010011000110101011111100001001
0000001111010001011111100001001100011010101101110110011100101001
0000001111010001011111100001001100111011000110101011011100101001
0000001111010001100101001001110111001101010110110001011111100001
0000001111010001100110101011011100101001001110110001011111100001
0000001111010001101010011101100110001000010110111001001010111111
0000001111010001101010110110001011111100001001110111001100101001
0000001111010001101010110111011001100010111111000010011100101001
0000001111010001101010111011001110001000010110111111001001010011
0000001111010001101010111011001110010010100110001000010110111111
0000001111010001101010111111001001010011100010000101101110110011
0000001111010001101110001000010110101001010111111001001110110011
0000001111010001101110010011101100110001000010110101001010111111
0000001111010001101110110101011111100101001001110001000010110011
0000001111010001101111110010101110001000010110011101101010010011
0000001111010010001011101101111110000100110001101011001110010101
0000001111010010001011111100001001100111011011100101011000110101
0000001111010010001101011001100010111011011111100001001110010101
0000001111010010011000010110011101101010001101111110010101110001
0000001111010010011000010110011101101011100011011111100101010001
0000001111010010011000110111111000010110011101101011100101010001
0000001111010010011010101100011001110110111001010001011111100001
0000001111010010011010110001100111011011111100001000101110010101
0000001111010010011011111100001000101100011001110110101110010101
0000001111010010011011111100101010001011001110110101110001100001
0000001111010010011011111100101011100010110000100011001110110101
0000001111010010011011111100101011100010110011101101010001100001
0000001111010010011100010110000100011001101110110101011111100101
0000001111010010011100010110011011101101010111111001010001100001
0000001111010010011100101000110001011001101110110101011111100001
0000001111010010011100101000110111011010101111110000101100110001
0000001111010010011101101010001100010110011011100101011111100001
0000001111010010011101101010001101110010101111110000101100110001
0000001111010010011101101011111100001000101100011001101110010101
0000001111010010011101101011111100001011001100011011100101010001
0000001111010010011101101011111100101010001011001101110001100001
0000001111010010011101101110010100011001101010110001011111100001
0000001111010010011101101110010101100010111111000010001100110101
0000001111010010011101101111110000100011001101011000101110010101
0000001111010010100011000101101010111011001110010011011111100001
0000001111010010100011011101100110000101101010111111001001110001
0000001111010010100011011111100001011010101110110011100100110001
0000001111010010100011011111100100110000101101010111011001110001
0000001111010010101000010001011100100110101100011001110110111111
0000001111010010101000010001100110101100010111001001110110111111
0000001111010010101000010011000110101100111001000101110110111111
0000001111010010101000010011100100011010110011000101110110111111
0000001111010010101000101101011111100100111011001101110001100001
0000001111010010101100011001110110111001001101010000100010111111
0000001111010010101100011010100001001100111011011100100010111111
0000001111010010101110001000110111111001001100111011000010110101
0000001111010010101110010011001110110001000110111111000010110101
0000001111010010101110010011011111100001000110011101100010110101
0000001111010010101111110000100011001101110010011101100010110101
0000001111010010101111110000101101010001101110010011101100110001
0000001111010010101111110010011101100001000110011011100010110101
0000001111010010101111110010011101100110000101101010001101110001
0000001111010010101111110010011101100110111000101101010001100001
0000001111010011000010110111111001001010001101010111011001110001
0000001111010011000110101110110111111000010010001011001110010101
0000001111010011001110001000110101011101100001011011111100100101
0000001111010011001110110000101101111110010010101110001000110101
0000001111010011001110110111001000010010100010110001101010111111
0000001111010011001110110111001000101100011010100001001010111111
0000001111010011001110110111001010001011000110101011111100001001
0000001111010011001110110111001010111111000010010001011000110101
0000001111010011001110110111111000010010001011000110101110010101
0000001111010011010100001000101100011001110110111001001010111111
0000001111010011010101110110000100011001110001011011111100100101
0000001111010011010101110110001011011111100001000110011100100101
0000001111010011010101110110011100010110111111001001010001100001
0000001111010011010101110110011100100101000110001011011111100001
0000001111010011010111000110011101100001000101101111110010010101
0000001111010011010111001001010100001000101100011001110110111111
0000001111010011100010110111011000010001100110101011111100100101
0000001111010011100010110111011001101010111111001001010001100001
0000001111010011100100101000110001011011101100110101011111100001
0000001111010011100100101000110101011111100001011011101100110001
0000001111010011100100101010000100011000101100110101110110111111
0000001111010011101100001000101101110001100110101111110010010101
0000001111010011101100010110111001001010111111000010001100110101
0000001111010011101100011001101011111100001000101101110010010101
0000001111010011101100110000101101110001101011111100100101010001
0000001111010011101100110001101011111100001011011100100101010001
0000001111010011101100110101000110001011011100100101011111100001
0000001111010011101100110101111110010010101000101101110001100001
0000001111010100001000101111110001100111011011100100110100101011
0000001111010100001000110011010011101101110010010101111110001011
0000001111010100001001010111111000110100110011101101110010001011
0000001111010100001001100111011011100100010111111000110100101011
0000001111010100101011011100100010111111000110100001001100111011
0000001111010100101011011100100110100001000101111110001100111011
0000001111010100101011011101100111001000101111110001101000010011
0000001111010100101011011101100111001001101000010001011111100011
0000001111010100110000100100010110111011001110010101111110001101
0000001111010100110011101100001001000101101110010101111110001101
0000001111010100110100001000101101110010010101111110001100111011
0000001111010100110100001000101101110110011100100101011111100011
0000001111010100111001000110100001001010111111000101101110110011
0000001111010100111001001010111111000101101110110011010000100011
0000001111010100111001010111111000101101110110011000010010001101
0000001111010100111011100110010001101000010010101111110001011011
0000001111010100111011100110010101111110001011011000010010001101
0000001111010100111011100110100001000110010010101111110001011011
0000001111010101100001001100111011011100101000101111110001101001
0000001111010101101110010100100110100010111111000110011101100001
0000001111010101101110110011100101001001101000101111110001100001
0000001111010101111110001101000101101110010000100101001100111011
0000001111010101111110001101000101101110010100110011101100001001
0000001111010101111110001101000101101110110011100100001001010011
0000001111010101111110001101000101101110110011100101001100001001
0000001111010101111110001101001100111011011100100001001010001011
0000001111010101111110001101001100111011011100101000101100001001
0000001111010110000100011001101001001110110111111000101110010101
0000001111010110000100110011101101111110001101001000101110010101
0000001111010110011100100010111011011111100011010010101000010011
0000001111010110011100100110100101010000100010111011011111100011
0000001111010110110000100010111001110111111000110010101001001101
0000001111010110110000100011001010100100111011111100010111001101
0000001111010110110000100110010101001000101110011101111110001101
0000001111010110110000100111011111100010111001100101010010001101
0000001111010110111111000101110010101001001110110000100011001101
0000001111010110111111000101110110011000010011100101010010001101
0000001111010110111111000110000100010111011001110010101001001101
0000001111010110111111000110011101100001000101110010101001001101
0000001111010111001000101101111110001101000010010101001100111011
0000001111010111001001010100001000110011010011101101111110001011
0000001111010111001001010100110100001000101101111110001100111011
0000001111010111001010100110011101100001001000101101111110001101
0000001111010111001100100011010000100101010011101111110001011011
0000001111010111001100101010011101111110001011011000010010001101
0000001111010111001101000010001100100101010011101111110001011011
0000001111010111001110111111000110010010101001101000010001011011
0000001111010111001110111111000110100001001010100110010001011011
0000001111010111011001110010001011011111100011010000100101010011
0000001111010111011001110010010101001101000010001011011111100011
0000001111010111011001110010101001100001001000101101111110001101
0000001111010111011011111100010110011000010010001101001110010101
0000001111010111011011111100010110011010011100100101010000100011
0000001111010111011011111100011010011000010010001011001110010101
0000001111010111011111100010110110010001101000010010101001110011
0000001111010111011111100010110110010010101001110011010000100011
0000001111010111011111100010110110010101001110011000010010001101
0000001111011000010001011010111000110010011011111100111010010101
0000001111011000010001011010111111001101110001100100111010010101
0000001111011000010001011011111100111010011010111000110010010101
0000001111011000010001100100101011100010110111111001110100110101
0000001111011000010001100100110111111001110001011010101110100101
0000001111011000010001100100110111111001110100101011100010110101
0000001111011000010001100100111000101101010111111001101110100101
0000001111011000010001100100111010010101111110011011100010110101
0000001111011000010110101011111100110010011100010001101110100101
0000001111011000010110111010011100010001101010111111001100100101
0000001111011000010110111111001110001000110101011101001100100101
0000001111011000010110111111001110100110010010101110001000110101
0000001111011000100011010100110010010101110011101000010110111111
0000001111011000100011010100111010000101101110011001001010111111
0000001111011000100011010101111110000101101110100111001100100101
0000001111011000100011011100110010011101000010110101001010111111
0000001111011000100011011100110010011101001010111111000010110101
0000001111011000101101010010101110011101000010001100100110111111
0000001111011000101101010111111000010001100100111001101110100101
0000001111011000101101110011010100111010000100011001001010111111
0000001111011000101101110100001000110010010100111001101010111111
0000001111011000101101110100111001101010111111000010001100100101
0000001111011000101101111110000100011001001010111001110100110101
0000001111011000110010010101001101011100111010000100010110111111
0000001111011000110010010101001110100001000101101110011010111111
0000001111011000110010011011111100001000101101011100111010010101
0000001111011001001010001100010110111010011100110101011111100001
0000001111011001001010001101010111010011000010110111111001110001
0000001111011001001010001101010111111000010110111010011100110001
0000001111011001001010001101010111111001100001011011101001110001
0000001111011001001010011100010000101101110100011010101111110011
0000001111011001001010011100110001000010110111010001101010111111
0000001111011001001010100010110111111001110100110101110001100001
0000001111011001001010100110001101011100111010001000010110111111
0000001111011001001010100111010001000010110111000110101111110011
0000001111011001001010100111010001000010110111001100011010111111
0000001111011001001010111000100001011011111100111010001101010011
0000001111011001001010111000101101111110011101001101010001100001
0000001111011001001010111001110100011010100110001000010110111111
0000001111011001001010111001110100110101000110001011011111100001
0000001111011001001100001011010100011011111100111010010101110001
0000001111011001001100001011010101110100101000110111111001110001
0000001111011001001100001011010111000110111111001110100101010001
0000001111011001001100010000101101010010101110011101000110111111
0000001111011001001100011011111100001011010111001110100101010001
0000001111011001001101111110011100010110101011101001010001100001
0000001111011001001101111110011101001010100010110101110001100001
0000001111011001001101111110011101001010111000101101010001100001
0000001111011001001110001011010101111110011011101001010001100001
0000001111011001001110011011101001010001100010110101011111100001
0000001111011001001110100011011100010000101101010010101111110011
0000001111011001001110100011011100110001000010110101001010111111
0000001111011001001110100101010001011010111111001101110001100001
0000001111011001001110100101011111100001011010100011011100110001
0000001111011001001110100101011111100110000101101010001101110001
0000001111011001001110100101011111100110111000101101010001100001
0000001111011010100011000101100101011100111010010011011111100001
0000001111011010100011011111100001011001010111001110100100110001
0000001111011010100011011111100111010010011000010110010101110001
0000001111011010100100110001000010110010101110011101000110111111
0000001111011010100100110010101110001000110111111001110100001011
0000001111011010100100110010101110011101000010110001000110111111
0000001111011010100100110111111001110100001000110010101110001011
0000001111011010100100111010000100011001010111111001101110001011
0000001111011010100100111010000101100010001101110011001010111111
0000001111011010100100111010001101110001000010110010101111110011
0000001111011010100100111010001101110011000100001011001010111111
0000001111011010101110100001000110010100100110111111001110001011
0000001111011010101110100011011111100111000100001011001010010011
0000001111011010101110100100110000101100101000110111111001110001
0000001111011010101110100100110111111001110001011000010001100101
0000001111011010101110100100110111111001110001011001010001100001
0000001111011010101111110000101100010001101110100100111001100101
0000001111011010101111110000101100101000110111010010011100110001
0000001111011010101111110011000010110010100011011101001001110001
0000001111011010101111110011001010010011100010001101110100001011
0000001111011010101111110011011101000010001100101001001110001011
0000001111011010101111110011011101001001110001011000010001100101
0000001111011010101111110011011101001001110001011001010001100001
0000001111011010111000110010101001001101111110011101000010001011
0000001111011010111000110111111001110100010000101100101010010011
0000001111011010111000110111111001110100100110000101100101010001
0000001111011010111001110100001000101100011001010100100110111111
0000001111011010111001110100010000101100101010010011000110111111
0000001111011010111001110100100110001101111110000101100101010001
0000001111011010111001110100100110111111000010001011000110010101
0000001111011010111111001101110001100101010010011101000010001011
0000001111110000100010111001110100100110111101101011000110010101
0000001111110000100010111001110100110101101111011000110010010101
0000001111110000100010111001110111101001001101101011000110010101
0000001111110000100010111101001001101110010101100011001110110101
0000001111110000100010111101001001110110101100011001101110010101
0000001111110000100010111101001110110001100110101101110010010101
0000001111110000100011000101110110101100110111101001001110010101
0000001111110000100011000101110111101001001110011011010110010101
0000001111110000100011000101111010010011100101011001101110110101
0000001111110000100011001001010110111101100010111001110100110101
0000001111110000100011001001101111011000101110011101001010110101
0000001111110000100011001010110001011100111010010011011110110101
0000001111110000100011001010110001011110100100111011100110110101
0000001111110000100011001010110101001001110111001101100010111101
0000001111110000100011001101001001110101011000101111011011100101
0000001111110000100011001101010110111011000101111010011100100101
0000001111110000100011001101101011110100100111011100101100010101
0000001111110000100011001101110010011101100010111101001010110101
0000001111110000100011001101110010101101010010011101100010111101
0000001111110000100011001101110010111101001001110110101100010101
0000001111110000100011001101110110101011000101111010010011100101
0000001111110000100011001101111010010011101101011000101110010101
0000001111110000100011001110110001011100100101011011110100110101
0000001111110000100011001110110001011100100110111101001010110101
0000001111110000100100010110001101101011100111011110100110010101
0000001111110000100100010110001101110010101111010011001110110101
0000001111110000100100010110001101111010011001110110101110010101
0000001111110000100100010110011100101011110100110001101110110101
0000001111110000100100010110101001100011011101100111001010111101
0000001111110000100100010110101001100111011000110111001010111101
0000001111110000100100010110101110010101001100111011000110111101
0000001111110000100100010110101110110011100101010011000110111101
0000001111110000100100011001010011101010110001011110110111001101
0000001111110000100100011001010110001011110110111001101010011101
0000001111110000100100011001011000101010011101110011011010111101
0000001111110000100100011001011110110111001101011000101010011101
0000001111110000100100011010110111001100101111011000101010011101
0000001111110000100100011010111101110011001011011000101010011101
0000001111110000100100011011000101010011101110011001011010111101
0000001111110000100100011011000101101011100110010101001110111101
0000001111110000100100011011001010100111001100010110101110111101
0000001111110000100100011011010111011110100111001100010110010101
0000001111110000100100011011100110010100111011000101111010101101
0000001111110000100100011011100110010101101010011101100010111101
0000001111110000100100011011101100110001011010100111001010111101
0000001111110000100110001101110110011100101011010100100010111101
0000001111110000100110001101110110101011001110010100010111101001
0000001111110000100110001101111010010001011101101011001110010101
0000001111110000100110011101100011011100101011010100100010111101
0000001111110000100110011101101010110001101110010100010111101001
0000001111110000100110011101101011000110111101001000101110010101
0000001111110000100111001010001101110110101011001100010111101001
0000001111110000100111001010110011000101111010010001101110110101
0000001111110000100111001010110101001000110111011001100010111101
0000001111110000100111001100010111011110100100011011010110010101
0000001111110000100111010101100010111101101110010100100011001101
0000001111110000100111011010100100011001101110010101100010111101
0000001111110000100111011010110001010100100011001101110010111101
0000001111110000100111011100101100010101001000110011011010111101
0000001111110000100111011100110010100011011010101100010111101001
0000001111110000100111011100110010101100010111101001000110110101
0000001111110000100111011100110010101101010010001101100010111101
0000001111110000100111011110100100011011010110001011100110010101
0000001111110000101010010110001001110111001000110011011010111101
0000001111110000101010010111101101110010001100110101100010011101
0000001111110000101010011101110011001000110110001001011010111101
0000001111110000101100010001100100101011110100111011100110110101
0000001111110000101100010011101110010001100110110101001010111101
0000001111110000101101010011101110011001000110110001001010111101
0000001111110000101101100010001101001110101011110111001100100101
0000001111110000101101100010010100111010101111011100110010001101
0000001111110000101101100010010101111011100110010001101010011101
0000001111110000101110010010101101111010011001110110001000110101
0000001111110000101110010011001110110001000110111101001010110101
0000001111110000101110010101100010001101111010010011001110110101
0000001111110000101110010101100111011010100011011110100100110001
0000001111110000101110011101001001100011011110110101100101010001
0000001111110000101110011101001001100101011000100011011110110101
0000001111110000101110011101001010110101000110111101100100110001
0000001111110000101110011101001100011010110111101100100101010001
0000001111110000101110011101001100100101011011110110001000110101
0000001111110000101110110001000110101011011110100110011100100101
0000001111110000101110110011100100101000110101011011110100110001
0000001111110000101110110101011000100011011110100100110011100101
0000001111110000101110110101011001110010100011011110100100110001
0000001111110000101111010010011100101000110111011010101100110001
0000001111110000101111010010011101101010001101110010101100110001
0000001111110000101111010010011101101011001100011011100101010001
0000001111110000101111010010101100010001100110111001001110110101
0000001111110000101111010010101101010001101110010011101100110001
0000001111110000101111010011100100101000110101011011101100110001
0000001111110000101111010011101100010001101110011001001010110101
0000001111110000101111010011101100110001101011011100100101010001
0000001111110000101111010101100010001100110111001001110110100101
0000001111110000101111010101101001110110001000110111001100100101
0000001111110000101111011000100011010011101010110111001100100101
0000001111110000101111011000100011010101101110100111001100100101
0000001111110000101111011000100011011100110010011101001010110101
0000001111110000101111011000100101001110101011011100110010001101
0000001111110000101111011000100101011011100110010001101010011101
0000001111110000101111011001001010001101010110111010011100110001
0000001111110000101111011001001110100101011010100011011100110001
0000001111110000101111011010101100010001101110100100111001100101
0000001111110000101111011010101100101000110111010010011100110001
0000001111110000101111011011100100011001101010010101100010011101
0000001111110000101111011011100100111010010101100010001100110101
0000001111110000101111011011100100111010101100010001100110100101
0000001111110000101111011011100110100111010101100010001100100101
0000001111110001001010011101010110000101111011011100110100011001
0000001111110001001010011101100001011110101011010001101110011001
0000001111110001001010110000101111011011100110101001110100011001
0000001111110001001010110101001110110000101111010001101110011001
0000001111110001001010111101000110110000101101010011101110011001
0000001111110001001011000010101001110111001101101011110100011001
0000001111110001001011010111101000110110000101010011101110011001
0000001111110001001011011000010101001110100011010111101110011001
0000001111110001001011110110000101010011101000110101101110011001
0000001111110001001011110110111001101011000010101001110100011001
0000001111110001001100111010001101011011000010101001011110111001
0000001111110001001100111010110100011011000010111101110010101001
0000001111110001001100111011100101011010001101100001011110101001
0000001111110001001101000110011100101111011101011011000010101001
0000001111110001001101011011000010101001011110111010001100111001
0000001111110001001101100001011110111010110100011001110010101001
0000001111110001001110010101101000110011011101100001011110101001
0000001111110001001110100011001101010010101100001011110110111001
0000001111110001001110100011001101011000010101001011110110111001
0000001111110001001110110101001010110000101111010001100110111001
0000001111110001001110110101100001010100101111010001100110111001
0000001111110001010010011100101111010101101110110011010001100001
0000001111110001010010111101000110011010101101110110000100111001
0000001111110001010010111101000110101011011000010011001110111001
0000001111110001010010111101000110101011011001110111001001100001
0000001111110001010010111101000110101011011100100111011001100001
0000001111110001010100011001101101011110100100111011100101100001
0000001111110001010100011001101110010111101001001110110101100001
0000001111110001010100111010001100101111011011100110101100001001
0000001111110001010100111010001101011011100110010111101100001001
0000001111110001010100111010001101011110111001100101101100001001
0000001111110001010100111011100110010110101111010001101100001001
0000001111110001010100111011100110110101111010001100101100001001
0000001111110001011000010010001101101001110111001100101011110101
0000001111110001011000010010001101101001110111101011100110010101
0000001111110001011000010011101110010101111010001100110110101001
0000001111110001011001100001001000110111011010011100101011110101
0000001111110001011001100001001000110111101011101101001110010101
0000001111110001011001101110110100111001001010111101010000100011
0000001111110001011001101111010111011010011100100101010000100011
0000001111110001011010000100011001001010100111011110101110011011
0000001111110001011010000100011001001010111101010011101110011011
0000001111110001011010000100011001101110010010101111010100111011
0000001111110001011010000100011001101111010111001001010100111011
0000001111110001011010000100101010011100100011011110101110110011
0000001111110001011010000100101010011101111010111001100100011011
0000001111110001011010000100101011110101001110010001101110110011
0000001111110001011010000100101011110101001110111001100100011011
0000001111110001011010100111011100110010101111010001101100001001
0000001111110001011100100111011010010101000010001100110111101011
0000001111110001011100101010010011101100001000110011011110101101
0000001111110001011100110010001101101001010100001001110111101011
0000001111110001011100110010101001000110110000100111011110101101
0000001111110001011100110110000100011001010100100111011110101101
0000001111110001011100110110100100111011110101100001000110010101
0000001111110001011100110110100101010000100011001001110111101011
0000001111110001011101100110000100111001010100100011011110101101
0000001111110001011101101001000110111101011001100001001110010101
0000001111110001011101101001010100001001110010001101111010110011
0000001111110001011101111010110010001101101001010100001001110011
0000001111110001011101111010110010011100110110100101010000100011
0000001111110001011110100011001101110010101100001001110110101001
0000001111110001011110100011011100110010101101010011101100001001
0000001111110001011110100100111011010100011001101110010101100001
0000001111110001011110101000010001100100111011100110110100101011
0000001111110001011110101000010001100110111001001110110100101011
0000001111110001011110101000010011100100011011101101001010110011
0000001111110001011110101000010011101110011001000110110100101011
0000001111110001011110101001000110110000100111011100110010101101
0000001111110001011110101001000110111011001100001001110010101101
0000001111110001011110101001001110110000100011001101110010101101
0000001111110001011110101001001110111001101100001000110010101101
0000001111110001011110101001010110100001000110010011101110011011
0000001111110001011110101001010110100001000110011011100100111011
0000001111110001011110101001010110100001001110010001101110110011
0000001111110001011110101001010110100001001110111001100100011011
0000001111110001011110101011000010011101101000110011011100101001
0000001111110001011110101011000010011101110011001010001101101001
0000001111110001011110101011001100001001110010100011011101101001
0000001111110001011110101011001101110110100100111001010001100001
0000001111110001011110101011010001100101001001110111001101100001
0000001111110001011110101011010001100110111001010010011101100001
0000001111110001011110101011010001100110111011000010011100101001
0000001111110001011110101011010001101100001001100111011100101001
0000001111110001011110101011010001101100001001110111001100101001
0000001111110001011110101011010001101100111011100101001001100001
0000001111110001011110101011010001101110010100100111011001100001
0000001111110001011110101011010001101110011001010011101100001001
0000001111110001011110101011010001101110110011000010011100101001
0000001111110001011110110111001010001100110100100111010101100001
0000001111110001011110110111001010110000100111010001100110101001
0000001111110001011110110111001101000110010100111010101100001001
0000001111110001011110110111001101010011101000110010101100001001
0000001111110001100001000101110110011100101010010011011110101101
0000001111110001100001000101110110100100110111101011001110010101
0000001111110001100001000101111010100100110111011001110010101101
0000001111110001100001010100101111011001001110011010110111010001
0000001111110001100001010110111011001001110011010100101111010001
0000001111110001100001010110111011001011110101001001110011010001
0000001111110001100001011110101001001110011011101100101011010001
0000001111110001100001011110110010101001001110011011101011010001
0000001111110001100100110110100101010000100010111001110111101011
0000001111110001100101010010011011000010001011100111011110101101
0000001111110001100101011010001001110011011101100001011110101001
0000001111110001100101111010101101110110000100111001101000101001
0000001111110001100111011000010001011100101010010011011110101101
0000001111110001100111011000010001011110101001001101110010101101
0000001111110001100111011010010011011100101000101111010101100001
0000001111110001100111011010010011011100101011000010001011110101
0000001111110001100111011010010011011110101100001000101110010101
0000001111110001100111011010010101000010001011100100110111101011
0000001111110001100111011010011011100100101011110101000010001011
0000001111110001100111011010011011110101110010010101000010001011
0000001111110001101000100110010111101110011101011011000010101001
0000001111110001101000100111010110111001100101111011000010101001
0000001111110001101000100111011000010101101110011001011110101001
0000001111110001101000101001001110110010111101010110111001100001
0000001111110001101010010111101000100111011000010101101110011001
0000001111110001101011011000010101001011110111001110100010011001
0000001111110001101011011001001100001010100101111011100111010001
0000001111110001101011011100110000101010010111101100100111010001
0000001111110001101100001001100101010010001011100111011110101101
0000001111110001101100001011110111001110101101000100110010101001
0000001111110001101100101010010011000010111101110011101011010001
0000001111110001101101001000101110011101111010110000100110010101
0000001111110001101101001010100001001100100010111001110111101011
0000001111110001101110010000100110011101101001010001011110101011
0000001111110001101110010001011010000100101011110101001100111011
0000001111110001101110010001011110101000010011001110110100101011
0000001111110001101110010001011110101001010110100001001100111011
0000001111110001101110010100010111101010110000100110011101101001
0000001111110001101110010101100001001100111011010010001011110101
0000001111110001101110010101111010100110011101100001001000101101
0000001111110001101110011000010111101010010011101100101011010001
0000001111110001101110011000010111101100101010010011101011010001
0000001111110001101110011001010110100010011101100001011110101001
0000001111110001101110110011100100010110100001001010111101010011
0000001111110001101110110011100100010111101010010101101000010011
0000001111110001101110110011100101011110101001100001001000101101
0000001111110001101110110100101000101111010101100111001000010011
0000001111110001101110110100101011001110010001011110101000010011
0000001111110001101110110100110000100100010110011100101011110101
0000001111110001101111010110000100110011101101001000101110010101
0000001111110001101111010110011100100010111011010010101000010011
0000001111110001101111010111001000101101000010010101001100111011
0000001111110001101111010111001010100110011101100001001000101101
0000001111110001101111010111011001110010001011010000100101010011
0000001111110001101111010111011001110010101001100001001000101101
0000001111110001101111010111011010011000010010001011001110010101
0000001111110010000101010001100110101101110100101111011000100111
0000001111110010000101010001101011011000100110011101001011110111
0000001111110010000101111010010101101010001100110111011000100111
0000001111110010000101111010010101101010001101100010011001110111
0000001111110010001100010011101101010010101100110111000010111101
0000001111110010001100010011101101011001101110000101010010111101
0000001111110010001100010011101110000101010010110011011010111101
0000001111110010001100010011101110000101100110110101001010111101
0000001111110010001101010010101101110000101111011001100010011101
0000001111110010001101010010101111011100001011011001100010011101
0000001111110010001101011011100001010100101111011001100010011101
0000001111110010001101011110111000010101001011011001100010011101
0000001111110010001101100110001001110111000010101001011010111101
0000001111110010001101100110001001110111000010110101001010111101
0000001111110010010100011010101101110110011000010111101001110001
0000001111110010010100011010101101111010011000010111011001110001
0000001111110010010100110011100010001101010110111101000010111011
0000001111110010010100110101011011110100001000110011100010111011
0000001111110010010100111000100001011110100011010101101110110011
0000001111110010010100111000101111010000100011001101010110111011
0000001111110010010101000101111010011101100110101101110001100001
0000001111110010010101001101011011110100001000101110001100111011
0000001111110010010101101110001000010111101000110101001110110011
0000001111110010010101101110001011110100001000110011010100111011
0000001111110010010101101110001011110100111011000010001100110101
0000001111110010010101101110001011110100111011001101010001100001
0000001111110010010101101111010000101110001000110101001100111011
0000001111110010010101101111010011001110110000101110001000110101
0000001111110010011000010101000110101101100111010010111101110001
0000001111110010011000010111101001010110101000110110011101110001
0000001111110010011000100001010100011010110110011101001011110111
0000001111110010011000100001011110100101011010100011011001110111
0000001111110010011001110110000101110001000110111101001010110101
0000001111110010011101001010110011010100011000010111101101110001
0000001111110010011101001010110111000010111101100110001000110101
0000001111110010011101001010111101110000101101100110001000110101
0000001111110010011101001011011001100001010100011010111101110001
0000001111110010011101001011011001100010001101011110111000010101
0000001111110010011101001011110110011000100001010100011010110111
0000001111110010011101001011110110011000100011010110111000010101
0000001111110010011101010110011010010100011000010111101101110001
0000001111110010011101010110111000010111101100110001000110100101
0000001111110010011101010111101110000101101100110001000110100101
0000001111110010011101100001000110011011100010111101001010110101
0000001111110010011101100110000101111010101101001010001101110001
0000001111110010011101100110001000010111101001010110101000110111
0000001111110010011101100110001000110111000010111101001010110101
0000001111110010011101100110001000110111000010111101010110100101
0000001111110010011101100110111000101111010010101101010001100001
0000001111110010011101101001010001100001011110101011001101110001
0000001111110010011101101010001100001011110100101011001101110001
0000001111110010100011001101110110000100111000101111010101101001
0000001111110010100011001101110110001011110101011010010000100111
0000001111110010100011010010011101010110111000101111011001100001
0000001111110010100011010010011101010111101110001011011001100001
0000001111110010100011011000010011001110111000101111010101101001
0000001111110010100011011000101111010101101001000010011001110111
0000001111110010100011011001110111000101111010101101001001100001
0000001111110010100011011101101010110011000010111101001001110001
0000001111110010100011011110100100110000101110110101011001110001
0000001111110010100100011000101111010101100110111000010011101101
0000001111110010100100011000101111011011100001001110101011001101
0000001111110010100100011011100001001110110011000101111010101101
0000001111110010100100110011100010001101111010000101110110101011
0000001111110010100100110111101000010001100111000101110110101011
0000001111110010100100111000100001011110100011011101101010110011
0000001111110010100100111000101111010000100011001101110110101011
0000001111110010101000101111010010011101101011001101110001100001
0000001111110010101000110000101111011001101110101101001001110001
0000001111110010101000110000101111011101011010010011011001110001
0000001111110010101000110001000010111101100110111010110100100111
0000001111110010101000110001000010111101110101101001001101100111
0000001111110010101000110011011101011010010000101111011000100111
0000001111110010101000110011100010011011000010111101110101101001
0000001111110010101000110110000101111011100010011001110101101001
0000001111110010101000110110001001100111010110100100001011110111
0000001111110010101000110110011101011010010011000010111101110001
0000001111110010101000110110011101011010010011000100001011110111
0000001111110010101001001101111010000100010111000110011101101011
0000001111110010101100001000110011011100010111101001001110110101
0000001111110010101100001011100010001101111010010011001110110101
0000001111110010101100110000101111010010011101101010001101110001
0000001111110010101100110101001000110001011110110111000010011101
0000001111110010101100110111000010001100010111101001001110110101
0000001111110010101100110111000010011101101010010001100010111101
0000001111110010101100110111000101111010001100001001110110101001
0000001111110010101100111011010100011011110100100110000101110001
0000001111110010101101001000010111101010001100110111011000100111
0000001111110010101101001000010111101010001101100010011001110111
0000001111110010101101001001100001011110101000110110011101110001
0000001111110010101101001001100010000101111010100011011001110111
0000001111110010101101001001110110011000010111101010001101110001
0000001111110010101101001001110110011000100001011110101000110111
0000001111110010101101010001101110001011110100100111011001100001
0000001111110010101101010010001101110000100111011001100010111101
0000001111110010101101110001011110110011000010011101000110101001
0000001111110010101111010001100001001110111000101100110110101001
0000001111110010101111010001101100110000100111011100010110101001
0000001111110010101111010010011101110000100011000101100110110101
0000001111110010101111010010011101110000100011011001100010110101
0000001111110010101111010010011101110001011001101101010001100001
0000001111110010101111010010011101110001011010100011011001100001
0000001111110010101111011100010110110011000010011101000110101001
0000001111110010110011011010111101000110000100111011100010101001
0000001111110010110011011010111101001001110111000010001100010101
0000001111110010110011011010111101001001110111000101010001100001
0000001111110010110101111010001101100110000100111011100010101001
0000001111110010110101111010010011101110000100011011001100010101
0000001111110010110101111010010011101110001010100011011001100001
0000001111110010110110011000010011101000110101111011100010101001
0000001111110010110110011000101010010001101011110111000010011101
0000001111110010111101000110000100111011010110011011100010101001
0000001111110010111101001001110110101100110111000010001100010101
0000001111110010111101001001110110101100110111000101010001100001
0000001111110010111101010001100001010110111011001101001001110001
0000001111110010111101010001100010000101011011101100110100100111
0000001111110010111101010001100110100100001010110111011000100111
0000001111110010111101010001101001000010101101100010011001110111
0000001111110010111101010001101001001100001010110110011101110001
0000001111110010111101010001101001001100010000101011011001110111
0000001111110010111101010001101001001110110011000010101101110001
0000001111110010111101010001101001001110110011000100001010110111
0000001111110010111101010110110000100110011101110001010001101001
0000001111110010111101010110110001010001101001000010011001110111
0000001111110010111101010110110011101110001010001101001001100001
0000001111110010111101010110111000101000110100100111011001100001
0000001111110010111101010110111011000010011100010100011001101001
0000001111110010111101010110111011000101000110011010010000100111
0000001111110010111101010110111011001101001001110001010001100001
0000001111110010111101100110000100111010001101011011100010101001
0000001111110010111101100110000101010001101001001110101101110001
0000001111110010111101100110001000010101000110100100111010110111
0000001111110010111101100110001010100100011010110111000010011101
0000001111110010111101110001001100111010110110000101010001101001
0000001111110010111101110101101100001010100011001110001001101001
0000001111110010111101110101101100010011010010000101010001100111
0000001111110011000010101000110110010010110101111010011101110001
0000001111110011000010101001110100011010110111000100101111011001
0000001111110011000010101001110100011010111101110001001011011001
0000001111110011000010101001110111000100101101011110100011011001
0000001111110011000010101101110001101001001110110010111101010001
0000001111110011000010110101000110110010010101111010011101110001
0000001111110011000010110101001110111000100101011110100011011001
0000001111110011000010110110010010100011010011101010111101110001
0000001111110011000010111101000110111000100101011010100111011001
0000001111110011000010111101001110110010010101101010001101110001
0000001111110011000010111101010110100011011100010010100111011001
0000001111110011000010111101010110100111011001001010001101110001
0000001111110011000010111101100100101000110100111010101101110001
0000001111110011000010111101100100101000110101011011101001110001
0000001111110011000010111101100100111010010101101010001101110001
0000001111110011000010111101101010110010100011011101001001110001
0000001111110011000100011010011101010110111000010111101100100101
0000001111110011000100011010011101010111101110000101101100100101
0000001111110011000100011011001001010111101001110111000010110101
0000001111110011000100011011001001011010111101001110111000010101
0000001111110011000100011011100001011110100111011001001010110101
0000001111110011000100011011100001011110101011010011101100100101
0000001111110011000100101001110101011011100001011110110010001101
0000001111110011000100101001110101011110111000010110110010001101
0000001111110011000100101001110110010001101110000101111010101101
0000001111110011000100101011010100111011001000110111000010111101
0000001111110011000100101011011100001011110110010001101010011101
0000001111110011000100101011110111000010110110010001101010011101
0000001111110011000100101101100100011010111101110000101010011101
0000001111110011000100101111011001000110101101110000101010011101
0000001111110011000101010011101110000100100011011001011010111101
0000001111110011000101101010011101110000100100011011001010111101
0000001111110011000101101100101001110101011110111000010010001101
0000001111110011000101101100101011110111000010010001101010011101
0000001111110011000101111011001010011101010110111000010010001101
0000001111110011000101111011001010110111000010010001101010011101
0000001111110011000110100100111011001011110101000100001010110111
0000001111110011001000010101000100111010010111101100011010110111
0000001111110011001000010111101001010110101000100111011000110111
0000001111110011001001010011100010001101010110111010000101111011
0000001111110011001001010110111000100011010100111010000101111011
0000001111110011001010001011110101011010010000100111011000110111
0000001111110011001010010011100010001101110100001011110110101011
0000001111110011001010100010011101011010010000101111011000110111
0000001111110011001010110100100001011110101000100111011000110111
0000001111110011001011110101000100111011000010101101110001101001
0000001111110011001011110101000100111011000110100100001010110111
0000001111110011001011110110000101010001001110101101110001101001
0000001111110011001011110110001101001000010101000100111010110111
0000001111110011010001100001011110110111000100101001110101011001
0000001111110011010010000101011011101100011001011110101000100111
0000001111110011010010011100011000010101101110110010111101010001
0000001111110011010011101010110010010100011000010111101101110001
0000001111110011010100111010000100011001001010110111000101111011
0000001111110011010100111010001100001011110110111000100101011001
0000001111110011010101101110100001000110010010100111000101111011
0000001111110011010101101110100111000101111011000010001100100101
0000001111110011010101101110100111000101111011001001010001100001
0000001111110011010110010001100010010111101101110000101010011101
0000001111110011010110010111101101110000100100011000101010011101
0000001111110011010110010111101101110001010100111010001100001001
0000001111110011010110111000110010010101001110100001000101111011
0000001111110011010110111010010111101100001010100010011100011001
0000001111110011010110111010010111101100011001000010101000100111
0000001111110011010110111010010111101100100111000110000101010001
0000001111110011011010100011000010110010010101111010011101110001
0000001111110011011010100111011100001001000110001011001010111101
0000001111110011011010100111011100001011001000110001001010111101
0000001111110011011010100111011100010010101111010001100001011001
0000001111110011011010100111011100010110010101111010001100001001
0000001111110011011010111101000110000101010011101110001001011001
0000001111110011011100001001000110001010100111011010110010111101
0000001111110011011100001001000110001011110101011001010011101101
0000001111110011011100001010100111011010110010001100010010111101
0000001111110011011100001011110101011001000110001001010011101101
0000001111110011011100010010100111011010001100001011110101011001
0000001111110011011100010010111101000110000101010011101101011001
0000001111110011011100010101001110110101100101111010001100001001
0000001111110011011100010111101010110010100111011010001100001001
0000001111110011011100010111101100001000110010011101001010110101
0000001111110011011100010111101100100111010010101101010001100001
0000001111110011011100010111101101010010011101000010001100101011
0000001111110011011100011001010100100111010000100010111101101011
0000001111110011011101000010001100101001001110001011110110101011
0000001111110011011101001001110001011110110101011000010001100101
0000001111110011011101001001110001011110110101011001010001100001
0000001111110011011101011010010000101111011000110010101000100111
0000001111110011011101011010010011100011000010111101100101010001
0000001111110011011101100001001110001100101000101111010101101001
0000001111110011011101100001011110100101011010100010011100011001
0000001111110011011101100001011110101000100111000110010101101001
0000001111110011011101100011001000010111101001010110101000100111
0000001111110011011101100011001010001011110101011010010000100111
0000001111110011011101100011001010110100100001011110101000100111
0000001111110011011101100100111000110000101111010010101101010001
0000001111110011011101100101000101111010101101001001110001100001
0000001111110011011101100101011010010011100011000010111101010001
0000001111110011100010000101110100011010101101111011001001010011
0000001111110011100010000101110100011011110110101011001010010011
0000001111110011100010001101010110111101100001011101001100100101
0000001111110011100010001101111011010101100001011101001001100101
0000001111110011100010111010000100011001001010011010101101111011
0000001111110011100010111010000100011001010010011011110110101011
0000001111110011100010111010010011011110110101011000010001100101
0000001111110011100010111010010011011110110101011001010001100001
0000001111110011100010111010011010101101111011000010001100100101
0000001111110011100010111010011010101101111011001001010001100001
0000001111110011100011000010111101110101101001001101100101010001
0000001111110011100011001010100010011011000010111101110101101001
0000001111110011100011001011110111010110110000101010001001101001
0000001111110011101000010001011100011001001010100110101101111011
0000001111110011101000010001011100011001010100100110111101101011
0000001111110011101000010111000100011010100110010010101101111011
0000001111110011101000010111000100011011110110101001001100101011
0000001111110011101000100001011100011010110111101100100101010011
0000001111110011101000100001011100011011110110101100101010010011
0000001111110011101001001100001011100011011110110101100101010001
0000001111110011101001001100101011000010111000100011011110110101
0000001111110011101001001101111011010110000100010111000110010101
0000001111110011101001001101111011010110010101000101110001100001
0000001111110011101001010110101000110111101100100110000101110001
0000001111110011101001011110111000110101101100001010100010011001
0000001111110011101001011110111000110101101100100110000101010001
0000001111110011101001100001011100011010110111101100100101010001
0000001111110011101001100100101011011110110000101110001000110101
0000001111110011101001101011011110110000100010111000110010010101
0000001111110011101001101011011110110010010101000101110001100001
0000001111110011101011010010011000010111101110001101100101010001
0000001111110011101011010010011000110110010101000100001011110111
0000001111110011101011011000010101000100110010111101110001101001
0000001111110011101011011000110100100001010100010011001011110111
0000001111110011101011011001011110111000110100100110000101010001
0000001111110011101110001101001001100001010110110010111101010001
0000001111110011101110001101100001001100101000101111010101101001
0000001111110011101110001101100001011110100101011010100010011001
0000001111110011101110001101100001011110101000100110010101101001
0000001111110011101110001101100100110000101111010010101101010001
0000001111110011101110001101100101000101111010101101001001100001
0000001111110011101110001101100101011010010011000010111101010001
0000001111110100001000101101010011011000110010010101111001110111
0000001111110100001000110001011010111011001101111001001010100111
0000001111110100001000110001011010111011110011011001001010100111
0000001111110100001000110010010101001110111100110110001011010111
0000001111110100001000110010010101111001101100010110101001110111
0000001111110100001000110011011110010010101001110110001011010111
0000001111110100001001010100110001101100100010110101110111100111
0000001111110100001001010100110001101111001000101101011101100111
0000001111110100001001010100110011101100011011110010001011010111
0000001111110100001001010100111011110011001000110110001011010111
0000001111110100001001010111100100010110101001100011011101100111
0000001111110100001001010111100100010110101001100111011000110111
0000001111110100001001010111100100011011101100110001011010100111
0000001111110100001001010111100110010001101100010110101001110111
0000001111110100010000101011001001110110111001100011010100101111
0000001111110100010011100110111011010100101011000010111100011001
0000001111110100010011100110111011010100101011000110010000101111
0000001111110100010011101101010010101100001011110001101110011001
0000001111110100010011101101010010101100011011100110010000101111
0000001111110100010011101101110011001000010101100011010100101111
0000001111110100010100101111000110101011000010011101101110011001
0000001111110100010100101111000110101011001001110110111001100001
0000001111110100010110101011110010000100101001100011011101100111
0000001111110100010110101011110010000100101001100111011000110111
0000001111110100010110101011110010100110001101110110011100001001
0000001111110100010110101011110010100110011101100011011100001001
0000001111110100011000010011100010111100101011001101110110101001
0000001111110100011000010101001110001001011110011011101101011001
0000001111110100011000010111100110111011010100111000100101011001
0000001111110100011001011110001010100111001101110110101100001001
0000001111110100011001101110110101001010110001001110010000101111
0000001111110100011001101110110101100001001110010111100010101001
0000001111110100011001101110110101100001010100101111000100111001
0000001111110100011011000101101010111100110010000100101001110111
0000001111110100011011000101101010111100110010100111011100001001
0000001111110100011011010100101011000010111100010011001110111001
0000001111110100011011010100101011000100110011101110010000101111
0000001111110100011011010100101011001110111001001100001011110001
0000001111110100011011010100101011001110111001001100010000101111
0000001111110100011011100100111011010100101011001100001011110001
0000001111110100011011100100111011010100101011001100010000101111
0000001111110100011011101100001011110001001010110101001110011001
0000001111110100011011101100101011010100111000101111001100001001
0000001111110100011011101100110000100111000101111001010110101001
0000001111110100011011101100110001011010101111001000010010100111
0000001111110100011011101100110001011010101111001010011100001001
0000001111110100100010111000010011001110110101100011011110010101
0000001111110100100010111011010110011100001001100011011110010101
0000001111110100100010111011110011100001001100011011010110010101
0000001111110100100010111100101011000110111000010011001110110101
0000001111110100100010111100101011001110000100110001101110110101
0000001111110100100010111100111011100001001100101011000110110101
0000001111110100100011011010110001011100001001110111100110010101
0000001111110100100110110101011000110010100010111100111011100001
0000001111110100100110111000010001011110010101100011001110110101
0000001111110100100111000010001100010111011010110011011110010101
0000001111110100100111000010001100010111011110011011010110010101
0000001111110100100111000010001101110110011000101111001010110101
0000001111110100100111000101111001010110011011101101010001100001
0000001111110100100111000101111001010110101000110111011001100001
0000001111110100100111001010110001011110000100011001101110110101
0000001111110100100111001011110000100011001101110110101100010101
0000001111110100100111001011110001010100011001101110110101100001
0000001111110100100111011010101100010111100101000110011011100001
0000001111110100100111011010110001011100001000110011011110010101
0000001111110100100111011100001000110010101100010111100110110101
0000001111110100100111011110011011010110001011100001000110010101
0000001111110100101000101111001000010011000110111011010101100111
0000001111110100101000101111001000010011001110110101011000110111
0000001111110100101000101111001100100001001110110101011000110111
0000001111110100101000101111001101110110101011000010011100011001
0000001111110100101000101111001101110110101011000110010000100111
0000001111110100101000101111001101110110101011001001110001100001
0000001111110100101000101111001110111000110110101011000010011001
0000001111110100101000101111001110111000110110101011001001100001
0000001111110100101000110011011101101010110000100111000101111001
0000001111110100101000110011011101101010110001011110010000100111
0000001111110100101000110110101011000010011001110111000101111001
0000001111110100101000110110101011000101111001000010011001110111
0000001111110100101000110110101011000101111001100100001001110111
0000001111110100101000110110101011001110111000101111001001100001
0000001111110100101000110111000101111001001110110101011001100001
0000001111110100101000110111011010101100110001011110010000100111
0000001111110100101010000100011000101110110101100110111100100111
0000001111110100101010000100011000101110111100110110101100100111
0000001111110100101010000100011001001110111100110110101100010111
0000001111110100101010000100011001101111001001110110101100010111
0000001111110100101010000100110001101101011001000101110111100111
0000001111110100101010000100110001101111001000101110110101100111
0000001111110100101010000100110011101101011000110111100100010111
0000001111110100101010000100111011110011001000110110101100010111
0000001111110100101011000010111100110111011010100010011100011001
0000001111110100101011000010111100111011100011011010100010011001
0000001111110100101011000101111001001110110101000010001100110111
0000001111110100101011000101111001100100011011010100001001110111
0000001111110100101011000101111001101101010000100011001001110111
0000001111110100101011000110010000101111001101110110101000100111
0000001111110100101011000110010011011010100001000101111001110111
0000001111110100101011000110011101101010000100010111100100110111
0000001111110100101011000110110101000010011001000101111001110111
0000001111110100101011000110110101000100110010000101111001110111
0000001111110100101011001001100001011110011101110001101101010001
0000001111110100101011001001100011011010100010000101111001110111
0000001111110100101011001001110001100001011110011011101101010001
0000001111110100101011001001110110101000100001011110011000110111
0000001111110100101011001100001011110010011101101010001101110001
0000001111110100101011001100010000101111001001110110101000110111
0000001111110100101011001100010111100100011011101101010000100111
0000001111110100101011001101110110101000010001100010111100100111
0000001111110100101011001101110110101000110001000010111100100111
0000001111110100101011010100011011101100110000101111001001110001
0000001111110100101111001001110110111000101000110101011001100001
0000001111110100101111001100001010110010011101101110001101010001
0000001111110100101111001100011010100010000101011001001110110111
0000001111110100101111001100100001010110001101010001001110110111
0000001111110100110001101101011101111001110000100100010110010101
0000001111110100110001101110110101000010010101111001000101100111
0000001111110100110001101110110101011110010000100101000101100111
0000001111110100110001101110110101011110010100010110011100001001
0000001111110100110010000100101000101100011011010101111001110111
0000001111110100110010001011000110110101000010010101111001110111
0000001111110100110010100010110001101101010111100111011100001001
0000001111110100110010101111001110111000010010001011000110110101
0000001111110100110011101101010000100101011110010001011000110111
0000001111110100110011101101010111100100001001010001011000110111
0000001111110100110011101101010111100101000101100011011100001001
0000001111110100110011101101011100001001000101100011011110010101
0000001111110100110110101000010001011000110010010101111001110111
0000001111110100110111100100101010000100010110001100111011010111
0000001111110100111000010010001101101011101111001100010110010101
0000001111110100111000010111100110001000110111011001001010110101
0000001111110100111001100100101011010100011011101100001011110001
0000001111110100111001101110110101000110010010101100001011110001
0000001111110100111001101110110101100001010100011001001011110001
0000001111110100111001101110110101100010001100100101111000010101
0000001111110101000010001011110010011011100011001110110100101011
0000001111110101000010001011110010011011101101001010110011100011
0000001111110101000010001011110011101110001100100110110100101011
0000001111110101000010001100100101011110011011010011101110001011
0000001111110101000010001100100111011100010111100110110100101011
0000001111110101000010001100110111000101111001001110110100101011
0000001111110101000010010101111001000101100111000110111011010011
0000001111110101000010010101111001000110111011010011100010110011
0000001111110101000010010101111001100100011011010011101110001011
0000001111110101000010010101111001110111000110110100110010001011
0000001111110101000010011001000101111001110111000110110100101011
0000001111110101000010011100010111100100011011101101001010110011
0000001111110101000010011101110001011110011001000110110100101011
0000001111110101000100001010110010111100110001101001001110110111
0000001111110101000100110010101100001011110011101110001101101001
0000001111110101000100110010101100011011010010000101111001110111
0000001111110101000100111000110010101100001011110011011101101001
0000001111110101000100111011010010000101111001100101011000110111
0000001111110101000110000101111001010110011011101101001001110001
0000001111110101000110001000010111100101011001101110110100100111
0000001111110101000110001011100101011001110110100100110111100001
0000001111110101000110011011101101001000010111100101011000100111
0000001111110101000110100111011001100001011110010010101101110001
0000001111110101000110110100100001011110010101100010011001110111
0000001111110101000110110100100110000101111001010110011101110001
0000001111110101000110110100100110001000010111100101011001110111
0000001111110101000110111100001011100101011001110110100100110001
0000001111110101000110111100101011001110110100100110000101110001
0000001111110101001000010101100011010001001110110111001100101111
0000001111110101001000101111001110111000110110000100110010101101
0000001111110101001000110110000100111011100010111100110010101101
0000001111110101001000110111011001100001001110001011110010101101
0000001111110101001001100010000101110010101100111011010001101111
0000001111110101001001100111011010000101110001000110111100101011
0000001111110101001001100111011010000101110010101100010001101111
0000001111110101001001101100001000101111001110111000110010101101
0000001111110101001001101110001100111011000010001011110010101101
0000001111110101001001101110110011100011000010001011110010101101
0000001111110101001001110010101100110111011010001100001011110001
0000001111110101001001110010101100110111011010001100010000101111
0000001111110101001001110110000100011001101110001011110010101101
0000001111110101001001110110100001000110011011100010111100101011
0000001111110101001001110110100001000110011011100101011000101111
0000001111110101001001110110100011011100010000101111001010110011
0000001111110101001001110110100011011100101011001100001011110001
0000001111110101001001110110111001100001010110010111100011010001
0000001111110101001001110110111001100011010001000010101100101111
0000001111110101001001110111000101111001101100001000110010101101
0000001111110101001010110100001000101111001001101110001100111011
0000001111110101001010110100001000101111001001101110110011100011
0000001111110101001010110100001000101111001110111000110010011011
0000001111110101001010110100001000110010011101110001011110011011
0000001111110101001010110100001000110011011100100111011000101111
0000001111110101001010110100001000110011101100010111001001101111
0000001111110101001010110100001001100100010111100111011100011011
0000001111110101001010110100001001110001011110010001101110110011
0000001111110101001010110100001001110111000101111001100100011011
0000001111110101001010110100001011100010001101111001001100111011
0000001111110101001010110100001011100100110011101100010001101111
0000001111110101001010110100011011100010000101111001001110110011
0000001111110101001010110100011011100100111011001100010000101111
0000001111110101001100100010110100001001010111100111011100011011
0000001111110101001100101011110011101110001101100001001000101101
0000001111110101001100111011000100011010000101110010010101101111
0000001111110101001101000010001100111011000101110010010101101111
0000001111110101001110001011010000100101011110010001101110110011
0000001111110101001110111000101101000010001100100101011110011011
0000001111110101001110111000101101000010010101111001100100011011
0000001111110101011000010001100110111011010010011100010111100101
0000001111110101011000010001100111000101110110100100110111100101
0000001111110101011000010011001110111000101111001010001101101001
0000001111110101011000010011100010111100101000110011011101101001
0000001111110101011000010011100011001010001011110011011101101001
0000001111110101011000010011100110111011010001011110001100101001
0000001111110101011000010011101101000101111000110111001100101001
0000001111110101011000010011101101110011001011110001101000101001
0000001111110101011000010011101110001011110011001010001101101001
0000001111110101011000010111011010010011001110001000110111100101
0000001111110101011000010111100010010100111001101110110100011001
0000001111110101011000100011011110000101110110100100110011100101
0000001111110101011000101110110100001000110011100101001001101111
0000001111110101011000101110110100100110111100001000110011100101
0000001111110101011000101111000010010001100101001110011011101101
0000001111110101011000101111000010011100101001000110011011101101
0000001111110101011000101111001010001100110111011010010000100111
0000001111110101011000101111001010001101101001000010011001110111
0000001111110101011000110010100010111100110111011010010000100111
0000001111110101011000110010100100001001110011011101101000101111
0000001111110101011000110100010100100001001110110111001100101111
0000001111110101011000110110100100001001100101000101111001110111
0000001111110101011000110111001100101001000010011101101000101111
0000001111110101011001000110001001010011100001011110011011101101
0000001111110101011001001010001100001011110011011101101001110001
0000001111110101011001010001011110011011101101001001110001100001
0000001111110101011001010001011110011101110001101101001001100001
0000001111110101011001010010011100110111011010001011110001100001
0000001111110101011001010010011101101000101111000110111001100001
0000001111110101011001010011100001001000110001011110011011101101
0000001111110101011001010011100010111100110111011010001100001001
0000001111110101011001011110001101000101001001110110111001100001
0000001111110101011001100001001110001011110010100011011101101001
0000001111110101011001100001011110010100011011101101001001110001
0000001111110101011001101110110100011000010011100010111100101001
0000001111110101011001101110110100100111000010001100010111100101
0000001111110101011001101110110100100111001010001100010111100001
0000001111110101011001101110110100101000110000101111001001110001
0000001111110101011001110001000010111011010001101111001010010011
0000001111110101011001110001011101101001001101111001010001100001
0000001111110101011001110001101110110100101000101111001000010011
0000001111110101011001110010100011000101110110100100110111100001
0000001111110101011001110010100011011110000101110110100100110001
0000001111110101011001110010100100110001000010111011010001101111
0000001111110101011001110111000101111001010001101101001001100001
0000001111110101011010001011110010100100110111000110011101100001
0000001111110101011010001011110010100100110111011001110001100001
0000001111110101011010001011110011101110001100101001001101100001
0000001111110101011010001011110011101110001101100001001100101001
0000001111110101011010001100101001001110111000101111001101100001
0000001111110101011010001100110111000101111001010010011101100001
0000001111110101011010001101100001001110111000101111001100101001
0000001111110101011010001101110110000101111000100101001110011001
0000001111110101011010001101110110010100111000101111001100001001
0000001111110101011010010011100001000110111011001100010111100101
0000001111110101011010010011100010111100101000110111011001100001
0000001111110101011010010100011000101110110011100100110111100001
0000001111110101011010010100011011110000101110110011100100110001
0000001111110101011010010100011011110010011000010111011001110001
0000001111110101011010011100001011110011000100011011101100100101
0000001111110101011010011100110010010100011011101100001011110001
0000001111110101011011101100001000110011010011100010111100100101
0000001111110101011011101100010111100001000110011010011100100101
0000001111110101011011101100110000101111001001010001101001110001
0000001111110101011011101100110100111000101111001001010001100001
0000001111110101011011101100110100111001001010001100010111100001
0000001111110101011011110000101110110001000110100110011100100101
0000001111110101011011110000101110110011100100101000110100110001
0000001111110101011011110010010100011010011000010111011001110001
0000001111110101011011110010010100110011100010001101000010111011
0000001111110101011011110010010100110100001000110011100010111011
0000001111110101011110010000100101000101100111000110111011010011
0000001111110101011110010000100101000110111011010011100010110011
0000001111110101011110010000100101001110001011010001101110110011
0000001111110101011110010100010110011100011011101101001100001001
0000001111110101011110010100011011101101001110001011001100001001
0000001111110101011110010100111000101101000110111011001100001001
0000001111110101011110011001000010010100011011010011101110001011
0000001111110101011110011001000010010100111011100010110100011011
0000001111110101011110011001010001101101001110111000101100001001
0000001111110101011110011001010011101110001011010001101100001001
0000001111110101011110011101110001101101001100100001001010001011
0000001111110101011110011101110001101101001100101000101100001001
0000001111110101100001001100111011010010001011100011011110010101
0000001111110101100011001101110010101001001110110100001000101111
0000001111110101100011001110110100001000101110010101001001101111
0000001111110101100011001110110100100110111100001000101110010101
0000001111110101100100010111011110011100011011010010101000010011
0000001111110101100100011011010010101000010011100010111011110011
0000001111110101100100110110100101010000100010111011110011100011
0000001111110101100100111000101110111100110110100101010000100011
0000001111110101100110000100111000101110110100100011011110010101
0000001111110101100110001101110010101001001110110100010000101111
0000001111110101100110111100100111000101110110100101010000100011
0000001111110101100111000110000100010111011010010011011110010101
0000001111110101100111000110111100100010111011010010101000010011
0000001111110101100111011010001000010111000110111100101010010011
0000001111110101100111011010001000010111001010100100110001101111
0000001111110101100111011010010011000010111000110111100101010001
0000001111110101100111011010010011000110111100001011100101010001
0000001111110101100111011010010011011110010101000101110001100001
0000001111110101101001010100010111100100111011001101110001100001
0000001111110101101110001100110100001000101111001001010100111011
0000001111110101101110001100110100111011000010001011110010010101
0000001111110101101110001101000100001011110010010101001110110011
0000001111110101101110001101001110110011000010111100100101010001
0000001111110101101110010010101001110110001100110100001000101111
0000001111110101101110010010101001110110011000110100010000101111
0000001111110101101111001001010100110100001000101110001100111011
0000001111110101110001011000010010001101101001110111100110010101
0000001111110101110001011010000100011001001010100111011110011011
0000001111110101110001011010000100011001101111001001010100111011
0000001111110101110001011010000100101010011101111001100100011011
0000001111110101110001100111011010011011110010010101000010001011
0000001111110101110001101111001000101101000010010101001100111011
0000001111110101110001101111001010100110011101100001001000101101
0000001111110101110110011000010010001101111001010100111000101101
0000001111110101110110011011110010010101001110001011010000100011
0000001111110101110110011100011011110010001011010000100101010011
0000001111110101110110011100011011110010101001100001001000101101
0000001111110101110110100110000100100010110011100011011110010101
0000001111110101110110100110111100100101010000100010110011100011
0000001111110101110110100111000101100110000100100011011110010101
0000001111110101110110100111000101100110111100100101010000100011
0000001111110101110111100110000100100011011001010100111000101101
0000001111110101110111100110000100100011011010011100010110010101
0000001111110101110111100110110010010101001110001011010000100011
0000001111110101110111100110110100111000101100100101010000100011
0000001111110101110111100111000110110010001011010000100101010011
0000001111110101110111100111000110110010101001100001001000101101
0000001111110101110111100111000110110100110000100100010110010101
0000001111110110000100010111000110010011011110011101011010010101
0000001111110110000100010111100110100111010110111000110010010101
0000001111110110000100010111100110111000110010011101011010010101
0000001111110110000100011001001010110111000101111001101001110101
0000001111110110000100011001001101111001110001011101010110100101
0000001111110110000100011001001110001011110011011101010110100101
0000001111110110000101010001101011011101001110011001001011110001
0000001111110110000101110001000110100110010010101101111001110101
0000001111110110000101110101011011110011100010001101001100100101
0000001111110110000101111000100101011011101000110101001110011001
0000001111110110000101111001100100101011011100010001101001110101
0000001111110110000101111001100100111000100011011101010110100101
0000001111110110001000110100001011100111010100110010010101101111
0000001111110110001000110100110010010101101111000010111001110101
0000001111110110001000110101101110100111001100100101111000010101
0000001111110110001000110111001100100111010100101011010000101111
0000001111110110001001011110000101010011100110010001101011011101
0000001111110110001010100111001100101111000010010001101011011101
0000001111110110001011100111010100101011010000100011001001101111
0000001111110110001011100111010100110100001000110010010101101111
0000001111110110001011110000100011001001010110111001101001110101
0000001111110110001011110000100011001001110011011101010110100101
0000001111110110001011110000100100011010100111001100101011011101
0000001111110110001100100101010011010000100010111001110101101111
0000001111110110001100100101010011101011011100110100001000101111
0000001111110110001100100110111100001000101110011101011010010101
0000001111110110010001101010011100001011110011000100101011011101
0000001111110110010010100011010011000010111010101101111001110001
0000001111110110010010101000101111001101001110101101110001100001
0000001111110110010010101001100011010001000010111001110101101111
0000001111110110010010101001110101101110001101000100001011110011
0000001111110110010010101001110101101110011000110100010000101111
0000001111110110010010101101110001011110011010011101010001100001
0000001111110110010010101101110011010011101010001100010111100001
0000001111110110010010101101110100111000010111100110001000110101
0000001111110110010010101101111000010111001110101000110100110001
0000001111110110010010101101111001110101000110100110000101110001
0000001111110110010010111100110000101010001101011011101001110001
0000001111110110010010111100110001000110101101110100111000010101
0000001111110110010011000010111000110111100111010110100101010001
0000001111110110010011000010111010101101001010001101111001110001
0000001111110110010011000100001011100111010100101011010001101111
0000001111110110010011000110111100001011100111010110100101010001
0000001111110110010011011110011100010111010101101001010001100001
0000001111110110010011011110011101011010010101000101110001100001
0000001111110110010011100010111100110111010101101001010001100001
0000001111110110010011100110111010101101001010001100010111100001
0000001111110110010011101010010101101000110111000100001011110011
0000001111110110010011101010010101101000110111001100010000101111
0000001111110110010011101011010010101000101111001101110001100001
0000001111110110010101101110100011010100111000101111001100001001
0000001111110110010111100110001010100111000010010001101011011101
0000001111110110011000010011100010111100101011011101000110101001
0000001111110110011000010101000110101101110100101111001001110001
0000001111110110011000100011010110111010010111100100111000010101
0000001111110110011000100111000010101001011110010001101011011101
0000001111110110011000100111000010111100100011010100101011011101
0000001111110110011000101111001010110111010010011100001000110101
0000001111110110100001000101110001100101010010011011110011101011
0000001111110110100001000101110011101011000110010101001001101111
0000001111110110100001000101111001101110001100101010010011101011
0000001111110110100001000110010100100110111100111000101110101011
0000001111110110100001000110010100100111000101111001101110101011
0000001111110110100001000110010100100111001101110101011000101111
0000001111110110100001000110010101100010111001110101001001101111
0000001111110110100001011100010001101111001110101001001100101011
0000001111110110100001011100111010100100110010101100010001101111
0000001111110110100001011110011001010010011100010001101110101011
0000001111110110100010000101110001101111001110101100101010010011
0000001111110110100010000101110011101011001010100100110001101111
0000001111110110100010011100110111010110000101111000110010101001
0000001111110110100010011100110111010110001100101010010000101111
0000001111110110100010011101011000010111100011011100110010101001
0000001111110110100010011101011000110111001100101010010000101111
0000001111110110100011001101110101100001011110001001110010101001
0000001111110110100011001101110101100010011100101010010000101111
0000001111110110100011011100101010010011101011001100001011110001
0000001111110110100011011100101010010011101011001100010000101111
0000001111110110100011011101010110010100100111000100001011110011
0000001111110110100011011101010110010100100111001100010000101111
0000001111110110100011011110011100010000101110101011001010010011
0000001111110110100100001011110010101000110011011101011000100111
0000001111110110100100001011110011001010100010011101011000110111
0000001111110110100100001011110011011101011000110010101000100111
0000001111110110100100110000101110001101111001110101100101010001
0000001111110110100100110000101110101011001010001101111001110001
0000001111110110100100110001101111000010111001110101100101010001
0000001111110110100100110010101100001011100010001101111001110101
0000001111110110100100110010101100010001101111000010111001110101
0000001111110110100100110111100001000101110011101011000110010101
0000001111110110100100110111100001000110010101100010111001110101
0000001111110110100100110111100111000101110101011000010001100101
0000001111110110100100110111100111000101110101011001010001100001
0000001111110110100100110111100111010110000100010111000110010101
0000001111110110100100110111100111010110010101000101110001100001
0000001111110110100100111000100011011101010110000101111001100101
0000001111110110100100111000101111001101110101011000010001100101
0000001111110110100100111000101111001101110101011001010001100001
0000001111110110100100111000110000101111001101110101100101010001
0000001111110110100100111001101110101011000101111000010001100101
0000001111110110100100111001101110101011001010001100010111100001
0000001111110110100100111010110000100010111100110111000110010101
0000001111110110100100111010110010101000100001011110011000110111
0000001111110110100100111010110010101000101111001101110001100001
0000001111110110100100111010110011000010111100101010001101110001
0000001111110110100100111010110011000100001011110010101000110111
0000001111110110101100001011110011011101001010100010011100011001
0000001111110110101100011001000010111100110111010010101000100111
0000001111110110101100100111000110000101111001101110100101010001
0000001111110110101100100111010010101000100001011110011000110111
0000001111110110101100110000101111001001110100101010001101110001
0000001111110110101100110001000010111100100111010010101000110111
0000001111110110101100110111010010101000110000101111001001110001
0000001111110110101100110111010010101000110001000010111100100111
0000001111110110111000110100100111010110010111100110000101010001
0000001111110110111000110101100001010100010011101001011110011001
0000001111110110111000110101100100111010010111100110000101010001
0000001111110110111001001110100011010110011000010101001011110001
0000001111110110111001001110100011010110011000100001010100101111
0000001111110110111001100001010100100111010110010111100011010001
0000001111110110111001100001010100101111000110101100100111010001
0000001111110110111001100011010001000010101001001110101100101111
0000001111110110111001100011010110010011101000100001010100101111
0000001111110110111001100101111000110100010011101011000010101001
0000001111110110111010001001110011010110000101010010111100011001
0000001111110110111010001001110011010110001100100001010100101111
0000001111110110111010001100001001110001011110010101100110101001
0000001111110110111010001100001010100111000100101111001101011001
0000001111110110111010001100001011110011010100111000100101011001
0000001111110110111010001100101111000101010011100110101100001001
0000001111110110111010001100110101001010110000101111000100111001
0000001111110110111010001100110101100001001110010111100010101001
0000001111110110111010001100110101100010011100100001010100101111
0000001111110110111010010011100001000110001011110010101100110101
0000001111110110111010010011100010111100101011001101010001100001
0000001111110110111010010011100101011000101111000010001100110101
0000001111110110111010010011100101111000010001100110101100010101
0000001111110110111010010011100101111000101010001100110101100001
0000001111110110111010010101100110101000110000101111001001110001
0000001111110110111010010111100100001010100011001101011000100111
0000001111110110111010010111100110101100001010100010011100011001
0000001111110110111010010111100110101100011001000010101000100111
0000001111110110111010010111100110101100100111000110000101010001
0000001111110110111010011100110101000110010010101100001011110001
0000001111110110111010011100110101100001010100011001001011110001
0000001111110110111010011100110101100010001100100101111000010101
0000001111110110111010101100001011110001001010011100110100011001
0000001111110110111010101100010111100001000110011010010011100101
0000001111110110111010101100010111100001001000110010100111001101
0000001111110110111010101100010111100001001110010100100011001101
0000001111110110111010101100100011000100101001110000101111001101
0000001111110110111010101100100101000110000101111001101001110001
0000001111110110111010101100101001110000100100011000101111001101
0000001111110110111010101100101001110001011110011010001100001001
0000001111110110111010101100110100011000010011100010111100101001
0000001111110110111010101100110100100111000010001100010111100101
0000001111110110111010101100110100100111000101111001010001100001
0000001111110110111010101100110100101000110000101111001001110001
0000001111110110111010110000101010001001110001100101111001101001
0000001111110110111010110001100101111001101001000010101000100111
0000001111110110111010110010111100011000010101001001110011010001
0000001111110110111010110010111100110100100111000110000101010001
0000001111110110111010110011010001100001010100100111001011110001
0000001111110110111010110011010001100010000101010010011100101111
0000001111110111000100110011101001010100011011010110000101111001
0000001111110111000100110011101011000010111100101010001101101001
0000001111110111000110110100100110000101111001110101100101010001
0000001111110111000110110101100001011110011101001010100010011001
0000001111110111000110110101100100110000101111001110100101010001
0000001111110111001110101100001011110001101101000100110010101001
0000001111110111001110101100011011010001001100101010010000101111
0000001111110111001110101100101010010011000010111100011011010001
0000001111110111001110101100101010010011000110110100010000101111
0000001111110111010001101010011100010010101111001100001011011001
0000001111110111010001101010011100010110110010101111001100001001
0000001111110111010001101010011100110010101111000101101100001001
0000001111110111010001101011110001001011011000010101001110011001
0000001111110111010001101011110001010100111001100101101100001001
0000001111110111010001101011110010110110011000010011100010101001
0000001111110111010001101011110011000010101001110001001011011001
0000001111110111010010011100001000110101111001011011001100010101
0000001111110111010010011100010101000110101111001011011001100001
0000001111110111010010101000100110110101100001011110011100011001
0000001111110111010010101000100110110101100011001000010111100111
0000001111110111010010101000110000101111001001101101011001110001
0000001111110111010010101000110001000010111100100110110101100111
0000001111110111010010101000110011100010011011010110000101111001
0000001111110111010010101111001001110000101101100110001000110101
0000001111110111010010110110011000010101000110101111001001110001
0000001111110111010010110110011000100011010111100100111000010101
0000001111110111010011100001011011001001010111100110001000110101
0000001111110111010011100110010010101111000010110110001000110101
0000001111110111010011100110010010110110000101010001101011110001
0000001111110111010011100110010010110110001000110101111000010101
0000001111110111010101111000010110110001000110100111001100100101
0000001111110111010101111000010110110001001010011100110010001101
0000001111110111010101111001001110000101101100110001000110100101
0000001111110111010101111001010001101001001110001011011001100001
0000001111110111010101111001100001011011001001010001101001110001
0000001111110111010101111001100010001101001110000101101100100101
0000001111110111010101111001100010010100111000010110110010001101
0000001111110111010101111001100010110110010100111000010010001101
0000001111110111010110000101111000100110110100011001110010101001
0000001111110111010110000101111001010100011001110001001101101001
0000001111110111010110000101111001110001100101010001001101101001
0000001111110111010110001001101101000110011100101010010000101111
0000001111110111010110001001101101001000010111100101010001100111
0000001111110111010110001100101010001001101101001000010111100111
0000001111110111010110011100101010010011011010001100001011110001
0000001111110111010110011100101010010011011010001100010000101111
